date,symbol,source,name,event_types,verdict
2026-08-28,IMFA,scan,Indian Metals & Ferro Alloys Ltd,ACQUISITION,PROMISING
2026-08-28,ZEEL,scan,Zee Entertainment Enterprises Ltd,CAPITAL_RAISE,PROMISING
2026-08-28,PARAS,scan,Paras Defence and Space Technologies Ltd,ORDER_WIN,PROMISING
2026-08-28,MASTEK,scan,Mastek Ltd,ORDER_WIN,PROMISING
2026-08-28,HAPPSTMNDS,scan,Happiest Minds Technologies Ltd,RESTRUCTURING,PROMISING
2026-08-28,VIYASH,scan,Viyash Scientific Ltd,ACQUISITION,PROMISING
2026-08-28,ACI,scan,Archean Chemical Industries Ltd,ACQUISITION,PROMISING
2026-08-28,ROHLTD,scan,Royal Orchid Hotels Ltd,ORDER_WIN,PROMISING
2026-08-28,JUNIPER,scan,Juniper Hotels Ltd,ACQUISITION,PROMISING
2026-08-28,JAYKAY,scan,Jaykay Enterprises Ltd,CAPITAL_RAISE,PROMISING
2026-08-28,SIS,scan,SIS Ltd,ACQUISITION,PROMISING
2026-08-28,CARYSIL,scan,Carysil Ltd,RESTRUCTURING,PROMISING
2026-08-28,MOL,scan,Meghmani Organics Ltd,RESTRUCTURING,PROMISING
2026-08-28,RKFORGE,scan,Ramkrishna Forgings Ltd,CAPITAL_RAISE,PROMISING
2026-08-28,ORCHPHARMA,scan,Orchid Pharma Ltd,ORDER_WIN,PROMISING
2026-08-28,CENTUM,scan,Centum Electronics Ltd,RESTRUCTURING,PROMISING
2026-08-28,SONATSOFTW,scan,Sonata Software Ltd,ORDER_WIN+RESTRUCTURING,PROMISING
2026-08-28,TEAMLEASE,scan,TeamLease Services Ltd,ORDER_WIN,PROMISING
2026-08-28,PENIND,scan,Pennar Industries Ltd,CAPITAL_RAISE,PROMISING
2026-08-28,DIAMONDYD,scan,Prataap Snacks Ltd,ACQUISITION,PROMISING
2026-08-28,TEXRAIL,scan,Texmaco Rail & Engineering Ltd,ACQUISITION,PROMISING
2026-08-28,KIRIINDUS,scan,Kiri Industries Ltd,ACQUISITION,PROMISING
2026-08-28,ONWARDTEC,scan,Onward Technologies Ltd,ORDER_WIN,PROMISING
2026-08-28,MEDIASSIST,scan,Medi Assist Healthcare Services Ltd,ACQUISITION,PROMISING
2026-08-28,ARFIN,scan,Arfin India Ltd,ORDER_WIN,PROMISING
2026-08-28,POWERMECH,scan,Power Mech Projects Ltd,ORDER_WIN,PROMISING
2026-08-28,STANLEY,scan,Stanley Lifestyles Ltd,ORDER_WIN,PROMISING
2026-08-28,NAVNETEDUL,scan,Navneet Education Ltd,RESTRUCTURING,PROMISING
2026-08-28,MHRIL,scan,Mahindra Holidays & Resorts India Ltd,ACQUISITION,PROMISING
2026-08-28,MAHSEAMLES,scan,Maharashtra Seamless Ltd,RESTRUCTURING,PROMISING
2026-08-28,SPORTKING,scan,Sportking India Ltd,ACQUISITION,PROMISING
2026-08-28,RAYMOND,scan,Raymond Ltd,CAPITAL_RAISE,PROMISING
2026-08-28,CLEAN,scan,Clean Science and Technology Ltd,ACQUISITION,PROMISING
2026-08-28,WENDT,scan,Wendt (India) Ltd,ACQUISITION+CAPITAL_RAISE,PROMISING
2026-08-28,SILVERTUC,scan,Silver Touch Technologies Ltd,ORDER_WIN,PROMISING
2026-08-28,EPIGRAL,scan,Epigral Ltd,ACQUISITION,PROMISING
2026-08-28,DEEPINDS,scan,Deep Industries Ltd,ORDER_WIN,PROMISING
2026-08-28,SMARTWORKS,scan,Smartworks Coworking Spaces Ltd,ACQUISITION,PROMISING
2026-08-28,GANESHHOU,scan,Ganesh Housing Ltd,RESTRUCTURING,PROMISING
2026-08-28,KRSNAA,scan,Krsnaa Diagnostics Ltd,CAPITAL_RAISE,PROMISING
2026-08-28,SANDHAR,scan,Sandhar Technologies Ltd,ACQUISITION,PROMISING
2026-08-28,BLSE,scan,BLS E-Services Ltd,ACQUISITION,PROMISING
2026-08-28,ATLANTAELE,scan,Atlanta Electricals Ltd,ORDER_WIN,PROMISING
2026-08-28,MANORAMA,scan,Manorama Industries Ltd,CAPITAL_RAISE,PROMISING
2026-08-28,MARSONS,scan,Marsons Ltd,ORDER_WIN,PROMISING
2026-08-28,INDIANHUME,scan,Indian Hume Pipe Company Ltd,ORDER_WIN,PROMISING
2026-08-28,EFCIL,scan,EFC (I) Ltd,ACQUISITION,PROMISING
2026-08-28,HLEGLAS,scan,HLE Glascoat Ltd,ACQUISITION,PROMISING
2026-08-28,EPL,scan,EPL Ltd,ACQUISITION,PROMISING
2026-08-28,QPOWER,scan,Quality Power Electrical Equipments Ltd,ORDER_WIN,PROMISING
2026-08-28,SAIPARENT,scan,Sai Parenterals Ltd,ORDER_WIN,PROMISING
2026-08-28,ASHIANA,scan,Ashiana Housing Ltd,ORDER_WIN,PROMISING
2026-08-28,GSPCROP,scan,GSP Crop Science Ltd,RESTRUCTURING,PROMISING
2026-08-28,BCLIND,scan,BCL Industries Ltd,ACQUISITION,PROMISING
2026-08-28,SRM,scan,SRM Contractors Ltd,ORDER_WIN,PROMISING
2026-08-28,VIKRAMSOLR,scan,Vikram Solar Ltd,RESTRUCTURING,PROMISING
2026-08-28,HEG,scan,HEG Ltd,RESTRUCTURING,PROMISING
2026-08-28,UGROCAP,scan,Ugro Capital Ltd,RESTRUCTURING,PROMISING
2026-08-28,JUBLINGREA,scan,Jubilant Ingrevia Ltd,ACQUISITION,PROMISING
2026-08-28,CEATLTD,scan,Ceat Ltd,ORDER_WIN,PROMISING
2026-08-28,PRICOLLTD,scan,Pricol Ltd,RESTRUCTURING,PROMISING
2026-08-28,DIFFNKG,scan,Diffusion Engineers Ltd,ORDER_WIN,PROMISING
2026-08-28,JAGSNPHARM,scan,Jagsonpal Pharmaceuticals Ltd,ACQUISITION,PROMISING
2026-08-28,LUMAXTECH,scan,Lumax Auto Technologies Ltd,ACQUISITION,PROMISING
2026-08-28,ARIS,scan,ArisInfra Solutions Ltd,RESTRUCTURING,PROMISING
2026-08-28,NIITMTS,scan,NIIT Learning Systems Ltd,RESTRUCTURING,PROMISING
2026-08-28,ARSSBL,scan,Anand Rathi Share And Stock Brokers Ltd,ORDER_WIN,PROMISING
2026-08-28,GUFICBIO,scan,Gufic Biosciences Ltd,ACQUISITION,PROMISING
2026-08-28,JUBLPHARMA,scan,Jubilant Pharmova Ltd,ORDER_WIN,PROMISING
2026-08-28,ANURAS,scan,Anupam Rasayan India Ltd,ACQUISITION,PROMISING
2026-08-28,SAMBHV,scan,Sambhv Steel Tubes Ltd,CAPITAL_RAISE,PROMISING
2026-08-28,GKENERGY,scan,GK Energy Ltd,ORDER_WIN,PROMISING
2026-08-28,TRIDENT,scan,Trident Ltd,ACQUISITION,PROMISING
2026-08-28,PROTEAN,scan,Protean eGov Technologies Ltd,ORDER_WIN,PROMISING
2026-08-28,PICCADIL,scan,Piccadily Agro Industries Ltd,RESTRUCTURING,PROMISING
2026-08-28,SURYAROSNI,scan,Surya Roshni Ltd,ORDER_WIN,PROMISING
2026-08-28,RITES,scan,RITES Ltd,ORDER_WIN,PROMISING
2026-08-28,ASIANTILES,scan,Asian Granito India Ltd,ACQUISITION,PROMISING
2026-08-28,MMFL,scan,MM Forgings Ltd,RESTRUCTURING,PROMISING
2026-08-28,GOLDIAM,scan,Goldiam International Ltd,ORDER_WIN,PROMISING
2026-08-28,VARROC,scan,Varroc Engineering Ltd,ACQUISITION,PROMISING
2026-08-28,WAAREERTL,scan,Waaree Renewable Technologies Ltd,ORDER_WIN,PROMISING
2026-08-28,SHANTIGOLD,scan,Shanti Gold International Ltd,CAPITAL_RAISE,PROMISING
2026-08-28,RANEHOLDIN,scan,Rane Holdings Ltd,CAPITAL_RAISE,PROMISING
2026-08-28,KIRLPNU,scan,Kirloskar Pneumatic Company Ltd,ACQUISITION,PROMISING
2026-08-28,LXCHEM,scan,Laxmi Organic Industries Ltd,CAPITAL_RAISE,PROMISING
2026-08-28,ENTERO,scan,Entero Healthcare Solutions Ltd,ACQUISITION,PROMISING
2026-08-28,JLHL,scan,Jupiter Life Line Hospitals Ltd,ACQUISITION,PROMISING
2026-08-28,BBOX,scan,Black Box Ltd,ORDER_WIN,PROMISING
2026-08-28,SETL,scan,Standard Engineering Technology Ltd,ACQUISITION,PROMISING
2026-08-28,SIYSIL,scan,Siyaram Silk Mills Ltd,RESTRUCTURING,PROMISING
2026-08-28,DATAMATICS,scan,Datamatics Global Services Ltd,ACQUISITION,PROMISING
2026-08-28,PARKHOSPS,scan,Park Medi World Ltd,ACQUISITION,PROMISING
2026-08-28,TRIVENI,scan,Triveni Engineering & Industries Ltd,RESTRUCTURING,PROMISING
2026-08-28,SUDARSCHEM,scan,Sudarshan Chemical Industries Ltd,ACQUISITION,PROMISING
2026-08-28,SAMHI,scan,Samhi Hotels Ltd,ACQUISITION,PROMISING
2026-08-28,SIRCA,scan,Sirca Paints India Ltd,CAPITAL_RAISE,PROMISING
2026-08-28,ICRA,scan,ICRA Ltd,ACQUISITION,PROMISING
2026-08-28,TRANSRAILL,scan,Transrail Lighting Ltd,CAPITAL_RAISE,PROMISING
2026-08-28,DBL,scan,Dilip Buildcon Ltd,ORDER_WIN,PROMISING
2026-08-28,ASHOKA,scan,Ashoka Buildcon Ltd,ORDER_WIN,PROMISING
2026-08-28,ZUARI,scan,Zuari Agro Chemicals Ltd,ORDER_WIN,PROMISING
2026-08-28,ADFFOODS,scan,Adf Foods Ltd,ACQUISITION,PROMISING
2026-08-28,SOLEX,scan,Solex Energy Ltd,ORDER_WIN,PROMISING
2026-08-28,AURUM,scan,Aurum PropTech Ltd,CAPITAL_RAISE,PROMISING
2026-08-28,RPGLIFE,scan,RPG Life Sciences Ltd,ACQUISITION,PROMISING
2026-08-28,RAINBOW,scan,Rainbow Children's Medicare Ltd,ACQUISITION,PROMISING
2026-08-28,VESUVIUS,scan,Vesuvius India Ltd,RESTRUCTURING,PROMISING
2026-08-28,DODLA,scan,Dodla Dairy Ltd,ACQUISITION,PROMISING
2026-08-28,SHK,scan,S H Kelkar and Company Ltd,RESTRUCTURING,PROMISING
2026-08-28,TANLA,scan,Tanla Platforms Ltd,ACQUISITION,PROMISING
2026-08-28,LEMONTREE,scan,Lemon Tree Hotels Ltd,ORDER_WIN,PROMISING
2026-08-28,SOMANYCERA,scan,Somany Ceramics Ltd,RESTRUCTURING,PROMISING
2026-08-28,SENORES,scan,Senores Pharmaceuticals Ltd,CAPITAL_RAISE,PROMISING
2026-08-28,HARIOMPIPE,scan,Hariom Pipe Industries Ltd,CAPITAL_RAISE,PROMISING
2026-08-28,AKUMS,scan,Akums Drugs and Pharmaceuticals Ltd,ACQUISITION,PROMISING
2026-08-28,SAREGAMA,scan,Saregama India Ltd,ACQUISITION,PROMISING
2026-08-28,VINCOFE,scan,Vintage Coffee And Beverages Ltd,ORDER_WIN,PROMISING
2026-08-28,GRAPHITE,scan,Graphite India Ltd,ORDER_WIN,PROMISING
2026-08-28,JAMNAAUTO,scan,Jamna Auto Industries Ltd,ACQUISITION,PROMISING
2026-08-28,HITECH,scan,Hi-Tech Pipes Ltd,CAPITAL_RAISE,PROMISING
2026-08-28,GREAVESCOT,scan,Greaves Cotton Ltd,ACQUISITION,PROMISING
2026-08-28,20MICRONS,scan,20 Microns Ltd,ACQUISITION,PROMISING
2026-08-28,TVSSRICHAK,scan,TVS Srichakra Ltd,ACQUISITION,PROMISING
2026-08-28,WABAG,scan,VA Tech Wabag Ltd,ORDER_WIN,PROMISING
2026-08-28,SGMART,scan,SG Mart Ltd,ACQUISITION,PROMISING
2026-08-28,TIIL,scan,Technocraft Industries (India) Ltd,ACQUISITION,PROMISING
2026-08-28,SOBHA,scan,Sobha Ltd,CAPITAL_RAISE,PROMISING
2026-08-28,FLAIR,scan,Flair Writing Industries Ltd,ORDER_WIN,PROMISING
2026-08-28,CYIENT,scan,Cyient Ltd,ACQUISITION,PROMISING
2026-08-28,PNCINFRA,scan,PNC Infratech Ltd,ORDER_WIN,PROMISING
2026-08-28,CCAVENUE,scan,AvenuesAI Ltd,CAPITAL_RAISE,PROMISING
2026-08-28,HARDWYN,scan,Hardwyn India Ltd,ORDER_WIN,PROMISING
2026-08-28,JKTYRE,scan,JK Tyre & Industries Ltd,ACQUISITION,PROMISING
2026-08-28,IXIGO,scan,Le Travenues Technology Ltd,ORDER_WIN,PROMISING
2026-08-28,HCG,scan,HealthCare Global Enterprises Ltd,CAPITAL_RAISE,PROMISING
2026-08-28,HGINFRA,scan,H.G. Infra Engineering Ltd,ORDER_WIN,PROMISING
2026-08-28,TINNARUBR,scan,Tinna Rubber and Infrastructure Ltd,ACQUISITION,PROMISING
2026-08-28,KOLTEPATIL,scan,Kolte-Patil Developers Ltd,CAPITAL_RAISE,PROMISING
2026-08-28,AVANTEL,scan,Avantel Ltd,ORDER_WIN,PROMISING
2026-08-28,CEINSYS,scan,Ceinsys Tech Ltd,ORDER_WIN,PROMISING
2026-08-28,STERTOOLS,scan,Sterling Tools Ltd,ACQUISITION+CAPITAL_RAISE,PROMISING
2026-08-28,JKLAKSHMI,scan,JK Lakshmi Cement Ltd,ACQUISITION,PROMISING
2026-08-28,PRECWIRE,scan,Precision Wires India Ltd,CAPITAL_RAISE,PROMISING
2026-08-28,JKIL,scan,J. Kumar Infraprojects Ltd,ORDER_WIN,PROMISING
2026-08-28,MOREPENLAB,scan,Morepen Laboratories Ltd,ACQUISITION,PROMISING
2026-08-28,ADVENZYMES,scan,Advanced Enzyme Technologies Ltd,ACQUISITION,PROMISING
2026-08-28,EXCELSOFT,scan,Excelsoft Technologies Ltd,ACQUISITION,PROMISING
2026-08-28,CRIZAC,scan,Crizac Ltd,ACQUISITION,PROMISING
2026-08-28,RATEGAIN,scan,RateGain Travel Technologies Ltd,DEBT_REDUCTION,PROMISING
2026-08-29,IMFA,scan,Indian Metals & Ferro Alloys Ltd,ACQUISITION,PROMISING
2026-08-29,ZEEL,scan,Zee Entertainment Enterprises Ltd,CAPITAL_RAISE,PROMISING
2026-08-29,PARAS,scan,Paras Defence and Space Technologies Ltd,ORDER_WIN,PROMISING
2026-08-29,MASTEK,scan,Mastek Ltd,ORDER_WIN,PROMISING
2026-08-29,HAPPSTMNDS,scan,Happiest Minds Technologies Ltd,RESTRUCTURING,PROMISING
2026-08-29,VIYASH,scan,Viyash Scientific Ltd,ACQUISITION,PROMISING
2026-08-29,ACI,scan,Archean Chemical Industries Ltd,ACQUISITION,PROMISING
2026-08-29,ROHLTD,scan,Royal Orchid Hotels Ltd,ORDER_WIN,PROMISING
2026-08-29,JUNIPER,scan,Juniper Hotels Ltd,ACQUISITION,PROMISING
2026-08-29,JAYKAY,scan,Jaykay Enterprises Ltd,CAPITAL_RAISE,PROMISING
2026-08-29,SIS,scan,SIS Ltd,ACQUISITION,PROMISING
2026-08-29,CARYSIL,scan,Carysil Ltd,RESTRUCTURING,PROMISING
2026-08-29,MOL,scan,Meghmani Organics Ltd,RESTRUCTURING,PROMISING
2026-08-29,RKFORGE,scan,Ramkrishna Forgings Ltd,CAPITAL_RAISE,PROMISING
2026-08-29,ORCHPHARMA,scan,Orchid Pharma Ltd,ORDER_WIN,PROMISING
2026-08-29,CENTUM,scan,Centum Electronics Ltd,RESTRUCTURING,PROMISING
2026-08-29,SONATSOFTW,scan,Sonata Software Ltd,ORDER_WIN+RESTRUCTURING,PROMISING
2026-08-29,TEAMLEASE,scan,TeamLease Services Ltd,ORDER_WIN,PROMISING
2026-08-29,PENIND,scan,Pennar Industries Ltd,CAPITAL_RAISE,PROMISING
2026-08-29,DIAMONDYD,scan,Prataap Snacks Ltd,ACQUISITION,PROMISING
2026-08-29,TEXRAIL,scan,Texmaco Rail & Engineering Ltd,ACQUISITION,PROMISING
2026-08-29,KIRIINDUS,scan,Kiri Industries Ltd,ACQUISITION,PROMISING
2026-08-29,ONWARDTEC,scan,Onward Technologies Ltd,ORDER_WIN,PROMISING
2026-08-29,MEDIASSIST,scan,Medi Assist Healthcare Services Ltd,ACQUISITION,PROMISING
2026-08-29,ARFIN,scan,Arfin India Ltd,ORDER_WIN,PROMISING
2026-08-29,POWERMECH,scan,Power Mech Projects Ltd,ORDER_WIN,PROMISING
2026-08-29,STANLEY,scan,Stanley Lifestyles Ltd,ORDER_WIN,PROMISING
2026-08-29,NAVNETEDUL,scan,Navneet Education Ltd,RESTRUCTURING,PROMISING
2026-08-29,MHRIL,scan,Mahindra Holidays & Resorts India Ltd,ACQUISITION,PROMISING
2026-08-29,MAHSEAMLES,scan,Maharashtra Seamless Ltd,RESTRUCTURING,PROMISING
2026-08-29,SPORTKING,scan,Sportking India Ltd,ACQUISITION,PROMISING
2026-08-29,RAYMOND,scan,Raymond Ltd,CAPITAL_RAISE,PROMISING
2026-08-29,CLEAN,scan,Clean Science and Technology Ltd,ACQUISITION,PROMISING
2026-08-29,WENDT,scan,Wendt (India) Ltd,ACQUISITION+CAPITAL_RAISE,PROMISING
2026-08-29,SILVERTUC,scan,Silver Touch Technologies Ltd,ORDER_WIN,PROMISING
2026-08-29,EPIGRAL,scan,Epigral Ltd,ACQUISITION,PROMISING
2026-08-29,DEEPINDS,scan,Deep Industries Ltd,ORDER_WIN,PROMISING
2026-08-29,SMARTWORKS,scan,Smartworks Coworking Spaces Ltd,ACQUISITION,PROMISING
2026-08-29,GANESHHOU,scan,Ganesh Housing Ltd,RESTRUCTURING,PROMISING
2026-08-29,KRSNAA,scan,Krsnaa Diagnostics Ltd,CAPITAL_RAISE,PROMISING
2026-08-29,SANDHAR,scan,Sandhar Technologies Ltd,ACQUISITION,PROMISING
2026-08-29,BLSE,scan,BLS E-Services Ltd,ACQUISITION,PROMISING
2026-08-29,ATLANTAELE,scan,Atlanta Electricals Ltd,ORDER_WIN,PROMISING
2026-08-29,MANORAMA,scan,Manorama Industries Ltd,CAPITAL_RAISE,PROMISING
2026-08-29,MARSONS,scan,Marsons Ltd,ORDER_WIN,PROMISING
2026-08-29,INDIANHUME,scan,Indian Hume Pipe Company Ltd,ORDER_WIN,PROMISING
2026-08-29,EFCIL,scan,EFC (I) Ltd,ACQUISITION,PROMISING
2026-08-29,HLEGLAS,scan,HLE Glascoat Ltd,ACQUISITION,PROMISING
2026-08-29,EPL,scan,EPL Ltd,ACQUISITION,PROMISING
2026-08-29,QPOWER,scan,Quality Power Electrical Equipments Ltd,ORDER_WIN,PROMISING
2026-08-29,SAIPARENT,scan,Sai Parenterals Ltd,ORDER_WIN,PROMISING
2026-08-29,ASHIANA,scan,Ashiana Housing Ltd,ORDER_WIN,PROMISING
2026-08-29,GSPCROP,scan,GSP Crop Science Ltd,RESTRUCTURING,PROMISING
2026-08-29,BCLIND,scan,BCL Industries Ltd,ACQUISITION,PROMISING
2026-08-29,SRM,scan,SRM Contractors Ltd,ORDER_WIN,PROMISING
2026-08-29,VIKRAMSOLR,scan,Vikram Solar Ltd,RESTRUCTURING,PROMISING
2026-08-29,HEG,scan,HEG Ltd,RESTRUCTURING,PROMISING
2026-08-29,UGROCAP,scan,Ugro Capital Ltd,RESTRUCTURING,PROMISING
2026-08-29,JUBLINGREA,scan,Jubilant Ingrevia Ltd,ACQUISITION,PROMISING
2026-08-29,CEATLTD,scan,Ceat Ltd,ORDER_WIN,PROMISING
2026-08-29,PRICOLLTD,scan,Pricol Ltd,RESTRUCTURING,PROMISING
2026-08-29,DIFFNKG,scan,Diffusion Engineers Ltd,ORDER_WIN,PROMISING
2026-08-29,JAGSNPHARM,scan,Jagsonpal Pharmaceuticals Ltd,ACQUISITION,PROMISING
2026-08-29,LUMAXTECH,scan,Lumax Auto Technologies Ltd,ACQUISITION,PROMISING
2026-08-29,ARIS,scan,ArisInfra Solutions Ltd,RESTRUCTURING,PROMISING
2026-08-29,NIITMTS,scan,NIIT Learning Systems Ltd,RESTRUCTURING,PROMISING
2026-08-29,ARSSBL,scan,Anand Rathi Share And Stock Brokers Ltd,ORDER_WIN,PROMISING
2026-08-29,GUFICBIO,scan,Gufic Biosciences Ltd,ACQUISITION,PROMISING
2026-08-29,JUBLPHARMA,scan,Jubilant Pharmova Ltd,ORDER_WIN,PROMISING
2026-08-29,ANURAS,scan,Anupam Rasayan India Ltd,ACQUISITION,PROMISING
2026-08-29,SAMBHV,scan,Sambhv Steel Tubes Ltd,CAPITAL_RAISE,PROMISING
2026-08-29,GKENERGY,scan,GK Energy Ltd,ORDER_WIN,PROMISING
2026-08-29,TRIDENT,scan,Trident Ltd,ACQUISITION,PROMISING
2026-08-29,PROTEAN,scan,Protean eGov Technologies Ltd,ORDER_WIN,PROMISING
2026-08-29,PICCADIL,scan,Piccadily Agro Industries Ltd,RESTRUCTURING,PROMISING
2026-08-29,SURYAROSNI,scan,Surya Roshni Ltd,ORDER_WIN,PROMISING
2026-08-29,RITES,scan,RITES Ltd,ORDER_WIN,PROMISING
2026-08-29,ASIANTILES,scan,Asian Granito India Ltd,ACQUISITION,PROMISING
2026-08-29,MMFL,scan,MM Forgings Ltd,RESTRUCTURING,PROMISING
2026-08-29,GOLDIAM,scan,Goldiam International Ltd,ORDER_WIN,PROMISING
2026-08-29,VARROC,scan,Varroc Engineering Ltd,ACQUISITION,PROMISING
2026-08-29,WAAREERTL,scan,Waaree Renewable Technologies Ltd,ORDER_WIN,PROMISING
2026-08-29,SHANTIGOLD,scan,Shanti Gold International Ltd,CAPITAL_RAISE,PROMISING
2026-08-29,RANEHOLDIN,scan,Rane Holdings Ltd,CAPITAL_RAISE,PROMISING
2026-08-29,KIRLPNU,scan,Kirloskar Pneumatic Company Ltd,ACQUISITION,PROMISING
2026-08-29,LXCHEM,scan,Laxmi Organic Industries Ltd,CAPITAL_RAISE,PROMISING
2026-08-29,ENTERO,scan,Entero Healthcare Solutions Ltd,ACQUISITION,PROMISING
2026-08-29,JLHL,scan,Jupiter Life Line Hospitals Ltd,ACQUISITION,PROMISING
2026-08-29,BBOX,scan,Black Box Ltd,ORDER_WIN,PROMISING
2026-08-29,SETL,scan,Standard Engineering Technology Ltd,ACQUISITION,PROMISING
2026-08-29,SIYSIL,scan,Siyaram Silk Mills Ltd,RESTRUCTURING,PROMISING
2026-08-29,DATAMATICS,scan,Datamatics Global Services Ltd,ACQUISITION,PROMISING
2026-08-29,PARKHOSPS,scan,Park Medi World Ltd,ACQUISITION,PROMISING
2026-08-29,TRIVENI,scan,Triveni Engineering & Industries Ltd,RESTRUCTURING,PROMISING
2026-08-29,SUDARSCHEM,scan,Sudarshan Chemical Industries Ltd,ACQUISITION,PROMISING
2026-08-29,SAMHI,scan,Samhi Hotels Ltd,ACQUISITION,PROMISING
2026-08-29,SIRCA,scan,Sirca Paints India Ltd,CAPITAL_RAISE,PROMISING
2026-08-29,ICRA,scan,ICRA Ltd,ACQUISITION,PROMISING
2026-08-29,TRANSRAILL,scan,Transrail Lighting Ltd,CAPITAL_RAISE,PROMISING
2026-08-29,DBL,scan,Dilip Buildcon Ltd,ORDER_WIN,PROMISING
2026-08-29,ASHOKA,scan,Ashoka Buildcon Ltd,ORDER_WIN,PROMISING
2026-08-29,ZUARI,scan,Zuari Agro Chemicals Ltd,ORDER_WIN,PROMISING
2026-08-29,ADFFOODS,scan,Adf Foods Ltd,ACQUISITION,PROMISING
2026-08-29,SOLEX,scan,Solex Energy Ltd,ORDER_WIN,PROMISING
2026-08-29,AURUM,scan,Aurum PropTech Ltd,CAPITAL_RAISE,PROMISING
2026-08-29,RPGLIFE,scan,RPG Life Sciences Ltd,ACQUISITION,PROMISING
2026-08-29,RAINBOW,scan,Rainbow Children's Medicare Ltd,ACQUISITION,PROMISING
2026-08-29,VESUVIUS,scan,Vesuvius India Ltd,RESTRUCTURING,PROMISING
2026-08-29,DODLA,scan,Dodla Dairy Ltd,ACQUISITION,PROMISING
2026-08-29,SHK,scan,S H Kelkar and Company Ltd,RESTRUCTURING,PROMISING
2026-08-29,TANLA,scan,Tanla Platforms Ltd,ACQUISITION,PROMISING
2026-08-29,LEMONTREE,scan,Lemon Tree Hotels Ltd,ORDER_WIN,PROMISING
2026-08-29,SOMANYCERA,scan,Somany Ceramics Ltd,RESTRUCTURING,PROMISING
2026-08-29,SENORES,scan,Senores Pharmaceuticals Ltd,CAPITAL_RAISE,PROMISING
2026-08-29,HARIOMPIPE,scan,Hariom Pipe Industries Ltd,CAPITAL_RAISE,PROMISING
2026-08-29,AKUMS,scan,Akums Drugs and Pharmaceuticals Ltd,ACQUISITION,PROMISING
2026-08-29,SAREGAMA,scan,Saregama India Ltd,ACQUISITION,PROMISING
2026-08-29,VINCOFE,scan,Vintage Coffee And Beverages Ltd,ORDER_WIN,PROMISING
2026-08-29,GRAPHITE,scan,Graphite India Ltd,ORDER_WIN,PROMISING
2026-08-29,JAMNAAUTO,scan,Jamna Auto Industries Ltd,ACQUISITION,PROMISING
2026-08-29,HITECH,scan,Hi-Tech Pipes Ltd,CAPITAL_RAISE,PROMISING
2026-08-29,GREAVESCOT,scan,Greaves Cotton Ltd,ACQUISITION,PROMISING
2026-08-29,20MICRONS,scan,20 Microns Ltd,ACQUISITION,PROMISING
2026-08-29,TVSSRICHAK,scan,TVS Srichakra Ltd,ACQUISITION,PROMISING
2026-08-29,WABAG,scan,VA Tech Wabag Ltd,ORDER_WIN,PROMISING
2026-08-29,SGMART,scan,SG Mart Ltd,ACQUISITION,PROMISING
2026-08-29,TIIL,scan,Technocraft Industries (India) Ltd,ACQUISITION,PROMISING
2026-08-29,SOBHA,scan,Sobha Ltd,CAPITAL_RAISE,PROMISING
2026-08-29,FLAIR,scan,Flair Writing Industries Ltd,ORDER_WIN,PROMISING
2026-08-29,CYIENT,scan,Cyient Ltd,ACQUISITION,PROMISING
2026-08-29,PNCINFRA,scan,PNC Infratech Ltd,ORDER_WIN,PROMISING
2026-08-29,CCAVENUE,scan,AvenuesAI Ltd,CAPITAL_RAISE,PROMISING
2026-08-29,HARDWYN,scan,Hardwyn India Ltd,ORDER_WIN,PROMISING
2026-08-29,JKTYRE,scan,JK Tyre & Industries Ltd,ACQUISITION,PROMISING
2026-08-29,IXIGO,scan,Le Travenues Technology Ltd,ORDER_WIN,PROMISING
2026-08-29,HCG,scan,HealthCare Global Enterprises Ltd,CAPITAL_RAISE,PROMISING
2026-08-29,HGINFRA,scan,H.G. Infra Engineering Ltd,ORDER_WIN,PROMISING
2026-08-29,TINNARUBR,scan,Tinna Rubber and Infrastructure Ltd,ACQUISITION,PROMISING
2026-08-29,KOLTEPATIL,scan,Kolte-Patil Developers Ltd,CAPITAL_RAISE,PROMISING
2026-08-29,AVANTEL,scan,Avantel Ltd,ORDER_WIN,PROMISING
2026-08-29,CEINSYS,scan,Ceinsys Tech Ltd,ORDER_WIN,PROMISING
2026-08-29,STERTOOLS,scan,Sterling Tools Ltd,ACQUISITION+CAPITAL_RAISE,PROMISING
2026-08-29,JKLAKSHMI,scan,JK Lakshmi Cement Ltd,ACQUISITION,PROMISING
2026-08-29,PRECWIRE,scan,Precision Wires India Ltd,CAPITAL_RAISE,PROMISING
2026-08-29,JKIL,scan,J. Kumar Infraprojects Ltd,ORDER_WIN,PROMISING
2026-08-29,MOREPENLAB,scan,Morepen Laboratories Ltd,ACQUISITION,PROMISING
2026-08-29,ADVENZYMES,scan,Advanced Enzyme Technologies Ltd,ACQUISITION,PROMISING
2026-08-29,EXCELSOFT,scan,Excelsoft Technologies Ltd,ACQUISITION,PROMISING
2026-08-29,CRIZAC,scan,Crizac Ltd,ACQUISITION,PROMISING
2026-08-29,RATEGAIN,scan,RateGain Travel Technologies Ltd,DEBT_REDUCTION,PROMISING
2026-08-30,IMFA,scan,Indian Metals & Ferro Alloys Ltd,ACQUISITION,PROMISING
2026-08-30,ZEEL,scan,Zee Entertainment Enterprises Ltd,CAPITAL_RAISE,PROMISING
2026-08-30,PARAS,scan,Paras Defence and Space Technologies Ltd,ORDER_WIN,PROMISING
2026-08-30,MASTEK,scan,Mastek Ltd,ORDER_WIN,PROMISING
2026-08-30,HAPPSTMNDS,scan,Happiest Minds Technologies Ltd,RESTRUCTURING,PROMISING
2026-08-30,VIYASH,scan,Viyash Scientific Ltd,ACQUISITION,PROMISING
2026-08-30,ACI,scan,Archean Chemical Industries Ltd,ACQUISITION,PROMISING
2026-08-30,ROHLTD,scan,Royal Orchid Hotels Ltd,ORDER_WIN,PROMISING
2026-08-30,JUNIPER,scan,Juniper Hotels Ltd,ACQUISITION,PROMISING
2026-08-30,JAYKAY,scan,Jaykay Enterprises Ltd,CAPITAL_RAISE,PROMISING
2026-08-30,SIS,scan,SIS Ltd,ACQUISITION,PROMISING
2026-08-30,CARYSIL,scan,Carysil Ltd,RESTRUCTURING,PROMISING
2026-08-30,MOL,scan,Meghmani Organics Ltd,RESTRUCTURING,PROMISING
2026-08-30,RKFORGE,scan,Ramkrishna Forgings Ltd,CAPITAL_RAISE,PROMISING
2026-08-30,ORCHPHARMA,scan,Orchid Pharma Ltd,ORDER_WIN,PROMISING
2026-08-30,CENTUM,scan,Centum Electronics Ltd,RESTRUCTURING,PROMISING
2026-08-30,SONATSOFTW,scan,Sonata Software Ltd,ORDER_WIN+RESTRUCTURING,PROMISING
2026-08-30,TEAMLEASE,scan,TeamLease Services Ltd,ORDER_WIN,PROMISING
2026-08-30,PENIND,scan,Pennar Industries Ltd,CAPITAL_RAISE,PROMISING
2026-08-30,DIAMONDYD,scan,Prataap Snacks Ltd,ACQUISITION,PROMISING
2026-08-30,TEXRAIL,scan,Texmaco Rail & Engineering Ltd,ACQUISITION,PROMISING
2026-08-30,KIRIINDUS,scan,Kiri Industries Ltd,ACQUISITION,PROMISING
2026-08-30,ONWARDTEC,scan,Onward Technologies Ltd,ORDER_WIN,PROMISING
2026-08-30,MEDIASSIST,scan,Medi Assist Healthcare Services Ltd,ACQUISITION,PROMISING
2026-08-30,ARFIN,scan,Arfin India Ltd,ORDER_WIN,PROMISING
2026-08-30,POWERMECH,scan,Power Mech Projects Ltd,ORDER_WIN,PROMISING
2026-08-30,STANLEY,scan,Stanley Lifestyles Ltd,ORDER_WIN,PROMISING
2026-08-30,NAVNETEDUL,scan,Navneet Education Ltd,RESTRUCTURING,PROMISING
2026-08-30,MHRIL,scan,Mahindra Holidays & Resorts India Ltd,ACQUISITION,PROMISING
2026-08-30,MAHSEAMLES,scan,Maharashtra Seamless Ltd,RESTRUCTURING,PROMISING
2026-08-30,SPORTKING,scan,Sportking India Ltd,ACQUISITION,PROMISING
2026-08-30,RAYMOND,scan,Raymond Ltd,CAPITAL_RAISE,PROMISING
2026-08-30,CLEAN,scan,Clean Science and Technology Ltd,ACQUISITION,PROMISING
2026-08-30,WENDT,scan,Wendt (India) Ltd,ACQUISITION+CAPITAL_RAISE,PROMISING
2026-08-30,SILVERTUC,scan,Silver Touch Technologies Ltd,ORDER_WIN,PROMISING
2026-08-30,EPIGRAL,scan,Epigral Ltd,ACQUISITION,PROMISING
2026-08-30,DEEPINDS,scan,Deep Industries Ltd,ORDER_WIN,PROMISING
2026-08-30,SMARTWORKS,scan,Smartworks Coworking Spaces Ltd,ACQUISITION,PROMISING
2026-08-30,GANESHHOU,scan,Ganesh Housing Ltd,RESTRUCTURING,PROMISING
2026-08-30,KRSNAA,scan,Krsnaa Diagnostics Ltd,CAPITAL_RAISE,PROMISING
2026-08-30,SANDHAR,scan,Sandhar Technologies Ltd,ACQUISITION,PROMISING
2026-08-30,BLSE,scan,BLS E-Services Ltd,ACQUISITION,PROMISING
2026-08-30,ATLANTAELE,scan,Atlanta Electricals Ltd,ORDER_WIN,PROMISING
2026-08-30,MANORAMA,scan,Manorama Industries Ltd,CAPITAL_RAISE,PROMISING
2026-08-30,MARSONS,scan,Marsons Ltd,ORDER_WIN,PROMISING
2026-08-30,INDIANHUME,scan,Indian Hume Pipe Company Ltd,ORDER_WIN,PROMISING
2026-08-30,EFCIL,scan,EFC (I) Ltd,ACQUISITION,PROMISING
2026-08-30,HLEGLAS,scan,HLE Glascoat Ltd,ACQUISITION,PROMISING
2026-08-30,EPL,scan,EPL Ltd,ACQUISITION,PROMISING
2026-08-30,QPOWER,scan,Quality Power Electrical Equipments Ltd,ORDER_WIN,PROMISING
2026-08-30,SAIPARENT,scan,Sai Parenterals Ltd,ORDER_WIN,PROMISING
2026-08-30,ASHIANA,scan,Ashiana Housing Ltd,ORDER_WIN,PROMISING
2026-08-30,GSPCROP,scan,GSP Crop Science Ltd,RESTRUCTURING,PROMISING
2026-08-30,BCLIND,scan,BCL Industries Ltd,ACQUISITION,PROMISING
2026-08-30,SRM,scan,SRM Contractors Ltd,ORDER_WIN,PROMISING
2026-08-30,VIKRAMSOLR,scan,Vikram Solar Ltd,RESTRUCTURING,PROMISING
2026-08-30,HEG,scan,HEG Ltd,RESTRUCTURING,PROMISING
2026-08-30,UGROCAP,scan,Ugro Capital Ltd,RESTRUCTURING,PROMISING
2026-08-30,JUBLINGREA,scan,Jubilant Ingrevia Ltd,ACQUISITION,PROMISING
2026-08-30,CEATLTD,scan,Ceat Ltd,ORDER_WIN,PROMISING
2026-08-30,PRICOLLTD,scan,Pricol Ltd,RESTRUCTURING,PROMISING
2026-08-30,DIFFNKG,scan,Diffusion Engineers Ltd,ORDER_WIN,PROMISING
2026-08-30,JAGSNPHARM,scan,Jagsonpal Pharmaceuticals Ltd,ACQUISITION,PROMISING
2026-08-30,LUMAXTECH,scan,Lumax Auto Technologies Ltd,ACQUISITION,PROMISING
2026-08-30,ARIS,scan,ArisInfra Solutions Ltd,RESTRUCTURING,PROMISING
2026-08-30,NIITMTS,scan,NIIT Learning Systems Ltd,RESTRUCTURING,PROMISING
2026-08-30,ARSSBL,scan,Anand Rathi Share And Stock Brokers Ltd,ORDER_WIN,PROMISING
2026-08-30,GUFICBIO,scan,Gufic Biosciences Ltd,ACQUISITION,PROMISING
2026-08-30,JUBLPHARMA,scan,Jubilant Pharmova Ltd,ORDER_WIN,PROMISING
2026-08-30,ANURAS,scan,Anupam Rasayan India Ltd,ACQUISITION,PROMISING
2026-08-30,SAMBHV,scan,Sambhv Steel Tubes Ltd,CAPITAL_RAISE,PROMISING
2026-08-30,GKENERGY,scan,GK Energy Ltd,ORDER_WIN,PROMISING
2026-08-30,TRIDENT,scan,Trident Ltd,ACQUISITION,PROMISING
2026-08-30,PROTEAN,scan,Protean eGov Technologies Ltd,ORDER_WIN,PROMISING
2026-08-30,PICCADIL,scan,Piccadily Agro Industries Ltd,RESTRUCTURING,PROMISING
2026-08-30,SURYAROSNI,scan,Surya Roshni Ltd,ORDER_WIN,PROMISING
2026-08-30,RITES,scan,RITES Ltd,ORDER_WIN,PROMISING
2026-08-30,ASIANTILES,scan,Asian Granito India Ltd,ACQUISITION,PROMISING
2026-08-30,MMFL,scan,MM Forgings Ltd,RESTRUCTURING,PROMISING
2026-08-30,GOLDIAM,scan,Goldiam International Ltd,ORDER_WIN,PROMISING
2026-08-30,VARROC,scan,Varroc Engineering Ltd,ACQUISITION,PROMISING
2026-08-30,WAAREERTL,scan,Waaree Renewable Technologies Ltd,ORDER_WIN,PROMISING
2026-08-30,SHANTIGOLD,scan,Shanti Gold International Ltd,CAPITAL_RAISE,PROMISING
2026-08-30,RANEHOLDIN,scan,Rane Holdings Ltd,CAPITAL_RAISE,PROMISING
2026-08-30,KIRLPNU,scan,Kirloskar Pneumatic Company Ltd,ACQUISITION,PROMISING
2026-08-30,LXCHEM,scan,Laxmi Organic Industries Ltd,CAPITAL_RAISE,PROMISING
2026-08-30,ENTERO,scan,Entero Healthcare Solutions Ltd,ACQUISITION,PROMISING
2026-08-30,JLHL,scan,Jupiter Life Line Hospitals Ltd,ACQUISITION,PROMISING
2026-08-30,BBOX,scan,Black Box Ltd,ORDER_WIN,PROMISING
2026-08-30,SETL,scan,Standard Engineering Technology Ltd,ACQUISITION,PROMISING
2026-08-30,SIYSIL,scan,Siyaram Silk Mills Ltd,RESTRUCTURING,PROMISING
2026-08-30,DATAMATICS,scan,Datamatics Global Services Ltd,ACQUISITION,PROMISING
2026-08-30,PARKHOSPS,scan,Park Medi World Ltd,ACQUISITION,PROMISING
2026-08-30,TRIVENI,scan,Triveni Engineering & Industries Ltd,RESTRUCTURING,PROMISING
2026-08-30,SUDARSCHEM,scan,Sudarshan Chemical Industries Ltd,ACQUISITION,PROMISING
2026-08-30,SAMHI,scan,Samhi Hotels Ltd,ACQUISITION,PROMISING
2026-08-30,SIRCA,scan,Sirca Paints India Ltd,CAPITAL_RAISE,PROMISING
2026-08-30,ICRA,scan,ICRA Ltd,ACQUISITION,PROMISING
2026-08-30,TRANSRAILL,scan,Transrail Lighting Ltd,CAPITAL_RAISE,PROMISING
2026-08-30,DBL,scan,Dilip Buildcon Ltd,ORDER_WIN,PROMISING
2026-08-30,ASHOKA,scan,Ashoka Buildcon Ltd,ORDER_WIN,PROMISING
2026-08-30,ZUARI,scan,Zuari Agro Chemicals Ltd,ORDER_WIN,PROMISING
2026-08-30,ADFFOODS,scan,Adf Foods Ltd,ACQUISITION,PROMISING
2026-08-30,SOLEX,scan,Solex Energy Ltd,ORDER_WIN,PROMISING
2026-08-30,AURUM,scan,Aurum PropTech Ltd,CAPITAL_RAISE,PROMISING
2026-08-30,RPGLIFE,scan,RPG Life Sciences Ltd,ACQUISITION,PROMISING
2026-08-30,RAINBOW,scan,Rainbow Children's Medicare Ltd,ACQUISITION,PROMISING
2026-08-30,VESUVIUS,scan,Vesuvius India Ltd,RESTRUCTURING,PROMISING
2026-08-30,DODLA,scan,Dodla Dairy Ltd,ACQUISITION,PROMISING
2026-08-30,SHK,scan,S H Kelkar and Company Ltd,RESTRUCTURING,PROMISING
2026-08-30,TANLA,scan,Tanla Platforms Ltd,ACQUISITION,PROMISING
2026-08-30,LEMONTREE,scan,Lemon Tree Hotels Ltd,ORDER_WIN,PROMISING
2026-08-30,SOMANYCERA,scan,Somany Ceramics Ltd,RESTRUCTURING,PROMISING
2026-08-30,SENORES,scan,Senores Pharmaceuticals Ltd,CAPITAL_RAISE,PROMISING
2026-08-30,HARIOMPIPE,scan,Hariom Pipe Industries Ltd,CAPITAL_RAISE,PROMISING
2026-08-30,AKUMS,scan,Akums Drugs and Pharmaceuticals Ltd,ACQUISITION,PROMISING
2026-08-30,SAREGAMA,scan,Saregama India Ltd,ACQUISITION,PROMISING
2026-08-30,VINCOFE,scan,Vintage Coffee And Beverages Ltd,ORDER_WIN,PROMISING
2026-08-30,GRAPHITE,scan,Graphite India Ltd,ORDER_WIN,PROMISING
2026-08-30,JAMNAAUTO,scan,Jamna Auto Industries Ltd,ACQUISITION,PROMISING
2026-08-30,HITECH,scan,Hi-Tech Pipes Ltd,CAPITAL_RAISE,PROMISING
2026-08-30,GREAVESCOT,scan,Greaves Cotton Ltd,ACQUISITION,PROMISING
2026-08-30,20MICRONS,scan,20 Microns Ltd,ACQUISITION,PROMISING
2026-08-30,TVSSRICHAK,scan,TVS Srichakra Ltd,ACQUISITION,PROMISING
2026-08-30,WABAG,scan,VA Tech Wabag Ltd,ORDER_WIN,PROMISING
2026-08-30,SGMART,scan,SG Mart Ltd,ACQUISITION,PROMISING
2026-08-30,TIIL,scan,Technocraft Industries (India) Ltd,ACQUISITION,PROMISING
2026-08-30,SOBHA,scan,Sobha Ltd,CAPITAL_RAISE,PROMISING
2026-08-30,FLAIR,scan,Flair Writing Industries Ltd,ORDER_WIN,PROMISING
2026-08-30,CYIENT,scan,Cyient Ltd,ACQUISITION,PROMISING
2026-08-30,PNCINFRA,scan,PNC Infratech Ltd,ORDER_WIN,PROMISING
2026-08-30,CCAVENUE,scan,AvenuesAI Ltd,CAPITAL_RAISE,PROMISING
2026-08-30,HARDWYN,scan,Hardwyn India Ltd,ORDER_WIN,PROMISING
2026-08-30,JKTYRE,scan,JK Tyre & Industries Ltd,ACQUISITION,PROMISING
2026-08-30,IXIGO,scan,Le Travenues Technology Ltd,ORDER_WIN,PROMISING
2026-08-30,HCG,scan,HealthCare Global Enterprises Ltd,CAPITAL_RAISE,PROMISING
2026-08-30,HGINFRA,scan,H.G. Infra Engineering Ltd,ORDER_WIN,PROMISING
2026-08-30,TINNARUBR,scan,Tinna Rubber and Infrastructure Ltd,ACQUISITION,PROMISING
2026-08-30,KOLTEPATIL,scan,Kolte-Patil Developers Ltd,CAPITAL_RAISE,PROMISING
2026-08-30,AVANTEL,scan,Avantel Ltd,ORDER_WIN,PROMISING
2026-08-30,CEINSYS,scan,Ceinsys Tech Ltd,ORDER_WIN,PROMISING
2026-08-30,STERTOOLS,scan,Sterling Tools Ltd,ACQUISITION+CAPITAL_RAISE,PROMISING
2026-08-30,JKLAKSHMI,scan,JK Lakshmi Cement Ltd,ACQUISITION,PROMISING
2026-08-30,PRECWIRE,scan,Precision Wires India Ltd,CAPITAL_RAISE,PROMISING
2026-08-30,JKIL,scan,J. Kumar Infraprojects Ltd,ORDER_WIN,PROMISING
2026-08-30,MOREPENLAB,scan,Morepen Laboratories Ltd,ACQUISITION,PROMISING
2026-08-30,ADVENZYMES,scan,Advanced Enzyme Technologies Ltd,ACQUISITION,PROMISING
2026-08-30,EXCELSOFT,scan,Excelsoft Technologies Ltd,ACQUISITION,PROMISING
2026-08-30,CRIZAC,scan,Crizac Ltd,ACQUISITION,PROMISING
2026-08-30,RATEGAIN,scan,RateGain Travel Technologies Ltd,DEBT_REDUCTION,PROMISING
2026-08-31,IMFA,scan,Indian Metals & Ferro Alloys Ltd,ACQUISITION,PROMISING
2026-08-31,ZEEL,scan,Zee Entertainment Enterprises Ltd,CAPITAL_RAISE,PROMISING
2026-08-31,PARAS,scan,Paras Defence and Space Technologies Ltd,ORDER_WIN,PROMISING
2026-08-31,MASTEK,scan,Mastek Ltd,ORDER_WIN,PROMISING
2026-08-31,HAPPSTMNDS,scan,Happiest Minds Technologies Ltd,RESTRUCTURING,PROMISING
2026-08-31,VIYASH,scan,Viyash Scientific Ltd,ACQUISITION,PROMISING
2026-08-31,ACI,scan,Archean Chemical Industries Ltd,ACQUISITION,PROMISING
2026-08-31,ROHLTD,scan,Royal Orchid Hotels Ltd,ORDER_WIN,PROMISING
2026-08-31,JUNIPER,scan,Juniper Hotels Ltd,ACQUISITION,PROMISING
2026-08-31,JAYKAY,scan,Jaykay Enterprises Ltd,CAPITAL_RAISE,PROMISING
2026-08-31,SIS,scan,SIS Ltd,ACQUISITION,PROMISING
2026-08-31,CARYSIL,scan,Carysil Ltd,RESTRUCTURING,PROMISING
2026-08-31,MOL,scan,Meghmani Organics Ltd,RESTRUCTURING,PROMISING
2026-08-31,RKFORGE,scan,Ramkrishna Forgings Ltd,CAPITAL_RAISE,PROMISING
2026-08-31,ORCHPHARMA,scan,Orchid Pharma Ltd,ORDER_WIN,PROMISING
2026-08-31,CENTUM,scan,Centum Electronics Ltd,RESTRUCTURING,PROMISING
2026-08-31,SONATSOFTW,scan,Sonata Software Ltd,ORDER_WIN+RESTRUCTURING,PROMISING
2026-08-31,TEAMLEASE,scan,TeamLease Services Ltd,ORDER_WIN,PROMISING
2026-08-31,PENIND,scan,Pennar Industries Ltd,CAPITAL_RAISE,PROMISING
2026-08-31,DIAMONDYD,scan,Prataap Snacks Ltd,ACQUISITION,PROMISING
2026-08-31,TEXRAIL,scan,Texmaco Rail & Engineering Ltd,ACQUISITION,PROMISING
2026-08-31,KIRIINDUS,scan,Kiri Industries Ltd,ACQUISITION,PROMISING
2026-08-31,ONWARDTEC,scan,Onward Technologies Ltd,ORDER_WIN,PROMISING
2026-08-31,MEDIASSIST,scan,Medi Assist Healthcare Services Ltd,ACQUISITION,PROMISING
2026-08-31,ARFIN,scan,Arfin India Ltd,ORDER_WIN,PROMISING
2026-08-31,POWERMECH,scan,Power Mech Projects Ltd,ORDER_WIN,PROMISING
2026-08-31,STANLEY,scan,Stanley Lifestyles Ltd,ORDER_WIN,PROMISING
2026-08-31,NAVNETEDUL,scan,Navneet Education Ltd,RESTRUCTURING,PROMISING
2026-08-31,MHRIL,scan,Mahindra Holidays & Resorts India Ltd,ACQUISITION,PROMISING
2026-08-31,MAHSEAMLES,scan,Maharashtra Seamless Ltd,RESTRUCTURING,PROMISING
2026-08-31,SPORTKING,scan,Sportking India Ltd,ACQUISITION,PROMISING
2026-08-31,RAYMOND,scan,Raymond Ltd,CAPITAL_RAISE,PROMISING
2026-08-31,CLEAN,scan,Clean Science and Technology Ltd,ACQUISITION,PROMISING
2026-08-31,WENDT,scan,Wendt (India) Ltd,ACQUISITION+CAPITAL_RAISE,PROMISING
2026-08-31,SILVERTUC,scan,Silver Touch Technologies Ltd,ORDER_WIN,PROMISING
2026-08-31,EPIGRAL,scan,Epigral Ltd,ACQUISITION,PROMISING
2026-08-31,DEEPINDS,scan,Deep Industries Ltd,ORDER_WIN,PROMISING
2026-08-31,SMARTWORKS,scan,Smartworks Coworking Spaces Ltd,ACQUISITION,PROMISING
2026-08-31,GANESHHOU,scan,Ganesh Housing Ltd,RESTRUCTURING,PROMISING
2026-08-31,KRSNAA,scan,Krsnaa Diagnostics Ltd,CAPITAL_RAISE,PROMISING
2026-08-31,SANDHAR,scan,Sandhar Technologies Ltd,ACQUISITION,PROMISING
2026-08-31,BLSE,scan,BLS E-Services Ltd,ACQUISITION,PROMISING
2026-08-31,ATLANTAELE,scan,Atlanta Electricals Ltd,ORDER_WIN,PROMISING
2026-08-31,MANORAMA,scan,Manorama Industries Ltd,CAPITAL_RAISE,PROMISING
2026-08-31,MARSONS,scan,Marsons Ltd,ORDER_WIN,PROMISING
2026-08-31,INDIANHUME,scan,Indian Hume Pipe Company Ltd,ORDER_WIN,PROMISING
2026-08-31,EFCIL,scan,EFC (I) Ltd,ACQUISITION,PROMISING
2026-08-31,HLEGLAS,scan,HLE Glascoat Ltd,ACQUISITION,PROMISING
2026-08-31,EPL,scan,EPL Ltd,ACQUISITION,PROMISING
2026-08-31,QPOWER,scan,Quality Power Electrical Equipments Ltd,ORDER_WIN,PROMISING
2026-08-31,SAIPARENT,scan,Sai Parenterals Ltd,ORDER_WIN,PROMISING
2026-08-31,ASHIANA,scan,Ashiana Housing Ltd,ORDER_WIN,PROMISING
2026-08-31,GSPCROP,scan,GSP Crop Science Ltd,RESTRUCTURING,PROMISING
2026-08-31,BCLIND,scan,BCL Industries Ltd,ACQUISITION,PROMISING
2026-08-31,SRM,scan,SRM Contractors Ltd,ORDER_WIN,PROMISING
2026-08-31,VIKRAMSOLR,scan,Vikram Solar Ltd,RESTRUCTURING,PROMISING
2026-08-31,HEG,scan,HEG Ltd,RESTRUCTURING,PROMISING
2026-08-31,UGROCAP,scan,Ugro Capital Ltd,RESTRUCTURING,PROMISING
2026-08-31,JUBLINGREA,scan,Jubilant Ingrevia Ltd,ACQUISITION,PROMISING
2026-08-31,CEATLTD,scan,Ceat Ltd,ORDER_WIN,PROMISING
2026-08-31,PRICOLLTD,scan,Pricol Ltd,RESTRUCTURING,PROMISING
2026-08-31,DIFFNKG,scan,Diffusion Engineers Ltd,ORDER_WIN,PROMISING
2026-08-31,JAGSNPHARM,scan,Jagsonpal Pharmaceuticals Ltd,ACQUISITION,PROMISING
2026-08-31,LUMAXTECH,scan,Lumax Auto Technologies Ltd,ACQUISITION,PROMISING
2026-08-31,ARIS,scan,ArisInfra Solutions Ltd,RESTRUCTURING,PROMISING
2026-08-31,NIITMTS,scan,NIIT Learning Systems Ltd,RESTRUCTURING,PROMISING
2026-08-31,ARSSBL,scan,Anand Rathi Share And Stock Brokers Ltd,ORDER_WIN,PROMISING
2026-08-31,GUFICBIO,scan,Gufic Biosciences Ltd,ACQUISITION,PROMISING
2026-08-31,JUBLPHARMA,scan,Jubilant Pharmova Ltd,ORDER_WIN,PROMISING
2026-08-31,ANURAS,scan,Anupam Rasayan India Ltd,ACQUISITION,PROMISING
2026-08-31,SAMBHV,scan,Sambhv Steel Tubes Ltd,CAPITAL_RAISE,PROMISING
2026-08-31,GKENERGY,scan,GK Energy Ltd,ORDER_WIN,PROMISING
2026-08-31,TRIDENT,scan,Trident Ltd,ACQUISITION,PROMISING
2026-08-31,PROTEAN,scan,Protean eGov Technologies Ltd,ORDER_WIN,PROMISING
2026-08-31,PICCADIL,scan,Piccadily Agro Industries Ltd,RESTRUCTURING,PROMISING
2026-08-31,SURYAROSNI,scan,Surya Roshni Ltd,ORDER_WIN,PROMISING
2026-08-31,RITES,scan,RITES Ltd,ORDER_WIN,PROMISING
2026-08-31,ASIANTILES,scan,Asian Granito India Ltd,ACQUISITION,PROMISING
2026-08-31,MMFL,scan,MM Forgings Ltd,RESTRUCTURING,PROMISING
2026-08-31,GOLDIAM,scan,Goldiam International Ltd,ORDER_WIN,PROMISING
2026-08-31,VARROC,scan,Varroc Engineering Ltd,ACQUISITION,PROMISING
2026-08-31,WAAREERTL,scan,Waaree Renewable Technologies Ltd,ORDER_WIN,PROMISING
2026-08-31,SHANTIGOLD,scan,Shanti Gold International Ltd,CAPITAL_RAISE,PROMISING
2026-08-31,RANEHOLDIN,scan,Rane Holdings Ltd,CAPITAL_RAISE,PROMISING
2026-08-31,KIRLPNU,scan,Kirloskar Pneumatic Company Ltd,ACQUISITION,PROMISING
2026-08-31,LXCHEM,scan,Laxmi Organic Industries Ltd,CAPITAL_RAISE,PROMISING
2026-08-31,ENTERO,scan,Entero Healthcare Solutions Ltd,ACQUISITION,PROMISING
2026-08-31,JLHL,scan,Jupiter Life Line Hospitals Ltd,ACQUISITION,PROMISING
2026-08-31,BBOX,scan,Black Box Ltd,ORDER_WIN,PROMISING
2026-08-31,SETL,scan,Standard Engineering Technology Ltd,ACQUISITION,PROMISING
2026-08-31,SIYSIL,scan,Siyaram Silk Mills Ltd,RESTRUCTURING,PROMISING
2026-08-31,DATAMATICS,scan,Datamatics Global Services Ltd,ACQUISITION,PROMISING
2026-08-31,PARKHOSPS,scan,Park Medi World Ltd,ACQUISITION,PROMISING
2026-08-31,TRIVENI,scan,Triveni Engineering & Industries Ltd,RESTRUCTURING,PROMISING
2026-08-31,SUDARSCHEM,scan,Sudarshan Chemical Industries Ltd,ACQUISITION,PROMISING
2026-08-31,SAMHI,scan,Samhi Hotels Ltd,ACQUISITION,PROMISING
2026-08-31,SIRCA,scan,Sirca Paints India Ltd,CAPITAL_RAISE,PROMISING
2026-08-31,ICRA,scan,ICRA Ltd,ACQUISITION,PROMISING
2026-08-31,TRANSRAILL,scan,Transrail Lighting Ltd,CAPITAL_RAISE,PROMISING
2026-08-31,DBL,scan,Dilip Buildcon Ltd,ORDER_WIN,PROMISING
2026-08-31,ASHOKA,scan,Ashoka Buildcon Ltd,ORDER_WIN,PROMISING
2026-08-31,ZUARI,scan,Zuari Agro Chemicals Ltd,ORDER_WIN,PROMISING
2026-08-31,ADFFOODS,scan,Adf Foods Ltd,ACQUISITION,PROMISING
2026-08-31,SOLEX,scan,Solex Energy Ltd,ORDER_WIN,PROMISING
2026-08-31,AURUM,scan,Aurum PropTech Ltd,CAPITAL_RAISE,PROMISING
2026-08-31,RPGLIFE,scan,RPG Life Sciences Ltd,ACQUISITION,PROMISING
2026-08-31,RAINBOW,scan,Rainbow Children's Medicare Ltd,ACQUISITION,PROMISING
2026-08-31,VESUVIUS,scan,Vesuvius India Ltd,RESTRUCTURING,PROMISING
2026-08-31,DODLA,scan,Dodla Dairy Ltd,ACQUISITION,PROMISING
2026-08-31,SHK,scan,S H Kelkar and Company Ltd,RESTRUCTURING,PROMISING
2026-08-31,TANLA,scan,Tanla Platforms Ltd,ACQUISITION,PROMISING
2026-08-31,LEMONTREE,scan,Lemon Tree Hotels Ltd,ORDER_WIN,PROMISING
2026-08-31,SOMANYCERA,scan,Somany Ceramics Ltd,RESTRUCTURING,PROMISING
2026-08-31,SENORES,scan,Senores Pharmaceuticals Ltd,CAPITAL_RAISE,PROMISING
2026-08-31,HARIOMPIPE,scan,Hariom Pipe Industries Ltd,CAPITAL_RAISE,PROMISING
2026-08-31,AKUMS,scan,Akums Drugs and Pharmaceuticals Ltd,ACQUISITION,PROMISING
2026-08-31,SAREGAMA,scan,Saregama India Ltd,ACQUISITION,PROMISING
2026-08-31,VINCOFE,scan,Vintage Coffee And Beverages Ltd,ORDER_WIN,PROMISING
2026-08-31,GRAPHITE,scan,Graphite India Ltd,ORDER_WIN,PROMISING
2026-08-31,JAMNAAUTO,scan,Jamna Auto Industries Ltd,ACQUISITION,PROMISING
2026-08-31,HITECH,scan,Hi-Tech Pipes Ltd,CAPITAL_RAISE,PROMISING
2026-08-31,GREAVESCOT,scan,Greaves Cotton Ltd,ACQUISITION,PROMISING
2026-08-31,20MICRONS,scan,20 Microns Ltd,ACQUISITION,PROMISING
2026-08-31,TVSSRICHAK,scan,TVS Srichakra Ltd,ACQUISITION,PROMISING
2026-08-31,WABAG,scan,VA Tech Wabag Ltd,ORDER_WIN,PROMISING
2026-08-31,SGMART,scan,SG Mart Ltd,ACQUISITION,PROMISING
2026-08-31,TIIL,scan,Technocraft Industries (India) Ltd,ACQUISITION,PROMISING
2026-08-31,SOBHA,scan,Sobha Ltd,CAPITAL_RAISE,PROMISING
2026-08-31,FLAIR,scan,Flair Writing Industries Ltd,ORDER_WIN,PROMISING
2026-08-31,CYIENT,scan,Cyient Ltd,ACQUISITION,PROMISING
2026-08-31,PNCINFRA,scan,PNC Infratech Ltd,ORDER_WIN,PROMISING
2026-08-31,CCAVENUE,scan,AvenuesAI Ltd,CAPITAL_RAISE,PROMISING
2026-08-31,HARDWYN,scan,Hardwyn India Ltd,ORDER_WIN,PROMISING
2026-08-31,JKTYRE,scan,JK Tyre & Industries Ltd,ACQUISITION,PROMISING
2026-08-31,IXIGO,scan,Le Travenues Technology Ltd,ORDER_WIN,PROMISING
2026-08-31,HCG,scan,HealthCare Global Enterprises Ltd,CAPITAL_RAISE,PROMISING
2026-08-31,HGINFRA,scan,H.G. Infra Engineering Ltd,ORDER_WIN,PROMISING
2026-08-31,TINNARUBR,scan,Tinna Rubber and Infrastructure Ltd,ACQUISITION,PROMISING
2026-08-31,KOLTEPATIL,scan,Kolte-Patil Developers Ltd,CAPITAL_RAISE,PROMISING
2026-08-31,AVANTEL,scan,Avantel Ltd,ORDER_WIN,PROMISING
2026-08-31,CEINSYS,scan,Ceinsys Tech Ltd,ORDER_WIN,PROMISING
2026-08-31,STERTOOLS,scan,Sterling Tools Ltd,ACQUISITION+CAPITAL_RAISE,PROMISING
2026-08-31,JKLAKSHMI,scan,JK Lakshmi Cement Ltd,ACQUISITION,PROMISING
2026-08-31,PRECWIRE,scan,Precision Wires India Ltd,CAPITAL_RAISE,PROMISING
2026-08-31,JKIL,scan,J. Kumar Infraprojects Ltd,ORDER_WIN,PROMISING
2026-08-31,MOREPENLAB,scan,Morepen Laboratories Ltd,ACQUISITION,PROMISING
2026-08-31,ADVENZYMES,scan,Advanced Enzyme Technologies Ltd,ACQUISITION,PROMISING
2026-08-31,EXCELSOFT,scan,Excelsoft Technologies Ltd,ACQUISITION,PROMISING
2026-08-31,CRIZAC,scan,Crizac Ltd,ACQUISITION,PROMISING
2026-08-31,RATEGAIN,scan,RateGain Travel Technologies Ltd,DEBT_REDUCTION,PROMISING
2026-09-01,IMFA,scan,Indian Metals & Ferro Alloys Ltd,ACQUISITION,PROMISING
2026-09-01,ZEEL,scan,Zee Entertainment Enterprises Ltd,CAPITAL_RAISE,PROMISING
2026-09-01,PARAS,scan,Paras Defence and Space Technologies Ltd,ORDER_WIN,PROMISING
2026-09-01,MASTEK,scan,Mastek Ltd,ORDER_WIN,PROMISING
2026-09-01,HAPPSTMNDS,scan,Happiest Minds Technologies Ltd,RESTRUCTURING,PROMISING
2026-09-01,VIYASH,scan,Viyash Scientific Ltd,ACQUISITION,PROMISING
2026-09-01,ACI,scan,Archean Chemical Industries Ltd,ACQUISITION,PROMISING
2026-09-01,ROHLTD,scan,Royal Orchid Hotels Ltd,ORDER_WIN,PROMISING
2026-09-01,JUNIPER,scan,Juniper Hotels Ltd,ACQUISITION,PROMISING
2026-09-01,JAYKAY,scan,Jaykay Enterprises Ltd,CAPITAL_RAISE,PROMISING
2026-09-01,SIS,scan,SIS Ltd,ACQUISITION,PROMISING
2026-09-01,CARYSIL,scan,Carysil Ltd,RESTRUCTURING,PROMISING
2026-09-01,MOL,scan,Meghmani Organics Ltd,RESTRUCTURING,PROMISING
2026-09-01,RKFORGE,scan,Ramkrishna Forgings Ltd,CAPITAL_RAISE,PROMISING
2026-09-01,ORCHPHARMA,scan,Orchid Pharma Ltd,ORDER_WIN,PROMISING
2026-09-01,CENTUM,scan,Centum Electronics Ltd,RESTRUCTURING,PROMISING
2026-09-01,SONATSOFTW,scan,Sonata Software Ltd,ORDER_WIN+RESTRUCTURING,PROMISING
2026-09-01,TEAMLEASE,scan,TeamLease Services Ltd,ORDER_WIN,PROMISING
2026-09-01,PENIND,scan,Pennar Industries Ltd,CAPITAL_RAISE,PROMISING
2026-09-01,DIAMONDYD,scan,Prataap Snacks Ltd,ACQUISITION,PROMISING
2026-09-01,TEXRAIL,scan,Texmaco Rail & Engineering Ltd,ACQUISITION,PROMISING
2026-09-01,KIRIINDUS,scan,Kiri Industries Ltd,ACQUISITION,PROMISING
2026-09-01,ONWARDTEC,scan,Onward Technologies Ltd,ORDER_WIN,PROMISING
2026-09-01,MEDIASSIST,scan,Medi Assist Healthcare Services Ltd,ACQUISITION,PROMISING
2026-09-01,ARFIN,scan,Arfin India Ltd,ORDER_WIN,PROMISING
2026-09-01,POWERMECH,scan,Power Mech Projects Ltd,ORDER_WIN,PROMISING
2026-09-01,STANLEY,scan,Stanley Lifestyles Ltd,ORDER_WIN,PROMISING
2026-09-01,NAVNETEDUL,scan,Navneet Education Ltd,RESTRUCTURING,PROMISING
2026-09-01,MHRIL,scan,Mahindra Holidays & Resorts India Ltd,ACQUISITION,PROMISING
2026-09-01,MAHSEAMLES,scan,Maharashtra Seamless Ltd,RESTRUCTURING,PROMISING
2026-09-01,SPORTKING,scan,Sportking India Ltd,ACQUISITION,PROMISING
2026-09-01,RAYMOND,scan,Raymond Ltd,CAPITAL_RAISE,PROMISING
2026-09-01,CLEAN,scan,Clean Science and Technology Ltd,ACQUISITION,PROMISING
2026-09-01,WENDT,scan,Wendt (India) Ltd,ACQUISITION+CAPITAL_RAISE,PROMISING
2026-09-01,SILVERTUC,scan,Silver Touch Technologies Ltd,ORDER_WIN,PROMISING
2026-09-01,EPIGRAL,scan,Epigral Ltd,ACQUISITION,PROMISING
2026-09-01,DEEPINDS,scan,Deep Industries Ltd,ORDER_WIN,PROMISING
2026-09-01,SMARTWORKS,scan,Smartworks Coworking Spaces Ltd,ACQUISITION,PROMISING
2026-09-01,GANESHHOU,scan,Ganesh Housing Ltd,RESTRUCTURING,PROMISING
2026-09-01,KRSNAA,scan,Krsnaa Diagnostics Ltd,CAPITAL_RAISE,PROMISING
2026-09-01,SANDHAR,scan,Sandhar Technologies Ltd,ACQUISITION,PROMISING
2026-09-01,BLSE,scan,BLS E-Services Ltd,ACQUISITION,PROMISING
2026-09-01,ATLANTAELE,scan,Atlanta Electricals Ltd,ORDER_WIN,PROMISING
2026-09-01,MANORAMA,scan,Manorama Industries Ltd,CAPITAL_RAISE,PROMISING
2026-09-01,MARSONS,scan,Marsons Ltd,ORDER_WIN,PROMISING
2026-09-01,INDIANHUME,scan,Indian Hume Pipe Company Ltd,ORDER_WIN,PROMISING
2026-09-01,EFCIL,scan,EFC (I) Ltd,ACQUISITION,PROMISING
2026-09-01,HLEGLAS,scan,HLE Glascoat Ltd,ACQUISITION,PROMISING
2026-09-01,EPL,scan,EPL Ltd,ACQUISITION,PROMISING
2026-09-01,QPOWER,scan,Quality Power Electrical Equipments Ltd,ORDER_WIN,PROMISING
2026-09-01,SAIPARENT,scan,Sai Parenterals Ltd,ORDER_WIN,PROMISING
2026-09-01,ASHIANA,scan,Ashiana Housing Ltd,ORDER_WIN,PROMISING
2026-09-01,GSPCROP,scan,GSP Crop Science Ltd,RESTRUCTURING,PROMISING
2026-09-01,BCLIND,scan,BCL Industries Ltd,ACQUISITION,PROMISING
2026-09-01,SRM,scan,SRM Contractors Ltd,ORDER_WIN,PROMISING
2026-09-01,VIKRAMSOLR,scan,Vikram Solar Ltd,RESTRUCTURING,PROMISING
2026-09-01,HEG,scan,HEG Ltd,RESTRUCTURING,PROMISING
2026-09-01,UGROCAP,scan,Ugro Capital Ltd,RESTRUCTURING,PROMISING
2026-09-01,JUBLINGREA,scan,Jubilant Ingrevia Ltd,ACQUISITION,PROMISING
2026-09-01,CEATLTD,scan,Ceat Ltd,ORDER_WIN,PROMISING
2026-09-01,PRICOLLTD,scan,Pricol Ltd,RESTRUCTURING,PROMISING
2026-09-01,DIFFNKG,scan,Diffusion Engineers Ltd,ORDER_WIN,PROMISING
2026-09-01,JAGSNPHARM,scan,Jagsonpal Pharmaceuticals Ltd,ACQUISITION,PROMISING
2026-09-01,LUMAXTECH,scan,Lumax Auto Technologies Ltd,ACQUISITION,PROMISING
2026-09-01,ARIS,scan,ArisInfra Solutions Ltd,RESTRUCTURING,PROMISING
2026-09-01,NIITMTS,scan,NIIT Learning Systems Ltd,RESTRUCTURING,PROMISING
2026-09-01,ARSSBL,scan,Anand Rathi Share And Stock Brokers Ltd,ORDER_WIN,PROMISING
2026-09-01,GUFICBIO,scan,Gufic Biosciences Ltd,ACQUISITION,PROMISING
2026-09-01,JUBLPHARMA,scan,Jubilant Pharmova Ltd,ORDER_WIN,PROMISING
2026-09-01,ANURAS,scan,Anupam Rasayan India Ltd,ACQUISITION,PROMISING
2026-09-01,SAMBHV,scan,Sambhv Steel Tubes Ltd,CAPITAL_RAISE,PROMISING
2026-09-01,GKENERGY,scan,GK Energy Ltd,ORDER_WIN,PROMISING
2026-09-01,TRIDENT,scan,Trident Ltd,ACQUISITION,PROMISING
2026-09-01,PROTEAN,scan,Protean eGov Technologies Ltd,ORDER_WIN,PROMISING
2026-09-01,PICCADIL,scan,Piccadily Agro Industries Ltd,RESTRUCTURING,PROMISING
2026-09-01,SURYAROSNI,scan,Surya Roshni Ltd,ORDER_WIN,PROMISING
2026-09-01,RITES,scan,RITES Ltd,ORDER_WIN,PROMISING
2026-09-01,ASIANTILES,scan,Asian Granito India Ltd,ACQUISITION,PROMISING
2026-09-01,MMFL,scan,MM Forgings Ltd,RESTRUCTURING,PROMISING
2026-09-01,GOLDIAM,scan,Goldiam International Ltd,ORDER_WIN,PROMISING
2026-09-01,VARROC,scan,Varroc Engineering Ltd,ACQUISITION,PROMISING
2026-09-01,WAAREERTL,scan,Waaree Renewable Technologies Ltd,ORDER_WIN,PROMISING
2026-09-01,SHANTIGOLD,scan,Shanti Gold International Ltd,CAPITAL_RAISE,PROMISING
2026-09-01,RANEHOLDIN,scan,Rane Holdings Ltd,CAPITAL_RAISE,PROMISING
2026-09-01,KIRLPNU,scan,Kirloskar Pneumatic Company Ltd,ACQUISITION,PROMISING
2026-09-01,LXCHEM,scan,Laxmi Organic Industries Ltd,CAPITAL_RAISE,PROMISING
2026-09-01,ENTERO,scan,Entero Healthcare Solutions Ltd,ACQUISITION,PROMISING
2026-09-01,JLHL,scan,Jupiter Life Line Hospitals Ltd,ACQUISITION,PROMISING
2026-09-01,BBOX,scan,Black Box Ltd,ORDER_WIN,PROMISING
2026-09-01,SETL,scan,Standard Engineering Technology Ltd,ACQUISITION,PROMISING
2026-09-01,SIYSIL,scan,Siyaram Silk Mills Ltd,RESTRUCTURING,PROMISING
2026-09-01,DATAMATICS,scan,Datamatics Global Services Ltd,ACQUISITION,PROMISING
2026-09-01,PARKHOSPS,scan,Park Medi World Ltd,ACQUISITION,PROMISING
2026-09-01,TRIVENI,scan,Triveni Engineering & Industries Ltd,RESTRUCTURING,PROMISING
2026-09-01,SUDARSCHEM,scan,Sudarshan Chemical Industries Ltd,ACQUISITION,PROMISING
2026-09-01,SAMHI,scan,Samhi Hotels Ltd,ACQUISITION,PROMISING
2026-09-01,SIRCA,scan,Sirca Paints India Ltd,CAPITAL_RAISE,PROMISING
2026-09-01,ICRA,scan,ICRA Ltd,ACQUISITION,PROMISING
2026-09-01,TRANSRAILL,scan,Transrail Lighting Ltd,CAPITAL_RAISE,PROMISING
2026-09-01,DBL,scan,Dilip Buildcon Ltd,ORDER_WIN,PROMISING
2026-09-01,ASHOKA,scan,Ashoka Buildcon Ltd,ORDER_WIN,PROMISING
2026-09-01,ZUARI,scan,Zuari Agro Chemicals Ltd,ORDER_WIN,PROMISING
2026-09-01,ADFFOODS,scan,Adf Foods Ltd,ACQUISITION,PROMISING
2026-09-01,SOLEX,scan,Solex Energy Ltd,ORDER_WIN,PROMISING
2026-09-01,AURUM,scan,Aurum PropTech Ltd,CAPITAL_RAISE,PROMISING
2026-09-01,RPGLIFE,scan,RPG Life Sciences Ltd,ACQUISITION,PROMISING
2026-09-01,RAINBOW,scan,Rainbow Children's Medicare Ltd,ACQUISITION,PROMISING
2026-09-01,VESUVIUS,scan,Vesuvius India Ltd,RESTRUCTURING,PROMISING
2026-09-01,DODLA,scan,Dodla Dairy Ltd,ACQUISITION,PROMISING
2026-09-01,SHK,scan,S H Kelkar and Company Ltd,RESTRUCTURING,PROMISING
2026-09-01,TANLA,scan,Tanla Platforms Ltd,ACQUISITION,PROMISING
2026-09-01,LEMONTREE,scan,Lemon Tree Hotels Ltd,ORDER_WIN,PROMISING
2026-09-01,SOMANYCERA,scan,Somany Ceramics Ltd,RESTRUCTURING,PROMISING
2026-09-01,SENORES,scan,Senores Pharmaceuticals Ltd,CAPITAL_RAISE,PROMISING
2026-09-01,HARIOMPIPE,scan,Hariom Pipe Industries Ltd,CAPITAL_RAISE,PROMISING
2026-09-01,AKUMS,scan,Akums Drugs and Pharmaceuticals Ltd,ACQUISITION,PROMISING
2026-09-01,SAREGAMA,scan,Saregama India Ltd,ACQUISITION,PROMISING
2026-09-01,VINCOFE,scan,Vintage Coffee And Beverages Ltd,ORDER_WIN,PROMISING
2026-09-01,GRAPHITE,scan,Graphite India Ltd,ORDER_WIN,PROMISING
2026-09-01,JAMNAAUTO,scan,Jamna Auto Industries Ltd,ACQUISITION,PROMISING
2026-09-01,HITECH,scan,Hi-Tech Pipes Ltd,CAPITAL_RAISE,PROMISING
2026-09-01,GREAVESCOT,scan,Greaves Cotton Ltd,ACQUISITION,PROMISING
2026-09-01,20MICRONS,scan,20 Microns Ltd,ACQUISITION,PROMISING
2026-09-01,TVSSRICHAK,scan,TVS Srichakra Ltd,ACQUISITION,PROMISING
2026-09-01,WABAG,scan,VA Tech Wabag Ltd,ORDER_WIN,PROMISING
2026-09-01,SGMART,scan,SG Mart Ltd,ACQUISITION,PROMISING
2026-09-01,TIIL,scan,Technocraft Industries (India) Ltd,ACQUISITION,PROMISING
2026-09-01,SOBHA,scan,Sobha Ltd,CAPITAL_RAISE,PROMISING
2026-09-01,FLAIR,scan,Flair Writing Industries Ltd,ORDER_WIN,PROMISING
2026-09-01,CYIENT,scan,Cyient Ltd,ACQUISITION,PROMISING
2026-09-01,PNCINFRA,scan,PNC Infratech Ltd,ORDER_WIN,PROMISING
2026-09-01,CCAVENUE,scan,AvenuesAI Ltd,CAPITAL_RAISE,PROMISING
2026-09-01,HARDWYN,scan,Hardwyn India Ltd,ORDER_WIN,PROMISING
2026-09-01,JKTYRE,scan,JK Tyre & Industries Ltd,ACQUISITION,PROMISING
2026-09-01,IXIGO,scan,Le Travenues Technology Ltd,ORDER_WIN,PROMISING
2026-09-01,HCG,scan,HealthCare Global Enterprises Ltd,CAPITAL_RAISE,PROMISING
2026-09-01,HGINFRA,scan,H.G. Infra Engineering Ltd,ORDER_WIN,PROMISING
2026-09-01,TINNARUBR,scan,Tinna Rubber and Infrastructure Ltd,ACQUISITION,PROMISING
2026-09-01,KOLTEPATIL,scan,Kolte-Patil Developers Ltd,CAPITAL_RAISE,PROMISING
2026-09-01,AVANTEL,scan,Avantel Ltd,ORDER_WIN,PROMISING
2026-09-01,CEINSYS,scan,Ceinsys Tech Ltd,ORDER_WIN,PROMISING
2026-09-01,STERTOOLS,scan,Sterling Tools Ltd,ACQUISITION+CAPITAL_RAISE,PROMISING
2026-09-01,JKLAKSHMI,scan,JK Lakshmi Cement Ltd,ACQUISITION,PROMISING
2026-09-01,PRECWIRE,scan,Precision Wires India Ltd,CAPITAL_RAISE,PROMISING
2026-09-01,JKIL,scan,J. Kumar Infraprojects Ltd,ORDER_WIN,PROMISING
2026-09-01,MOREPENLAB,scan,Morepen Laboratories Ltd,ACQUISITION,PROMISING
2026-09-01,ADVENZYMES,scan,Advanced Enzyme Technologies Ltd,ACQUISITION,PROMISING
2026-09-01,EXCELSOFT,scan,Excelsoft Technologies Ltd,ACQUISITION,PROMISING
2026-09-01,CRIZAC,scan,Crizac Ltd,ACQUISITION,PROMISING
2026-09-01,RATEGAIN,scan,RateGain Travel Technologies Ltd,DEBT_REDUCTION,PROMISING
2026-09-02,IMFA,scan,Indian Metals & Ferro Alloys Ltd,ACQUISITION,PROMISING
2026-09-02,ZEEL,scan,Zee Entertainment Enterprises Ltd,CAPITAL_RAISE,PROMISING
2026-09-02,PARAS,scan,Paras Defence and Space Technologies Ltd,ORDER_WIN,PROMISING
2026-09-02,MASTEK,scan,Mastek Ltd,ORDER_WIN,PROMISING
2026-09-02,HAPPSTMNDS,scan,Happiest Minds Technologies Ltd,RESTRUCTURING,PROMISING
2026-09-02,VIYASH,scan,Viyash Scientific Ltd,ACQUISITION,PROMISING
2026-09-02,ACI,scan,Archean Chemical Industries Ltd,ACQUISITION,PROMISING
2026-09-02,ROHLTD,scan,Royal Orchid Hotels Ltd,ORDER_WIN,PROMISING
2026-09-02,JUNIPER,scan,Juniper Hotels Ltd,ACQUISITION,PROMISING
2026-09-02,JAYKAY,scan,Jaykay Enterprises Ltd,CAPITAL_RAISE,PROMISING
2026-09-02,SIS,scan,SIS Ltd,ACQUISITION,PROMISING
2026-09-02,CARYSIL,scan,Carysil Ltd,RESTRUCTURING,PROMISING
2026-09-02,MOL,scan,Meghmani Organics Ltd,RESTRUCTURING,PROMISING
2026-09-02,RKFORGE,scan,Ramkrishna Forgings Ltd,CAPITAL_RAISE,PROMISING
2026-09-02,ORCHPHARMA,scan,Orchid Pharma Ltd,ORDER_WIN,PROMISING
2026-09-02,CENTUM,scan,Centum Electronics Ltd,RESTRUCTURING,PROMISING
2026-09-02,SONATSOFTW,scan,Sonata Software Ltd,ORDER_WIN+RESTRUCTURING,PROMISING
2026-09-02,TEAMLEASE,scan,TeamLease Services Ltd,ORDER_WIN,PROMISING
2026-09-02,PENIND,scan,Pennar Industries Ltd,CAPITAL_RAISE,PROMISING
2026-09-02,DIAMONDYD,scan,Prataap Snacks Ltd,ACQUISITION,PROMISING
2026-09-02,TEXRAIL,scan,Texmaco Rail & Engineering Ltd,ACQUISITION,PROMISING
2026-09-02,KIRIINDUS,scan,Kiri Industries Ltd,ACQUISITION,PROMISING
2026-09-02,ONWARDTEC,scan,Onward Technologies Ltd,ORDER_WIN,PROMISING
2026-09-02,MEDIASSIST,scan,Medi Assist Healthcare Services Ltd,ACQUISITION,PROMISING
2026-09-02,ARFIN,scan,Arfin India Ltd,ORDER_WIN,PROMISING
2026-09-02,POWERMECH,scan,Power Mech Projects Ltd,ORDER_WIN,PROMISING
2026-09-02,STANLEY,scan,Stanley Lifestyles Ltd,ORDER_WIN,PROMISING
2026-09-02,NAVNETEDUL,scan,Navneet Education Ltd,RESTRUCTURING,PROMISING
2026-09-02,MHRIL,scan,Mahindra Holidays & Resorts India Ltd,ACQUISITION,PROMISING
2026-09-02,MAHSEAMLES,scan,Maharashtra Seamless Ltd,RESTRUCTURING,PROMISING
2026-09-02,SPORTKING,scan,Sportking India Ltd,ACQUISITION,PROMISING
2026-09-02,RAYMOND,scan,Raymond Ltd,CAPITAL_RAISE,PROMISING
2026-09-02,CLEAN,scan,Clean Science and Technology Ltd,ACQUISITION,PROMISING
2026-09-02,WENDT,scan,Wendt (India) Ltd,ACQUISITION+CAPITAL_RAISE,PROMISING
2026-09-02,SILVERTUC,scan,Silver Touch Technologies Ltd,ORDER_WIN,PROMISING
2026-09-02,EPIGRAL,scan,Epigral Ltd,ACQUISITION,PROMISING
2026-09-02,DEEPINDS,scan,Deep Industries Ltd,ORDER_WIN,PROMISING
2026-09-02,SMARTWORKS,scan,Smartworks Coworking Spaces Ltd,ACQUISITION,PROMISING
2026-09-02,GANESHHOU,scan,Ganesh Housing Ltd,RESTRUCTURING,PROMISING
2026-09-02,KRSNAA,scan,Krsnaa Diagnostics Ltd,CAPITAL_RAISE,PROMISING
2026-09-02,SANDHAR,scan,Sandhar Technologies Ltd,ACQUISITION,PROMISING
2026-09-02,BLSE,scan,BLS E-Services Ltd,ACQUISITION,PROMISING
2026-09-02,ATLANTAELE,scan,Atlanta Electricals Ltd,ORDER_WIN,PROMISING
2026-09-02,MANORAMA,scan,Manorama Industries Ltd,CAPITAL_RAISE,PROMISING
2026-09-02,MARSONS,scan,Marsons Ltd,ORDER_WIN,PROMISING
2026-09-02,INDIANHUME,scan,Indian Hume Pipe Company Ltd,ORDER_WIN,PROMISING
2026-09-02,EFCIL,scan,EFC (I) Ltd,ACQUISITION,PROMISING
2026-09-02,HLEGLAS,scan,HLE Glascoat Ltd,ACQUISITION,PROMISING
2026-09-02,EPL,scan,EPL Ltd,ACQUISITION,PROMISING
2026-09-02,QPOWER,scan,Quality Power Electrical Equipments Ltd,ORDER_WIN,PROMISING
2026-09-02,SAIPARENT,scan,Sai Parenterals Ltd,ORDER_WIN,PROMISING
2026-09-02,ASHIANA,scan,Ashiana Housing Ltd,ORDER_WIN,PROMISING
2026-09-02,GSPCROP,scan,GSP Crop Science Ltd,RESTRUCTURING,PROMISING
2026-09-02,BCLIND,scan,BCL Industries Ltd,ACQUISITION,PROMISING
2026-09-02,SRM,scan,SRM Contractors Ltd,ORDER_WIN,PROMISING
2026-09-02,VIKRAMSOLR,scan,Vikram Solar Ltd,RESTRUCTURING,PROMISING
2026-09-02,HEG,scan,HEG Ltd,RESTRUCTURING,PROMISING
2026-09-02,UGROCAP,scan,Ugro Capital Ltd,RESTRUCTURING,PROMISING
2026-09-02,JUBLINGREA,scan,Jubilant Ingrevia Ltd,ACQUISITION,PROMISING
2026-09-02,CEATLTD,scan,Ceat Ltd,ORDER_WIN,PROMISING
2026-09-02,PRICOLLTD,scan,Pricol Ltd,RESTRUCTURING,PROMISING
2026-09-02,DIFFNKG,scan,Diffusion Engineers Ltd,ORDER_WIN,PROMISING
2026-09-02,JAGSNPHARM,scan,Jagsonpal Pharmaceuticals Ltd,ACQUISITION,PROMISING
2026-09-02,LUMAXTECH,scan,Lumax Auto Technologies Ltd,ACQUISITION,PROMISING
2026-09-02,ARIS,scan,ArisInfra Solutions Ltd,RESTRUCTURING,PROMISING
2026-09-02,NIITMTS,scan,NIIT Learning Systems Ltd,RESTRUCTURING,PROMISING
2026-09-02,ARSSBL,scan,Anand Rathi Share And Stock Brokers Ltd,ORDER_WIN,PROMISING
2026-09-02,GUFICBIO,scan,Gufic Biosciences Ltd,ACQUISITION,PROMISING
2026-09-02,JUBLPHARMA,scan,Jubilant Pharmova Ltd,ORDER_WIN,PROMISING
2026-09-02,ANURAS,scan,Anupam Rasayan India Ltd,ACQUISITION,PROMISING
2026-09-02,SAMBHV,scan,Sambhv Steel Tubes Ltd,CAPITAL_RAISE,PROMISING
2026-09-02,GKENERGY,scan,GK Energy Ltd,ORDER_WIN,PROMISING
2026-09-02,TRIDENT,scan,Trident Ltd,ACQUISITION,PROMISING
2026-09-02,PROTEAN,scan,Protean eGov Technologies Ltd,ORDER_WIN,PROMISING
2026-09-02,PICCADIL,scan,Piccadily Agro Industries Ltd,RESTRUCTURING,PROMISING
2026-09-02,SURYAROSNI,scan,Surya Roshni Ltd,ORDER_WIN,PROMISING
2026-09-02,RITES,scan,RITES Ltd,ORDER_WIN,PROMISING
2026-09-02,ASIANTILES,scan,Asian Granito India Ltd,ACQUISITION,PROMISING
2026-09-02,MMFL,scan,MM Forgings Ltd,RESTRUCTURING,PROMISING
2026-09-02,GOLDIAM,scan,Goldiam International Ltd,ORDER_WIN,PROMISING
2026-09-02,VARROC,scan,Varroc Engineering Ltd,ACQUISITION,PROMISING
2026-09-02,WAAREERTL,scan,Waaree Renewable Technologies Ltd,ORDER_WIN,PROMISING
2026-09-02,SHANTIGOLD,scan,Shanti Gold International Ltd,CAPITAL_RAISE,PROMISING
2026-09-02,RANEHOLDIN,scan,Rane Holdings Ltd,CAPITAL_RAISE,PROMISING
2026-09-02,KIRLPNU,scan,Kirloskar Pneumatic Company Ltd,ACQUISITION,PROMISING
2026-09-02,LXCHEM,scan,Laxmi Organic Industries Ltd,CAPITAL_RAISE,PROMISING
2026-09-02,ENTERO,scan,Entero Healthcare Solutions Ltd,ACQUISITION,PROMISING
2026-09-02,JLHL,scan,Jupiter Life Line Hospitals Ltd,ACQUISITION,PROMISING
2026-09-02,BBOX,scan,Black Box Ltd,ORDER_WIN,PROMISING
2026-09-02,SETL,scan,Standard Engineering Technology Ltd,ACQUISITION,PROMISING
2026-09-02,SIYSIL,scan,Siyaram Silk Mills Ltd,RESTRUCTURING,PROMISING
2026-09-02,DATAMATICS,scan,Datamatics Global Services Ltd,ACQUISITION,PROMISING
2026-09-02,PARKHOSPS,scan,Park Medi World Ltd,ACQUISITION,PROMISING
2026-09-02,TRIVENI,scan,Triveni Engineering & Industries Ltd,RESTRUCTURING,PROMISING
2026-09-02,SUDARSCHEM,scan,Sudarshan Chemical Industries Ltd,ACQUISITION,PROMISING
2026-09-02,SAMHI,scan,Samhi Hotels Ltd,ACQUISITION,PROMISING
2026-09-02,SIRCA,scan,Sirca Paints India Ltd,CAPITAL_RAISE,PROMISING
2026-09-02,ICRA,scan,ICRA Ltd,ACQUISITION,PROMISING
2026-09-02,TRANSRAILL,scan,Transrail Lighting Ltd,CAPITAL_RAISE,PROMISING
2026-09-02,DBL,scan,Dilip Buildcon Ltd,ORDER_WIN,PROMISING
2026-09-02,ASHOKA,scan,Ashoka Buildcon Ltd,ORDER_WIN,PROMISING
2026-09-02,ZUARI,scan,Zuari Agro Chemicals Ltd,ORDER_WIN,PROMISING
2026-09-02,ADFFOODS,scan,Adf Foods Ltd,ACQUISITION,PROMISING
2026-09-02,SOLEX,scan,Solex Energy Ltd,ORDER_WIN,PROMISING
2026-09-02,AURUM,scan,Aurum PropTech Ltd,CAPITAL_RAISE,PROMISING
2026-09-02,RPGLIFE,scan,RPG Life Sciences Ltd,ACQUISITION,PROMISING
2026-09-02,RAINBOW,scan,Rainbow Children's Medicare Ltd,ACQUISITION,PROMISING
2026-09-02,VESUVIUS,scan,Vesuvius India Ltd,RESTRUCTURING,PROMISING
2026-09-02,DODLA,scan,Dodla Dairy Ltd,ACQUISITION,PROMISING
2026-09-02,SHK,scan,S H Kelkar and Company Ltd,RESTRUCTURING,PROMISING
2026-09-02,TANLA,scan,Tanla Platforms Ltd,ACQUISITION,PROMISING
2026-09-02,LEMONTREE,scan,Lemon Tree Hotels Ltd,ORDER_WIN,PROMISING
2026-09-02,SOMANYCERA,scan,Somany Ceramics Ltd,RESTRUCTURING,PROMISING
2026-09-02,SENORES,scan,Senores Pharmaceuticals Ltd,CAPITAL_RAISE,PROMISING
2026-09-02,HARIOMPIPE,scan,Hariom Pipe Industries Ltd,CAPITAL_RAISE,PROMISING
2026-09-02,AKUMS,scan,Akums Drugs and Pharmaceuticals Ltd,ACQUISITION,PROMISING
2026-09-02,SAREGAMA,scan,Saregama India Ltd,ACQUISITION,PROMISING
2026-09-02,VINCOFE,scan,Vintage Coffee And Beverages Ltd,ORDER_WIN,PROMISING
2026-09-02,GRAPHITE,scan,Graphite India Ltd,ORDER_WIN,PROMISING
2026-09-02,JAMNAAUTO,scan,Jamna Auto Industries Ltd,ACQUISITION,PROMISING
2026-09-02,HITECH,scan,Hi-Tech Pipes Ltd,CAPITAL_RAISE,PROMISING
2026-09-02,GREAVESCOT,scan,Greaves Cotton Ltd,ACQUISITION,PROMISING
2026-09-02,20MICRONS,scan,20 Microns Ltd,ACQUISITION,PROMISING
2026-09-02,TVSSRICHAK,scan,TVS Srichakra Ltd,ACQUISITION,PROMISING
2026-09-02,WABAG,scan,VA Tech Wabag Ltd,ORDER_WIN,PROMISING
2026-09-02,SGMART,scan,SG Mart Ltd,ACQUISITION,PROMISING
2026-09-02,TIIL,scan,Technocraft Industries (India) Ltd,ACQUISITION,PROMISING
2026-09-02,SOBHA,scan,Sobha Ltd,CAPITAL_RAISE,PROMISING
2026-09-02,FLAIR,scan,Flair Writing Industries Ltd,ORDER_WIN,PROMISING
2026-09-02,CYIENT,scan,Cyient Ltd,ACQUISITION,PROMISING
2026-09-02,PNCINFRA,scan,PNC Infratech Ltd,ORDER_WIN,PROMISING
2026-09-02,CCAVENUE,scan,AvenuesAI Ltd,CAPITAL_RAISE,PROMISING
2026-09-02,HARDWYN,scan,Hardwyn India Ltd,ORDER_WIN,PROMISING
2026-09-02,JKTYRE,scan,JK Tyre & Industries Ltd,ACQUISITION,PROMISING
2026-09-02,IXIGO,scan,Le Travenues Technology Ltd,ORDER_WIN,PROMISING
2026-09-02,HCG,scan,HealthCare Global Enterprises Ltd,CAPITAL_RAISE,PROMISING
2026-09-02,HGINFRA,scan,H.G. Infra Engineering Ltd,ORDER_WIN,PROMISING
2026-09-02,TINNARUBR,scan,Tinna Rubber and Infrastructure Ltd,ACQUISITION,PROMISING
2026-09-02,KOLTEPATIL,scan,Kolte-Patil Developers Ltd,CAPITAL_RAISE,PROMISING
2026-09-02,AVANTEL,scan,Avantel Ltd,ORDER_WIN,PROMISING
2026-09-02,CEINSYS,scan,Ceinsys Tech Ltd,ORDER_WIN,PROMISING
2026-09-02,STERTOOLS,scan,Sterling Tools Ltd,ACQUISITION+CAPITAL_RAISE,PROMISING
2026-09-02,JKLAKSHMI,scan,JK Lakshmi Cement Ltd,ACQUISITION,PROMISING
2026-09-02,PRECWIRE,scan,Precision Wires India Ltd,CAPITAL_RAISE,PROMISING
2026-09-02,JKIL,scan,J. Kumar Infraprojects Ltd,ORDER_WIN,PROMISING
2026-09-02,MOREPENLAB,scan,Morepen Laboratories Ltd,ACQUISITION,PROMISING
2026-09-02,ADVENZYMES,scan,Advanced Enzyme Technologies Ltd,ACQUISITION,PROMISING
2026-09-02,EXCELSOFT,scan,Excelsoft Technologies Ltd,ACQUISITION,PROMISING
2026-09-02,CRIZAC,scan,Crizac Ltd,ACQUISITION,PROMISING
2026-09-02,RATEGAIN,scan,RateGain Travel Technologies Ltd,DEBT_REDUCTION,PROMISING
2026-09-03,IMFA,scan,Indian Metals & Ferro Alloys Ltd,ACQUISITION,PROMISING
2026-09-03,ZEEL,scan,Zee Entertainment Enterprises Ltd,CAPITAL_RAISE,PROMISING
2026-09-03,PARAS,scan,Paras Defence and Space Technologies Ltd,ORDER_WIN,PROMISING
2026-09-03,MASTEK,scan,Mastek Ltd,ORDER_WIN,PROMISING
2026-09-03,HAPPSTMNDS,scan,Happiest Minds Technologies Ltd,RESTRUCTURING,PROMISING
2026-09-03,VIYASH,scan,Viyash Scientific Ltd,ACQUISITION,PROMISING
2026-09-03,ACI,scan,Archean Chemical Industries Ltd,ACQUISITION,PROMISING
2026-09-03,ROHLTD,scan,Royal Orchid Hotels Ltd,ORDER_WIN,PROMISING
2026-09-03,JUNIPER,scan,Juniper Hotels Ltd,ACQUISITION,PROMISING
2026-09-03,JAYKAY,scan,Jaykay Enterprises Ltd,CAPITAL_RAISE,PROMISING
2026-09-03,SIS,scan,SIS Ltd,ACQUISITION,PROMISING
2026-09-03,CARYSIL,scan,Carysil Ltd,RESTRUCTURING,PROMISING
2026-09-03,MOL,scan,Meghmani Organics Ltd,RESTRUCTURING,PROMISING
2026-09-03,RKFORGE,scan,Ramkrishna Forgings Ltd,CAPITAL_RAISE,PROMISING
2026-09-03,ORCHPHARMA,scan,Orchid Pharma Ltd,ORDER_WIN,PROMISING
2026-09-03,CENTUM,scan,Centum Electronics Ltd,RESTRUCTURING,PROMISING
2026-09-03,SONATSOFTW,scan,Sonata Software Ltd,ORDER_WIN+RESTRUCTURING,PROMISING
2026-09-03,TEAMLEASE,scan,TeamLease Services Ltd,ORDER_WIN,PROMISING
2026-09-03,PENIND,scan,Pennar Industries Ltd,CAPITAL_RAISE,PROMISING
2026-09-03,DIAMONDYD,scan,Prataap Snacks Ltd,ACQUISITION,PROMISING
2026-09-03,TEXRAIL,scan,Texmaco Rail & Engineering Ltd,ACQUISITION,PROMISING
2026-09-03,KIRIINDUS,scan,Kiri Industries Ltd,ACQUISITION,PROMISING
2026-09-03,ONWARDTEC,scan,Onward Technologies Ltd,ORDER_WIN,PROMISING
2026-09-03,MEDIASSIST,scan,Medi Assist Healthcare Services Ltd,ACQUISITION,PROMISING
2026-09-03,ARFIN,scan,Arfin India Ltd,ORDER_WIN,PROMISING
2026-09-03,POWERMECH,scan,Power Mech Projects Ltd,ORDER_WIN,PROMISING
2026-09-03,STANLEY,scan,Stanley Lifestyles Ltd,ORDER_WIN,PROMISING
2026-09-03,NAVNETEDUL,scan,Navneet Education Ltd,RESTRUCTURING,PROMISING
2026-09-03,MHRIL,scan,Mahindra Holidays & Resorts India Ltd,ACQUISITION,PROMISING
2026-09-03,MAHSEAMLES,scan,Maharashtra Seamless Ltd,RESTRUCTURING,PROMISING
2026-09-03,SPORTKING,scan,Sportking India Ltd,ACQUISITION,PROMISING
2026-09-03,RAYMOND,scan,Raymond Ltd,CAPITAL_RAISE,PROMISING
2026-09-03,CLEAN,scan,Clean Science and Technology Ltd,ACQUISITION,PROMISING
2026-09-03,WENDT,scan,Wendt (India) Ltd,ACQUISITION+CAPITAL_RAISE,PROMISING
2026-09-03,SILVERTUC,scan,Silver Touch Technologies Ltd,ORDER_WIN,PROMISING
2026-09-03,EPIGRAL,scan,Epigral Ltd,ACQUISITION,PROMISING
2026-09-03,DEEPINDS,scan,Deep Industries Ltd,ORDER_WIN,PROMISING
2026-09-03,SMARTWORKS,scan,Smartworks Coworking Spaces Ltd,ACQUISITION,PROMISING
2026-09-03,GANESHHOU,scan,Ganesh Housing Ltd,RESTRUCTURING,PROMISING
2026-09-03,KRSNAA,scan,Krsnaa Diagnostics Ltd,CAPITAL_RAISE,PROMISING
2026-09-03,SANDHAR,scan,Sandhar Technologies Ltd,ACQUISITION,PROMISING
2026-09-03,BLSE,scan,BLS E-Services Ltd,ACQUISITION,PROMISING
2026-09-03,ATLANTAELE,scan,Atlanta Electricals Ltd,ORDER_WIN,PROMISING
2026-09-03,MANORAMA,scan,Manorama Industries Ltd,CAPITAL_RAISE,PROMISING
2026-09-03,MARSONS,scan,Marsons Ltd,ORDER_WIN,PROMISING
2026-09-03,INDIANHUME,scan,Indian Hume Pipe Company Ltd,ORDER_WIN,PROMISING
2026-09-03,EFCIL,scan,EFC (I) Ltd,ACQUISITION,PROMISING
2026-09-03,HLEGLAS,scan,HLE Glascoat Ltd,ACQUISITION,PROMISING
2026-09-03,EPL,scan,EPL Ltd,ACQUISITION,PROMISING
2026-09-03,QPOWER,scan,Quality Power Electrical Equipments Ltd,ORDER_WIN,PROMISING
2026-09-03,SAIPARENT,scan,Sai Parenterals Ltd,ORDER_WIN,PROMISING
2026-09-03,ASHIANA,scan,Ashiana Housing Ltd,ORDER_WIN,PROMISING
2026-09-03,GSPCROP,scan,GSP Crop Science Ltd,RESTRUCTURING,PROMISING
2026-09-03,BCLIND,scan,BCL Industries Ltd,ACQUISITION,PROMISING
2026-09-03,SRM,scan,SRM Contractors Ltd,ORDER_WIN,PROMISING
2026-09-03,VIKRAMSOLR,scan,Vikram Solar Ltd,RESTRUCTURING,PROMISING
2026-09-03,HEG,scan,HEG Ltd,RESTRUCTURING,PROMISING
2026-09-03,UGROCAP,scan,Ugro Capital Ltd,RESTRUCTURING,PROMISING
2026-09-03,JUBLINGREA,scan,Jubilant Ingrevia Ltd,ACQUISITION,PROMISING
2026-09-03,CEATLTD,scan,Ceat Ltd,ORDER_WIN,PROMISING
2026-09-03,PRICOLLTD,scan,Pricol Ltd,RESTRUCTURING,PROMISING
2026-09-03,DIFFNKG,scan,Diffusion Engineers Ltd,ORDER_WIN,PROMISING
2026-09-03,JAGSNPHARM,scan,Jagsonpal Pharmaceuticals Ltd,ACQUISITION,PROMISING
2026-09-03,LUMAXTECH,scan,Lumax Auto Technologies Ltd,ACQUISITION,PROMISING
2026-09-03,ARIS,scan,ArisInfra Solutions Ltd,RESTRUCTURING,PROMISING
2026-09-03,NIITMTS,scan,NIIT Learning Systems Ltd,RESTRUCTURING,PROMISING
2026-09-03,ARSSBL,scan,Anand Rathi Share And Stock Brokers Ltd,ORDER_WIN,PROMISING
2026-09-03,GUFICBIO,scan,Gufic Biosciences Ltd,ACQUISITION,PROMISING
2026-09-03,JUBLPHARMA,scan,Jubilant Pharmova Ltd,ORDER_WIN,PROMISING
2026-09-03,ANURAS,scan,Anupam Rasayan India Ltd,ACQUISITION,PROMISING
2026-09-03,SAMBHV,scan,Sambhv Steel Tubes Ltd,CAPITAL_RAISE,PROMISING
2026-09-03,GKENERGY,scan,GK Energy Ltd,ORDER_WIN,PROMISING
2026-09-03,TRIDENT,scan,Trident Ltd,ACQUISITION,PROMISING
2026-09-03,PROTEAN,scan,Protean eGov Technologies Ltd,ORDER_WIN,PROMISING
2026-09-03,PICCADIL,scan,Piccadily Agro Industries Ltd,RESTRUCTURING,PROMISING
2026-09-03,SURYAROSNI,scan,Surya Roshni Ltd,ORDER_WIN,PROMISING
2026-09-03,RITES,scan,RITES Ltd,ORDER_WIN,PROMISING
2026-09-03,ASIANTILES,scan,Asian Granito India Ltd,ACQUISITION,PROMISING
2026-09-03,MMFL,scan,MM Forgings Ltd,RESTRUCTURING,PROMISING
2026-09-03,GOLDIAM,scan,Goldiam International Ltd,ORDER_WIN,PROMISING
2026-09-03,VARROC,scan,Varroc Engineering Ltd,ACQUISITION,PROMISING
2026-09-03,WAAREERTL,scan,Waaree Renewable Technologies Ltd,ORDER_WIN,PROMISING
2026-09-03,SHANTIGOLD,scan,Shanti Gold International Ltd,CAPITAL_RAISE,PROMISING
2026-09-03,RANEHOLDIN,scan,Rane Holdings Ltd,CAPITAL_RAISE,PROMISING
2026-09-03,KIRLPNU,scan,Kirloskar Pneumatic Company Ltd,ACQUISITION,PROMISING
2026-09-03,LXCHEM,scan,Laxmi Organic Industries Ltd,CAPITAL_RAISE,PROMISING
2026-09-03,ENTERO,scan,Entero Healthcare Solutions Ltd,ACQUISITION,PROMISING
2026-09-03,JLHL,scan,Jupiter Life Line Hospitals Ltd,ACQUISITION,PROMISING
2026-09-03,BBOX,scan,Black Box Ltd,ORDER_WIN,PROMISING
2026-09-03,SETL,scan,Standard Engineering Technology Ltd,ACQUISITION,PROMISING
2026-09-03,SIYSIL,scan,Siyaram Silk Mills Ltd,RESTRUCTURING,PROMISING
2026-09-03,DATAMATICS,scan,Datamatics Global Services Ltd,ACQUISITION,PROMISING
2026-09-03,PARKHOSPS,scan,Park Medi World Ltd,ACQUISITION,PROMISING
2026-09-03,TRIVENI,scan,Triveni Engineering & Industries Ltd,RESTRUCTURING,PROMISING
2026-09-03,SUDARSCHEM,scan,Sudarshan Chemical Industries Ltd,ACQUISITION,PROMISING
2026-09-03,SAMHI,scan,Samhi Hotels Ltd,ACQUISITION,PROMISING
2026-09-03,SIRCA,scan,Sirca Paints India Ltd,CAPITAL_RAISE,PROMISING
2026-09-03,ICRA,scan,ICRA Ltd,ACQUISITION,PROMISING
2026-09-03,TRANSRAILL,scan,Transrail Lighting Ltd,CAPITAL_RAISE,PROMISING
2026-09-03,DBL,scan,Dilip Buildcon Ltd,ORDER_WIN,PROMISING
2026-09-03,ASHOKA,scan,Ashoka Buildcon Ltd,ORDER_WIN,PROMISING
2026-09-03,ZUARI,scan,Zuari Agro Chemicals Ltd,ORDER_WIN,PROMISING
2026-09-03,ADFFOODS,scan,Adf Foods Ltd,ACQUISITION,PROMISING
2026-09-03,SOLEX,scan,Solex Energy Ltd,ORDER_WIN,PROMISING
2026-09-03,AURUM,scan,Aurum PropTech Ltd,CAPITAL_RAISE,PROMISING
2026-09-03,RPGLIFE,scan,RPG Life Sciences Ltd,ACQUISITION,PROMISING
2026-09-03,RAINBOW,scan,Rainbow Children's Medicare Ltd,ACQUISITION,PROMISING
2026-09-03,VESUVIUS,scan,Vesuvius India Ltd,RESTRUCTURING,PROMISING
2026-09-03,DODLA,scan,Dodla Dairy Ltd,ACQUISITION,PROMISING
2026-09-03,SHK,scan,S H Kelkar and Company Ltd,RESTRUCTURING,PROMISING
2026-09-03,TANLA,scan,Tanla Platforms Ltd,ACQUISITION,PROMISING
2026-09-03,LEMONTREE,scan,Lemon Tree Hotels Ltd,ORDER_WIN,PROMISING
2026-09-03,SOMANYCERA,scan,Somany Ceramics Ltd,RESTRUCTURING,PROMISING
2026-09-03,SENORES,scan,Senores Pharmaceuticals Ltd,CAPITAL_RAISE,PROMISING
2026-09-03,HARIOMPIPE,scan,Hariom Pipe Industries Ltd,CAPITAL_RAISE,PROMISING
2026-09-03,AKUMS,scan,Akums Drugs and Pharmaceuticals Ltd,ACQUISITION,PROMISING
2026-09-03,SAREGAMA,scan,Saregama India Ltd,ACQUISITION,PROMISING
2026-09-03,VINCOFE,scan,Vintage Coffee And Beverages Ltd,ORDER_WIN,PROMISING
2026-09-03,GRAPHITE,scan,Graphite India Ltd,ORDER_WIN,PROMISING
2026-09-03,JAMNAAUTO,scan,Jamna Auto Industries Ltd,ACQUISITION,PROMISING
2026-09-03,HITECH,scan,Hi-Tech Pipes Ltd,CAPITAL_RAISE,PROMISING
2026-09-03,GREAVESCOT,scan,Greaves Cotton Ltd,ACQUISITION,PROMISING
2026-09-03,20MICRONS,scan,20 Microns Ltd,ACQUISITION,PROMISING
2026-09-03,TVSSRICHAK,scan,TVS Srichakra Ltd,ACQUISITION,PROMISING
2026-09-03,WABAG,scan,VA Tech Wabag Ltd,ORDER_WIN,PROMISING
2026-09-03,SGMART,scan,SG Mart Ltd,ACQUISITION,PROMISING
2026-09-03,TIIL,scan,Technocraft Industries (India) Ltd,ACQUISITION,PROMISING
2026-09-03,SOBHA,scan,Sobha Ltd,CAPITAL_RAISE,PROMISING
2026-09-03,FLAIR,scan,Flair Writing Industries Ltd,ORDER_WIN,PROMISING
2026-09-03,CYIENT,scan,Cyient Ltd,ACQUISITION,PROMISING
2026-09-03,PNCINFRA,scan,PNC Infratech Ltd,ORDER_WIN,PROMISING
2026-09-03,CCAVENUE,scan,AvenuesAI Ltd,CAPITAL_RAISE,PROMISING
2026-09-03,HARDWYN,scan,Hardwyn India Ltd,ORDER_WIN,PROMISING
2026-09-03,JKTYRE,scan,JK Tyre & Industries Ltd,ACQUISITION,PROMISING
2026-09-03,IXIGO,scan,Le Travenues Technology Ltd,ORDER_WIN,PROMISING
2026-09-03,HCG,scan,HealthCare Global Enterprises Ltd,CAPITAL_RAISE,PROMISING
2026-09-03,HGINFRA,scan,H.G. Infra Engineering Ltd,ORDER_WIN,PROMISING
2026-09-03,TINNARUBR,scan,Tinna Rubber and Infrastructure Ltd,ACQUISITION,PROMISING
2026-09-03,KOLTEPATIL,scan,Kolte-Patil Developers Ltd,CAPITAL_RAISE,PROMISING
2026-09-03,AVANTEL,scan,Avantel Ltd,ORDER_WIN,PROMISING
2026-09-03,CEINSYS,scan,Ceinsys Tech Ltd,ORDER_WIN,PROMISING
2026-09-03,STERTOOLS,scan,Sterling Tools Ltd,ACQUISITION+CAPITAL_RAISE,PROMISING
2026-09-03,JKLAKSHMI,scan,JK Lakshmi Cement Ltd,ACQUISITION,PROMISING
2026-09-03,PRECWIRE,scan,Precision Wires India Ltd,CAPITAL_RAISE,PROMISING
2026-09-03,JKIL,scan,J. Kumar Infraprojects Ltd,ORDER_WIN,PROMISING
2026-09-03,MOREPENLAB,scan,Morepen Laboratories Ltd,ACQUISITION,PROMISING
2026-09-03,ADVENZYMES,scan,Advanced Enzyme Technologies Ltd,ACQUISITION,PROMISING
2026-09-03,EXCELSOFT,scan,Excelsoft Technologies Ltd,ACQUISITION,PROMISING
2026-09-03,CRIZAC,scan,Crizac Ltd,ACQUISITION,PROMISING
2026-09-03,RATEGAIN,scan,RateGain Travel Technologies Ltd,DEBT_REDUCTION,PROMISING
2026-09-04,IMFA,scan,Indian Metals & Ferro Alloys Ltd,ACQUISITION,PROMISING
2026-09-04,ZEEL,scan,Zee Entertainment Enterprises Ltd,CAPITAL_RAISE,PROMISING
2026-09-04,PARAS,scan,Paras Defence and Space Technologies Ltd,ORDER_WIN,PROMISING
2026-09-04,MASTEK,scan,Mastek Ltd,ORDER_WIN,PROMISING
2026-09-04,HAPPSTMNDS,scan,Happiest Minds Technologies Ltd,RESTRUCTURING,PROMISING
2026-09-04,VIYASH,scan,Viyash Scientific Ltd,ACQUISITION,PROMISING
2026-09-04,ACI,scan,Archean Chemical Industries Ltd,ACQUISITION,PROMISING
2026-09-04,ROHLTD,scan,Royal Orchid Hotels Ltd,ORDER_WIN,PROMISING
2026-09-04,JUNIPER,scan,Juniper Hotels Ltd,ACQUISITION,PROMISING
2026-09-04,JAYKAY,scan,Jaykay Enterprises Ltd,CAPITAL_RAISE,PROMISING
2026-09-04,SIS,scan,SIS Ltd,ACQUISITION,PROMISING
2026-09-04,CARYSIL,scan,Carysil Ltd,RESTRUCTURING,PROMISING
2026-09-04,MOL,scan,Meghmani Organics Ltd,RESTRUCTURING,PROMISING
2026-09-04,RKFORGE,scan,Ramkrishna Forgings Ltd,CAPITAL_RAISE,PROMISING
2026-09-04,ORCHPHARMA,scan,Orchid Pharma Ltd,ORDER_WIN,PROMISING
2026-09-04,CENTUM,scan,Centum Electronics Ltd,RESTRUCTURING,PROMISING
2026-09-04,SONATSOFTW,scan,Sonata Software Ltd,ORDER_WIN+RESTRUCTURING,PROMISING
2026-09-04,TEAMLEASE,scan,TeamLease Services Ltd,ORDER_WIN,PROMISING
2026-09-04,PENIND,scan,Pennar Industries Ltd,CAPITAL_RAISE,PROMISING
2026-09-04,DIAMONDYD,scan,Prataap Snacks Ltd,ACQUISITION,PROMISING
2026-09-04,TEXRAIL,scan,Texmaco Rail & Engineering Ltd,ACQUISITION,PROMISING
2026-09-04,KIRIINDUS,scan,Kiri Industries Ltd,ACQUISITION,PROMISING
2026-09-04,ONWARDTEC,scan,Onward Technologies Ltd,ORDER_WIN,PROMISING
2026-09-04,MEDIASSIST,scan,Medi Assist Healthcare Services Ltd,ACQUISITION,PROMISING
2026-09-04,ARFIN,scan,Arfin India Ltd,ORDER_WIN,PROMISING
2026-09-04,POWERMECH,scan,Power Mech Projects Ltd,ORDER_WIN,PROMISING
2026-09-04,STANLEY,scan,Stanley Lifestyles Ltd,ORDER_WIN,PROMISING
2026-09-04,NAVNETEDUL,scan,Navneet Education Ltd,RESTRUCTURING,PROMISING
2026-09-04,MHRIL,scan,Mahindra Holidays & Resorts India Ltd,ACQUISITION,PROMISING
2026-09-04,MAHSEAMLES,scan,Maharashtra Seamless Ltd,RESTRUCTURING,PROMISING
2026-09-04,SPORTKING,scan,Sportking India Ltd,ACQUISITION,PROMISING
2026-09-04,RAYMOND,scan,Raymond Ltd,CAPITAL_RAISE,PROMISING
2026-09-04,CLEAN,scan,Clean Science and Technology Ltd,ACQUISITION,PROMISING
2026-09-04,WENDT,scan,Wendt (India) Ltd,ACQUISITION+CAPITAL_RAISE,PROMISING
2026-09-04,SILVERTUC,scan,Silver Touch Technologies Ltd,ORDER_WIN,PROMISING
2026-09-04,EPIGRAL,scan,Epigral Ltd,ACQUISITION,PROMISING
2026-09-04,DEEPINDS,scan,Deep Industries Ltd,ORDER_WIN,PROMISING
2026-09-04,SMARTWORKS,scan,Smartworks Coworking Spaces Ltd,ACQUISITION,PROMISING
2026-09-04,GANESHHOU,scan,Ganesh Housing Ltd,RESTRUCTURING,PROMISING
2026-09-04,KRSNAA,scan,Krsnaa Diagnostics Ltd,CAPITAL_RAISE,PROMISING
2026-09-04,SANDHAR,scan,Sandhar Technologies Ltd,ACQUISITION,PROMISING
2026-09-04,BLSE,scan,BLS E-Services Ltd,ACQUISITION,PROMISING
2026-09-04,ATLANTAELE,scan,Atlanta Electricals Ltd,ORDER_WIN,PROMISING
2026-09-04,MANORAMA,scan,Manorama Industries Ltd,CAPITAL_RAISE,PROMISING
2026-09-04,MARSONS,scan,Marsons Ltd,ORDER_WIN,PROMISING
2026-09-04,INDIANHUME,scan,Indian Hume Pipe Company Ltd,ORDER_WIN,PROMISING
2026-09-04,EFCIL,scan,EFC (I) Ltd,ACQUISITION,PROMISING
2026-09-04,HLEGLAS,scan,HLE Glascoat Ltd,ACQUISITION,PROMISING
2026-09-04,EPL,scan,EPL Ltd,ACQUISITION,PROMISING
2026-09-04,QPOWER,scan,Quality Power Electrical Equipments Ltd,ORDER_WIN,PROMISING
2026-09-04,SAIPARENT,scan,Sai Parenterals Ltd,ORDER_WIN,PROMISING
2026-09-04,ASHIANA,scan,Ashiana Housing Ltd,ORDER_WIN,PROMISING
2026-09-04,GSPCROP,scan,GSP Crop Science Ltd,RESTRUCTURING,PROMISING
2026-09-04,BCLIND,scan,BCL Industries Ltd,ACQUISITION,PROMISING
2026-09-04,SRM,scan,SRM Contractors Ltd,ORDER_WIN,PROMISING
2026-09-04,VIKRAMSOLR,scan,Vikram Solar Ltd,RESTRUCTURING,PROMISING
2026-09-04,HEG,scan,HEG Ltd,RESTRUCTURING,PROMISING
2026-09-04,UGROCAP,scan,Ugro Capital Ltd,RESTRUCTURING,PROMISING
2026-09-04,JUBLINGREA,scan,Jubilant Ingrevia Ltd,ACQUISITION,PROMISING
2026-09-04,CEATLTD,scan,Ceat Ltd,ORDER_WIN,PROMISING
2026-09-04,PRICOLLTD,scan,Pricol Ltd,RESTRUCTURING,PROMISING
2026-09-04,DIFFNKG,scan,Diffusion Engineers Ltd,ORDER_WIN,PROMISING
2026-09-04,JAGSNPHARM,scan,Jagsonpal Pharmaceuticals Ltd,ACQUISITION,PROMISING
2026-09-04,LUMAXTECH,scan,Lumax Auto Technologies Ltd,ACQUISITION,PROMISING
2026-09-04,ARIS,scan,ArisInfra Solutions Ltd,RESTRUCTURING,PROMISING
2026-09-04,NIITMTS,scan,NIIT Learning Systems Ltd,RESTRUCTURING,PROMISING
2026-09-04,ARSSBL,scan,Anand Rathi Share And Stock Brokers Ltd,ORDER_WIN,PROMISING
2026-09-04,GUFICBIO,scan,Gufic Biosciences Ltd,ACQUISITION,PROMISING
2026-09-04,JUBLPHARMA,scan,Jubilant Pharmova Ltd,ORDER_WIN,PROMISING
2026-09-04,ANURAS,scan,Anupam Rasayan India Ltd,ACQUISITION,PROMISING
2026-09-04,SAMBHV,scan,Sambhv Steel Tubes Ltd,CAPITAL_RAISE,PROMISING
2026-09-04,GKENERGY,scan,GK Energy Ltd,ORDER_WIN,PROMISING
2026-09-04,TRIDENT,scan,Trident Ltd,ACQUISITION,PROMISING
2026-09-04,PROTEAN,scan,Protean eGov Technologies Ltd,ORDER_WIN,PROMISING
2026-09-04,PICCADIL,scan,Piccadily Agro Industries Ltd,RESTRUCTURING,PROMISING
2026-09-04,SURYAROSNI,scan,Surya Roshni Ltd,ORDER_WIN,PROMISING
2026-09-04,RITES,scan,RITES Ltd,ORDER_WIN,PROMISING
2026-09-04,ASIANTILES,scan,Asian Granito India Ltd,ACQUISITION,PROMISING
2026-09-04,MMFL,scan,MM Forgings Ltd,RESTRUCTURING,PROMISING
2026-09-04,GOLDIAM,scan,Goldiam International Ltd,ORDER_WIN,PROMISING
2026-09-04,VARROC,scan,Varroc Engineering Ltd,ACQUISITION,PROMISING
2026-09-04,WAAREERTL,scan,Waaree Renewable Technologies Ltd,ORDER_WIN,PROMISING
2026-09-04,SHANTIGOLD,scan,Shanti Gold International Ltd,CAPITAL_RAISE,PROMISING
2026-09-04,RANEHOLDIN,scan,Rane Holdings Ltd,CAPITAL_RAISE,PROMISING
2026-09-04,KIRLPNU,scan,Kirloskar Pneumatic Company Ltd,ACQUISITION,PROMISING
2026-09-04,LXCHEM,scan,Laxmi Organic Industries Ltd,CAPITAL_RAISE,PROMISING
2026-09-04,ENTERO,scan,Entero Healthcare Solutions Ltd,ACQUISITION,PROMISING
2026-09-04,JLHL,scan,Jupiter Life Line Hospitals Ltd,ACQUISITION,PROMISING
2026-09-04,BBOX,scan,Black Box Ltd,ORDER_WIN,PROMISING
2026-09-04,SETL,scan,Standard Engineering Technology Ltd,ACQUISITION,PROMISING
2026-09-04,SIYSIL,scan,Siyaram Silk Mills Ltd,RESTRUCTURING,PROMISING
2026-09-04,DATAMATICS,scan,Datamatics Global Services Ltd,ACQUISITION,PROMISING
2026-09-04,PARKHOSPS,scan,Park Medi World Ltd,ACQUISITION,PROMISING
2026-09-04,TRIVENI,scan,Triveni Engineering & Industries Ltd,RESTRUCTURING,PROMISING
2026-09-04,SUDARSCHEM,scan,Sudarshan Chemical Industries Ltd,ACQUISITION,PROMISING
2026-09-04,SAMHI,scan,Samhi Hotels Ltd,ACQUISITION,PROMISING
2026-09-04,SIRCA,scan,Sirca Paints India Ltd,CAPITAL_RAISE,PROMISING
2026-09-04,ICRA,scan,ICRA Ltd,ACQUISITION,PROMISING
2026-09-04,TRANSRAILL,scan,Transrail Lighting Ltd,CAPITAL_RAISE,PROMISING
2026-09-04,DBL,scan,Dilip Buildcon Ltd,ORDER_WIN,PROMISING
2026-09-04,ASHOKA,scan,Ashoka Buildcon Ltd,ORDER_WIN,PROMISING
2026-09-04,ZUARI,scan,Zuari Agro Chemicals Ltd,ORDER_WIN,PROMISING
2026-09-04,ADFFOODS,scan,Adf Foods Ltd,ACQUISITION,PROMISING
2026-09-04,SOLEX,scan,Solex Energy Ltd,ORDER_WIN,PROMISING
2026-09-04,AURUM,scan,Aurum PropTech Ltd,CAPITAL_RAISE,PROMISING
2026-09-04,RPGLIFE,scan,RPG Life Sciences Ltd,ACQUISITION,PROMISING
2026-09-04,RAINBOW,scan,Rainbow Children's Medicare Ltd,ACQUISITION,PROMISING
2026-09-04,VESUVIUS,scan,Vesuvius India Ltd,RESTRUCTURING,PROMISING
2026-09-04,DODLA,scan,Dodla Dairy Ltd,ACQUISITION,PROMISING
2026-09-04,SHK,scan,S H Kelkar and Company Ltd,RESTRUCTURING,PROMISING
2026-09-04,TANLA,scan,Tanla Platforms Ltd,ACQUISITION,PROMISING
2026-09-04,LEMONTREE,scan,Lemon Tree Hotels Ltd,ORDER_WIN,PROMISING
2026-09-04,SOMANYCERA,scan,Somany Ceramics Ltd,RESTRUCTURING,PROMISING
2026-09-04,SENORES,scan,Senores Pharmaceuticals Ltd,CAPITAL_RAISE,PROMISING
2026-09-04,HARIOMPIPE,scan,Hariom Pipe Industries Ltd,CAPITAL_RAISE,PROMISING
2026-09-04,AKUMS,scan,Akums Drugs and Pharmaceuticals Ltd,ACQUISITION,PROMISING
2026-09-04,SAREGAMA,scan,Saregama India Ltd,ACQUISITION,PROMISING
2026-09-04,VINCOFE,scan,Vintage Coffee And Beverages Ltd,ORDER_WIN,PROMISING
2026-09-04,GRAPHITE,scan,Graphite India Ltd,ORDER_WIN,PROMISING
2026-09-04,JAMNAAUTO,scan,Jamna Auto Industries Ltd,ACQUISITION,PROMISING
2026-09-04,HITECH,scan,Hi-Tech Pipes Ltd,CAPITAL_RAISE,PROMISING
2026-09-04,GREAVESCOT,scan,Greaves Cotton Ltd,ACQUISITION,PROMISING
2026-09-04,20MICRONS,scan,20 Microns Ltd,ACQUISITION,PROMISING
2026-09-04,TVSSRICHAK,scan,TVS Srichakra Ltd,ACQUISITION,PROMISING
2026-09-04,WABAG,scan,VA Tech Wabag Ltd,ORDER_WIN,PROMISING
2026-09-04,SGMART,scan,SG Mart Ltd,ACQUISITION,PROMISING
2026-09-04,TIIL,scan,Technocraft Industries (India) Ltd,ACQUISITION,PROMISING
2026-09-04,SOBHA,scan,Sobha Ltd,CAPITAL_RAISE,PROMISING
2026-09-04,FLAIR,scan,Flair Writing Industries Ltd,ORDER_WIN,PROMISING
2026-09-04,CYIENT,scan,Cyient Ltd,ACQUISITION,PROMISING
2026-09-04,PNCINFRA,scan,PNC Infratech Ltd,ORDER_WIN,PROMISING
2026-09-04,CCAVENUE,scan,AvenuesAI Ltd,CAPITAL_RAISE,PROMISING
2026-09-04,HARDWYN,scan,Hardwyn India Ltd,ORDER_WIN,PROMISING
2026-09-04,JKTYRE,scan,JK Tyre & Industries Ltd,ACQUISITION,PROMISING
2026-09-04,IXIGO,scan,Le Travenues Technology Ltd,ORDER_WIN,PROMISING
2026-09-04,HCG,scan,HealthCare Global Enterprises Ltd,CAPITAL_RAISE,PROMISING
2026-09-04,HGINFRA,scan,H.G. Infra Engineering Ltd,ORDER_WIN,PROMISING
2026-09-04,TINNARUBR,scan,Tinna Rubber and Infrastructure Ltd,ACQUISITION,PROMISING
2026-09-04,KOLTEPATIL,scan,Kolte-Patil Developers Ltd,CAPITAL_RAISE,PROMISING
2026-09-04,AVANTEL,scan,Avantel Ltd,ORDER_WIN,PROMISING
2026-09-04,CEINSYS,scan,Ceinsys Tech Ltd,ORDER_WIN,PROMISING
2026-09-04,STERTOOLS,scan,Sterling Tools Ltd,ACQUISITION+CAPITAL_RAISE,PROMISING
2026-09-04,JKLAKSHMI,scan,JK Lakshmi Cement Ltd,ACQUISITION,PROMISING
2026-09-04,PRECWIRE,scan,Precision Wires India Ltd,CAPITAL_RAISE,PROMISING
2026-09-04,JKIL,scan,J. Kumar Infraprojects Ltd,ORDER_WIN,PROMISING
2026-09-04,MOREPENLAB,scan,Morepen Laboratories Ltd,ACQUISITION,PROMISING
2026-09-04,ADVENZYMES,scan,Advanced Enzyme Technologies Ltd,ACQUISITION,PROMISING
2026-09-04,EXCELSOFT,scan,Excelsoft Technologies Ltd,ACQUISITION,PROMISING
2026-09-04,CRIZAC,scan,Crizac Ltd,ACQUISITION,PROMISING
2026-09-04,RATEGAIN,scan,RateGain Travel Technologies Ltd,DEBT_REDUCTION,PROMISING
2026-09-05,IMFA,scan,Indian Metals & Ferro Alloys Ltd,ACQUISITION,PROMISING
2026-09-05,ZEEL,scan,Zee Entertainment Enterprises Ltd,CAPITAL_RAISE,PROMISING
2026-09-05,PARAS,scan,Paras Defence and Space Technologies Ltd,ORDER_WIN,PROMISING
2026-09-05,MASTEK,scan,Mastek Ltd,ORDER_WIN,PROMISING
2026-09-05,HAPPSTMNDS,scan,Happiest Minds Technologies Ltd,RESTRUCTURING,PROMISING
2026-09-05,VIYASH,scan,Viyash Scientific Ltd,ACQUISITION,PROMISING
2026-09-05,ACI,scan,Archean Chemical Industries Ltd,ACQUISITION,PROMISING
2026-09-05,ROHLTD,scan,Royal Orchid Hotels Ltd,ORDER_WIN,PROMISING
2026-09-05,JUNIPER,scan,Juniper Hotels Ltd,ACQUISITION,PROMISING
2026-09-05,JAYKAY,scan,Jaykay Enterprises Ltd,CAPITAL_RAISE,PROMISING
2026-09-05,SIS,scan,SIS Ltd,ACQUISITION,PROMISING
2026-09-05,CARYSIL,scan,Carysil Ltd,RESTRUCTURING,PROMISING
2026-09-05,MOL,scan,Meghmani Organics Ltd,RESTRUCTURING,PROMISING
2026-09-05,RKFORGE,scan,Ramkrishna Forgings Ltd,CAPITAL_RAISE,PROMISING
2026-09-05,ORCHPHARMA,scan,Orchid Pharma Ltd,ORDER_WIN,PROMISING
2026-09-05,CENTUM,scan,Centum Electronics Ltd,RESTRUCTURING,PROMISING
2026-09-05,SONATSOFTW,scan,Sonata Software Ltd,ORDER_WIN+RESTRUCTURING,PROMISING
2026-09-05,TEAMLEASE,scan,TeamLease Services Ltd,ORDER_WIN,PROMISING
2026-09-05,PENIND,scan,Pennar Industries Ltd,CAPITAL_RAISE,PROMISING
2026-09-05,DIAMONDYD,scan,Prataap Snacks Ltd,ACQUISITION,PROMISING
2026-09-05,TEXRAIL,scan,Texmaco Rail & Engineering Ltd,ACQUISITION,PROMISING
2026-09-05,KIRIINDUS,scan,Kiri Industries Ltd,ACQUISITION,PROMISING
2026-09-05,ONWARDTEC,scan,Onward Technologies Ltd,ORDER_WIN,PROMISING
2026-09-05,MEDIASSIST,scan,Medi Assist Healthcare Services Ltd,ACQUISITION,PROMISING
2026-09-05,ARFIN,scan,Arfin India Ltd,ORDER_WIN,PROMISING
2026-09-05,POWERMECH,scan,Power Mech Projects Ltd,ORDER_WIN,PROMISING
2026-09-05,STANLEY,scan,Stanley Lifestyles Ltd,ORDER_WIN,PROMISING
2026-09-05,NAVNETEDUL,scan,Navneet Education Ltd,RESTRUCTURING,PROMISING
2026-09-05,MHRIL,scan,Mahindra Holidays & Resorts India Ltd,ACQUISITION,PROMISING
2026-09-05,MAHSEAMLES,scan,Maharashtra Seamless Ltd,RESTRUCTURING,PROMISING
2026-09-05,SPORTKING,scan,Sportking India Ltd,ACQUISITION,PROMISING
2026-09-05,RAYMOND,scan,Raymond Ltd,CAPITAL_RAISE,PROMISING
2026-09-05,CLEAN,scan,Clean Science and Technology Ltd,ACQUISITION,PROMISING
2026-09-05,WENDT,scan,Wendt (India) Ltd,ACQUISITION+CAPITAL_RAISE,PROMISING
2026-09-05,SILVERTUC,scan,Silver Touch Technologies Ltd,ORDER_WIN,PROMISING
2026-09-05,EPIGRAL,scan,Epigral Ltd,ACQUISITION,PROMISING
2026-09-05,DEEPINDS,scan,Deep Industries Ltd,ORDER_WIN,PROMISING
2026-09-05,SMARTWORKS,scan,Smartworks Coworking Spaces Ltd,ACQUISITION,PROMISING
2026-09-05,GANESHHOU,scan,Ganesh Housing Ltd,RESTRUCTURING,PROMISING
2026-09-05,KRSNAA,scan,Krsnaa Diagnostics Ltd,CAPITAL_RAISE,PROMISING
2026-09-05,SANDHAR,scan,Sandhar Technologies Ltd,ACQUISITION,PROMISING
2026-09-05,BLSE,scan,BLS E-Services Ltd,ACQUISITION,PROMISING
2026-09-05,ATLANTAELE,scan,Atlanta Electricals Ltd,ORDER_WIN,PROMISING
2026-09-05,MANORAMA,scan,Manorama Industries Ltd,CAPITAL_RAISE,PROMISING
2026-09-05,MARSONS,scan,Marsons Ltd,ORDER_WIN,PROMISING
2026-09-05,INDIANHUME,scan,Indian Hume Pipe Company Ltd,ORDER_WIN,PROMISING
2026-09-05,EFCIL,scan,EFC (I) Ltd,ACQUISITION,PROMISING
2026-09-05,HLEGLAS,scan,HLE Glascoat Ltd,ACQUISITION,PROMISING
2026-09-05,EPL,scan,EPL Ltd,ACQUISITION,PROMISING
2026-09-05,QPOWER,scan,Quality Power Electrical Equipments Ltd,ORDER_WIN,PROMISING
2026-09-05,SAIPARENT,scan,Sai Parenterals Ltd,ORDER_WIN,PROMISING
2026-09-05,ASHIANA,scan,Ashiana Housing Ltd,ORDER_WIN,PROMISING
2026-09-05,GSPCROP,scan,GSP Crop Science Ltd,RESTRUCTURING,PROMISING
2026-09-05,BCLIND,scan,BCL Industries Ltd,ACQUISITION,PROMISING
2026-09-05,SRM,scan,SRM Contractors Ltd,ORDER_WIN,PROMISING
2026-09-05,VIKRAMSOLR,scan,Vikram Solar Ltd,RESTRUCTURING,PROMISING
2026-09-05,HEG,scan,HEG Ltd,RESTRUCTURING,PROMISING
2026-09-05,UGROCAP,scan,Ugro Capital Ltd,RESTRUCTURING,PROMISING
2026-09-05,JUBLINGREA,scan,Jubilant Ingrevia Ltd,ACQUISITION,PROMISING
2026-09-05,CEATLTD,scan,Ceat Ltd,ORDER_WIN,PROMISING
2026-09-05,PRICOLLTD,scan,Pricol Ltd,RESTRUCTURING,PROMISING
2026-09-05,DIFFNKG,scan,Diffusion Engineers Ltd,ORDER_WIN,PROMISING
2026-09-05,JAGSNPHARM,scan,Jagsonpal Pharmaceuticals Ltd,ACQUISITION,PROMISING
2026-09-05,LUMAXTECH,scan,Lumax Auto Technologies Ltd,ACQUISITION,PROMISING
2026-09-05,ARIS,scan,ArisInfra Solutions Ltd,RESTRUCTURING,PROMISING
2026-09-05,NIITMTS,scan,NIIT Learning Systems Ltd,RESTRUCTURING,PROMISING
2026-09-05,ARSSBL,scan,Anand Rathi Share And Stock Brokers Ltd,ORDER_WIN,PROMISING
2026-09-05,GUFICBIO,scan,Gufic Biosciences Ltd,ACQUISITION,PROMISING
2026-09-05,JUBLPHARMA,scan,Jubilant Pharmova Ltd,ORDER_WIN,PROMISING
2026-09-05,ANURAS,scan,Anupam Rasayan India Ltd,ACQUISITION,PROMISING
2026-09-05,SAMBHV,scan,Sambhv Steel Tubes Ltd,CAPITAL_RAISE,PROMISING
2026-09-05,GKENERGY,scan,GK Energy Ltd,ORDER_WIN,PROMISING
2026-09-05,TRIDENT,scan,Trident Ltd,ACQUISITION,PROMISING
2026-09-05,PROTEAN,scan,Protean eGov Technologies Ltd,ORDER_WIN,PROMISING
2026-09-05,PICCADIL,scan,Piccadily Agro Industries Ltd,RESTRUCTURING,PROMISING
2026-09-05,SURYAROSNI,scan,Surya Roshni Ltd,ORDER_WIN,PROMISING
2026-09-05,RITES,scan,RITES Ltd,ORDER_WIN,PROMISING
2026-09-05,ASIANTILES,scan,Asian Granito India Ltd,ACQUISITION,PROMISING
2026-09-05,MMFL,scan,MM Forgings Ltd,RESTRUCTURING,PROMISING
2026-09-05,GOLDIAM,scan,Goldiam International Ltd,ORDER_WIN,PROMISING
2026-09-05,VARROC,scan,Varroc Engineering Ltd,ACQUISITION,PROMISING
2026-09-05,WAAREERTL,scan,Waaree Renewable Technologies Ltd,ORDER_WIN,PROMISING
2026-09-05,SHANTIGOLD,scan,Shanti Gold International Ltd,CAPITAL_RAISE,PROMISING
2026-09-05,RANEHOLDIN,scan,Rane Holdings Ltd,CAPITAL_RAISE,PROMISING
2026-09-05,KIRLPNU,scan,Kirloskar Pneumatic Company Ltd,ACQUISITION,PROMISING
2026-09-05,LXCHEM,scan,Laxmi Organic Industries Ltd,CAPITAL_RAISE,PROMISING
2026-09-05,ENTERO,scan,Entero Healthcare Solutions Ltd,ACQUISITION,PROMISING
2026-09-05,JLHL,scan,Jupiter Life Line Hospitals Ltd,ACQUISITION,PROMISING
2026-09-05,BBOX,scan,Black Box Ltd,ORDER_WIN,PROMISING
2026-09-05,SETL,scan,Standard Engineering Technology Ltd,ACQUISITION,PROMISING
2026-09-05,SIYSIL,scan,Siyaram Silk Mills Ltd,RESTRUCTURING,PROMISING
2026-09-05,DATAMATICS,scan,Datamatics Global Services Ltd,ACQUISITION,PROMISING
2026-09-05,PARKHOSPS,scan,Park Medi World Ltd,ACQUISITION,PROMISING
2026-09-05,TRIVENI,scan,Triveni Engineering & Industries Ltd,RESTRUCTURING,PROMISING
2026-09-05,SUDARSCHEM,scan,Sudarshan Chemical Industries Ltd,ACQUISITION,PROMISING
2026-09-05,SAMHI,scan,Samhi Hotels Ltd,ACQUISITION,PROMISING
2026-09-05,SIRCA,scan,Sirca Paints India Ltd,CAPITAL_RAISE,PROMISING
2026-09-05,ICRA,scan,ICRA Ltd,ACQUISITION,PROMISING
2026-09-05,TRANSRAILL,scan,Transrail Lighting Ltd,CAPITAL_RAISE,PROMISING
2026-09-05,DBL,scan,Dilip Buildcon Ltd,ORDER_WIN,PROMISING
2026-09-05,ASHOKA,scan,Ashoka Buildcon Ltd,ORDER_WIN,PROMISING
2026-09-05,ZUARI,scan,Zuari Agro Chemicals Ltd,ORDER_WIN,PROMISING
2026-09-05,ADFFOODS,scan,Adf Foods Ltd,ACQUISITION,PROMISING
2026-09-05,SOLEX,scan,Solex Energy Ltd,ORDER_WIN,PROMISING
2026-09-05,AURUM,scan,Aurum PropTech Ltd,CAPITAL_RAISE,PROMISING
2026-09-05,RPGLIFE,scan,RPG Life Sciences Ltd,ACQUISITION,PROMISING
2026-09-05,RAINBOW,scan,Rainbow Children's Medicare Ltd,ACQUISITION,PROMISING
2026-09-05,VESUVIUS,scan,Vesuvius India Ltd,RESTRUCTURING,PROMISING
2026-09-05,DODLA,scan,Dodla Dairy Ltd,ACQUISITION,PROMISING
2026-09-05,SHK,scan,S H Kelkar and Company Ltd,RESTRUCTURING,PROMISING
2026-09-05,TANLA,scan,Tanla Platforms Ltd,ACQUISITION,PROMISING
2026-09-05,LEMONTREE,scan,Lemon Tree Hotels Ltd,ORDER_WIN,PROMISING
2026-09-05,SOMANYCERA,scan,Somany Ceramics Ltd,RESTRUCTURING,PROMISING
2026-09-05,SENORES,scan,Senores Pharmaceuticals Ltd,CAPITAL_RAISE,PROMISING
2026-09-05,HARIOMPIPE,scan,Hariom Pipe Industries Ltd,CAPITAL_RAISE,PROMISING
2026-09-05,AKUMS,scan,Akums Drugs and Pharmaceuticals Ltd,ACQUISITION,PROMISING
2026-09-05,SAREGAMA,scan,Saregama India Ltd,ACQUISITION,PROMISING
2026-09-05,VINCOFE,scan,Vintage Coffee And Beverages Ltd,ORDER_WIN,PROMISING
2026-09-05,GRAPHITE,scan,Graphite India Ltd,ORDER_WIN,PROMISING
2026-09-05,JAMNAAUTO,scan,Jamna Auto Industries Ltd,ACQUISITION,PROMISING
2026-09-05,HITECH,scan,Hi-Tech Pipes Ltd,CAPITAL_RAISE,PROMISING
2026-09-05,GREAVESCOT,scan,Greaves Cotton Ltd,ACQUISITION,PROMISING
2026-09-05,20MICRONS,scan,20 Microns Ltd,ACQUISITION,PROMISING
2026-09-05,TVSSRICHAK,scan,TVS Srichakra Ltd,ACQUISITION,PROMISING
2026-09-05,WABAG,scan,VA Tech Wabag Ltd,ORDER_WIN,PROMISING
2026-09-05,SGMART,scan,SG Mart Ltd,ACQUISITION,PROMISING
2026-09-05,TIIL,scan,Technocraft Industries (India) Ltd,ACQUISITION,PROMISING
2026-09-05,SOBHA,scan,Sobha Ltd,CAPITAL_RAISE,PROMISING
2026-09-05,FLAIR,scan,Flair Writing Industries Ltd,ORDER_WIN,PROMISING
2026-09-05,CYIENT,scan,Cyient Ltd,ACQUISITION,PROMISING
2026-09-05,PNCINFRA,scan,PNC Infratech Ltd,ORDER_WIN,PROMISING
2026-09-05,CCAVENUE,scan,AvenuesAI Ltd,CAPITAL_RAISE,PROMISING
2026-09-05,HARDWYN,scan,Hardwyn India Ltd,ORDER_WIN,PROMISING
2026-09-05,JKTYRE,scan,JK Tyre & Industries Ltd,ACQUISITION,PROMISING
2026-09-05,IXIGO,scan,Le Travenues Technology Ltd,ORDER_WIN,PROMISING
2026-09-05,HCG,scan,HealthCare Global Enterprises Ltd,CAPITAL_RAISE,PROMISING
2026-09-05,HGINFRA,scan,H.G. Infra Engineering Ltd,ORDER_WIN,PROMISING
2026-09-05,TINNARUBR,scan,Tinna Rubber and Infrastructure Ltd,ACQUISITION,PROMISING
2026-09-05,KOLTEPATIL,scan,Kolte-Patil Developers Ltd,CAPITAL_RAISE,PROMISING
2026-09-05,AVANTEL,scan,Avantel Ltd,ORDER_WIN,PROMISING
2026-09-05,CEINSYS,scan,Ceinsys Tech Ltd,ORDER_WIN,PROMISING
2026-09-05,STERTOOLS,scan,Sterling Tools Ltd,ACQUISITION+CAPITAL_RAISE,PROMISING
2026-09-05,JKLAKSHMI,scan,JK Lakshmi Cement Ltd,ACQUISITION,PROMISING
2026-09-05,PRECWIRE,scan,Precision Wires India Ltd,CAPITAL_RAISE,PROMISING
2026-09-05,JKIL,scan,J. Kumar Infraprojects Ltd,ORDER_WIN,PROMISING
2026-09-05,MOREPENLAB,scan,Morepen Laboratories Ltd,ACQUISITION,PROMISING
2026-09-05,ADVENZYMES,scan,Advanced Enzyme Technologies Ltd,ACQUISITION,PROMISING
2026-09-05,EXCELSOFT,scan,Excelsoft Technologies Ltd,ACQUISITION,PROMISING
2026-09-05,CRIZAC,scan,Crizac Ltd,ACQUISITION,PROMISING
2026-09-05,RATEGAIN,scan,RateGain Travel Technologies Ltd,DEBT_REDUCTION,PROMISING
2026-09-06,IMFA,scan,Indian Metals & Ferro Alloys Ltd,ACQUISITION,PROMISING
2026-09-06,ZEEL,scan,Zee Entertainment Enterprises Ltd,CAPITAL_RAISE,PROMISING
2026-09-06,PARAS,scan,Paras Defence and Space Technologies Ltd,ORDER_WIN,PROMISING
2026-09-06,MASTEK,scan,Mastek Ltd,ORDER_WIN,PROMISING
2026-09-06,HAPPSTMNDS,scan,Happiest Minds Technologies Ltd,RESTRUCTURING,PROMISING
2026-09-06,VIYASH,scan,Viyash Scientific Ltd,ACQUISITION,PROMISING
2026-09-06,ACI,scan,Archean Chemical Industries Ltd,ACQUISITION,PROMISING
2026-09-06,ROHLTD,scan,Royal Orchid Hotels Ltd,ORDER_WIN,PROMISING
2026-09-06,JUNIPER,scan,Juniper Hotels Ltd,ACQUISITION,PROMISING
2026-09-06,JAYKAY,scan,Jaykay Enterprises Ltd,CAPITAL_RAISE,PROMISING
2026-09-06,SIS,scan,SIS Ltd,ACQUISITION,PROMISING
2026-09-06,CARYSIL,scan,Carysil Ltd,RESTRUCTURING,PROMISING
2026-09-06,MOL,scan,Meghmani Organics Ltd,RESTRUCTURING,PROMISING
2026-09-06,RKFORGE,scan,Ramkrishna Forgings Ltd,CAPITAL_RAISE,PROMISING
2026-09-06,ORCHPHARMA,scan,Orchid Pharma Ltd,ORDER_WIN,PROMISING
2026-09-06,CENTUM,scan,Centum Electronics Ltd,RESTRUCTURING,PROMISING
2026-09-06,SONATSOFTW,scan,Sonata Software Ltd,ORDER_WIN+RESTRUCTURING,PROMISING
2026-09-06,TEAMLEASE,scan,TeamLease Services Ltd,ORDER_WIN,PROMISING
2026-09-06,PENIND,scan,Pennar Industries Ltd,CAPITAL_RAISE,PROMISING
2026-09-06,DIAMONDYD,scan,Prataap Snacks Ltd,ACQUISITION,PROMISING
2026-09-06,TEXRAIL,scan,Texmaco Rail & Engineering Ltd,ACQUISITION,PROMISING
2026-09-06,KIRIINDUS,scan,Kiri Industries Ltd,ACQUISITION,PROMISING
2026-09-06,ONWARDTEC,scan,Onward Technologies Ltd,ORDER_WIN,PROMISING
2026-09-06,MEDIASSIST,scan,Medi Assist Healthcare Services Ltd,ACQUISITION,PROMISING
2026-09-06,ARFIN,scan,Arfin India Ltd,ORDER_WIN,PROMISING
2026-09-06,POWERMECH,scan,Power Mech Projects Ltd,ORDER_WIN,PROMISING
2026-09-06,STANLEY,scan,Stanley Lifestyles Ltd,ORDER_WIN,PROMISING
2026-09-06,NAVNETEDUL,scan,Navneet Education Ltd,RESTRUCTURING,PROMISING
2026-09-06,MHRIL,scan,Mahindra Holidays & Resorts India Ltd,ACQUISITION,PROMISING
2026-09-06,MAHSEAMLES,scan,Maharashtra Seamless Ltd,RESTRUCTURING,PROMISING
2026-09-06,SPORTKING,scan,Sportking India Ltd,ACQUISITION,PROMISING
2026-09-06,RAYMOND,scan,Raymond Ltd,CAPITAL_RAISE,PROMISING
2026-09-06,CLEAN,scan,Clean Science and Technology Ltd,ACQUISITION,PROMISING
2026-09-06,WENDT,scan,Wendt (India) Ltd,ACQUISITION+CAPITAL_RAISE,PROMISING
2026-09-06,SILVERTUC,scan,Silver Touch Technologies Ltd,ORDER_WIN,PROMISING
2026-09-06,EPIGRAL,scan,Epigral Ltd,ACQUISITION,PROMISING
2026-09-06,DEEPINDS,scan,Deep Industries Ltd,ORDER_WIN,PROMISING
2026-09-06,SMARTWORKS,scan,Smartworks Coworking Spaces Ltd,ACQUISITION,PROMISING
2026-09-06,GANESHHOU,scan,Ganesh Housing Ltd,RESTRUCTURING,PROMISING
2026-09-06,KRSNAA,scan,Krsnaa Diagnostics Ltd,CAPITAL_RAISE,PROMISING
2026-09-06,SANDHAR,scan,Sandhar Technologies Ltd,ACQUISITION,PROMISING
2026-09-06,BLSE,scan,BLS E-Services Ltd,ACQUISITION,PROMISING
2026-09-06,ATLANTAELE,scan,Atlanta Electricals Ltd,ORDER_WIN,PROMISING
2026-09-06,MANORAMA,scan,Manorama Industries Ltd,CAPITAL_RAISE,PROMISING
2026-09-06,MARSONS,scan,Marsons Ltd,ORDER_WIN,PROMISING
2026-09-06,INDIANHUME,scan,Indian Hume Pipe Company Ltd,ORDER_WIN,PROMISING
2026-09-06,EFCIL,scan,EFC (I) Ltd,ACQUISITION,PROMISING
2026-09-06,HLEGLAS,scan,HLE Glascoat Ltd,ACQUISITION,PROMISING
2026-09-06,EPL,scan,EPL Ltd,ACQUISITION,PROMISING
2026-09-06,QPOWER,scan,Quality Power Electrical Equipments Ltd,ORDER_WIN,PROMISING
2026-09-06,SAIPARENT,scan,Sai Parenterals Ltd,ORDER_WIN,PROMISING
2026-09-06,ASHIANA,scan,Ashiana Housing Ltd,ORDER_WIN,PROMISING
2026-09-06,GSPCROP,scan,GSP Crop Science Ltd,RESTRUCTURING,PROMISING
2026-09-06,BCLIND,scan,BCL Industries Ltd,ACQUISITION,PROMISING
2026-09-06,SRM,scan,SRM Contractors Ltd,ORDER_WIN,PROMISING
2026-09-06,VIKRAMSOLR,scan,Vikram Solar Ltd,RESTRUCTURING,PROMISING
2026-09-06,HEG,scan,HEG Ltd,RESTRUCTURING,PROMISING
2026-09-06,UGROCAP,scan,Ugro Capital Ltd,RESTRUCTURING,PROMISING
2026-09-06,JUBLINGREA,scan,Jubilant Ingrevia Ltd,ACQUISITION,PROMISING
2026-09-06,CEATLTD,scan,Ceat Ltd,ORDER_WIN,PROMISING
2026-09-06,PRICOLLTD,scan,Pricol Ltd,RESTRUCTURING,PROMISING
2026-09-06,DIFFNKG,scan,Diffusion Engineers Ltd,ORDER_WIN,PROMISING
2026-09-06,JAGSNPHARM,scan,Jagsonpal Pharmaceuticals Ltd,ACQUISITION,PROMISING
2026-09-06,LUMAXTECH,scan,Lumax Auto Technologies Ltd,ACQUISITION,PROMISING
2026-09-06,ARIS,scan,ArisInfra Solutions Ltd,RESTRUCTURING,PROMISING
2026-09-06,NIITMTS,scan,NIIT Learning Systems Ltd,RESTRUCTURING,PROMISING
2026-09-06,ARSSBL,scan,Anand Rathi Share And Stock Brokers Ltd,ORDER_WIN,PROMISING
2026-09-06,GUFICBIO,scan,Gufic Biosciences Ltd,ACQUISITION,PROMISING
2026-09-06,JUBLPHARMA,scan,Jubilant Pharmova Ltd,ORDER_WIN,PROMISING
2026-09-06,ANURAS,scan,Anupam Rasayan India Ltd,ACQUISITION,PROMISING
2026-09-06,SAMBHV,scan,Sambhv Steel Tubes Ltd,CAPITAL_RAISE,PROMISING
2026-09-06,GKENERGY,scan,GK Energy Ltd,ORDER_WIN,PROMISING
2026-09-06,TRIDENT,scan,Trident Ltd,ACQUISITION,PROMISING
2026-09-06,PROTEAN,scan,Protean eGov Technologies Ltd,ORDER_WIN,PROMISING
2026-09-06,PICCADIL,scan,Piccadily Agro Industries Ltd,RESTRUCTURING,PROMISING
2026-09-06,SURYAROSNI,scan,Surya Roshni Ltd,ORDER_WIN,PROMISING
2026-09-06,RITES,scan,RITES Ltd,ORDER_WIN,PROMISING
2026-09-06,ASIANTILES,scan,Asian Granito India Ltd,ACQUISITION,PROMISING
2026-09-06,MMFL,scan,MM Forgings Ltd,RESTRUCTURING,PROMISING
2026-09-06,GOLDIAM,scan,Goldiam International Ltd,ORDER_WIN,PROMISING
2026-09-06,VARROC,scan,Varroc Engineering Ltd,ACQUISITION,PROMISING
2026-09-06,WAAREERTL,scan,Waaree Renewable Technologies Ltd,ORDER_WIN,PROMISING
2026-09-06,SHANTIGOLD,scan,Shanti Gold International Ltd,CAPITAL_RAISE,PROMISING
2026-09-06,RANEHOLDIN,scan,Rane Holdings Ltd,CAPITAL_RAISE,PROMISING
2026-09-06,KIRLPNU,scan,Kirloskar Pneumatic Company Ltd,ACQUISITION,PROMISING
2026-09-06,LXCHEM,scan,Laxmi Organic Industries Ltd,CAPITAL_RAISE,PROMISING
2026-09-06,ENTERO,scan,Entero Healthcare Solutions Ltd,ACQUISITION,PROMISING
2026-09-06,JLHL,scan,Jupiter Life Line Hospitals Ltd,ACQUISITION,PROMISING
2026-09-06,BBOX,scan,Black Box Ltd,ORDER_WIN,PROMISING
2026-09-06,SETL,scan,Standard Engineering Technology Ltd,ACQUISITION,PROMISING
2026-09-06,SIYSIL,scan,Siyaram Silk Mills Ltd,RESTRUCTURING,PROMISING
2026-09-06,DATAMATICS,scan,Datamatics Global Services Ltd,ACQUISITION,PROMISING
2026-09-06,PARKHOSPS,scan,Park Medi World Ltd,ACQUISITION,PROMISING
2026-09-06,TRIVENI,scan,Triveni Engineering & Industries Ltd,RESTRUCTURING,PROMISING
2026-09-06,SUDARSCHEM,scan,Sudarshan Chemical Industries Ltd,ACQUISITION,PROMISING
2026-09-06,SAMHI,scan,Samhi Hotels Ltd,ACQUISITION,PROMISING
2026-09-06,SIRCA,scan,Sirca Paints India Ltd,CAPITAL_RAISE,PROMISING
2026-09-06,ICRA,scan,ICRA Ltd,ACQUISITION,PROMISING
2026-09-06,TRANSRAILL,scan,Transrail Lighting Ltd,CAPITAL_RAISE,PROMISING
2026-09-06,DBL,scan,Dilip Buildcon Ltd,ORDER_WIN,PROMISING
2026-09-06,ASHOKA,scan,Ashoka Buildcon Ltd,ORDER_WIN,PROMISING
2026-09-06,ZUARI,scan,Zuari Agro Chemicals Ltd,ORDER_WIN,PROMISING
2026-09-06,ADFFOODS,scan,Adf Foods Ltd,ACQUISITION,PROMISING
2026-09-06,SOLEX,scan,Solex Energy Ltd,ORDER_WIN,PROMISING
2026-09-06,AURUM,scan,Aurum PropTech Ltd,CAPITAL_RAISE,PROMISING
2026-09-06,RPGLIFE,scan,RPG Life Sciences Ltd,ACQUISITION,PROMISING
2026-09-06,RAINBOW,scan,Rainbow Children's Medicare Ltd,ACQUISITION,PROMISING
2026-09-06,VESUVIUS,scan,Vesuvius India Ltd,RESTRUCTURING,PROMISING
2026-09-06,DODLA,scan,Dodla Dairy Ltd,ACQUISITION,PROMISING
2026-09-06,SHK,scan,S H Kelkar and Company Ltd,RESTRUCTURING,PROMISING
2026-09-06,TANLA,scan,Tanla Platforms Ltd,ACQUISITION,PROMISING
2026-09-06,LEMONTREE,scan,Lemon Tree Hotels Ltd,ORDER_WIN,PROMISING
2026-09-06,SOMANYCERA,scan,Somany Ceramics Ltd,RESTRUCTURING,PROMISING
2026-09-06,SENORES,scan,Senores Pharmaceuticals Ltd,CAPITAL_RAISE,PROMISING
2026-09-06,HARIOMPIPE,scan,Hariom Pipe Industries Ltd,CAPITAL_RAISE,PROMISING
2026-09-06,AKUMS,scan,Akums Drugs and Pharmaceuticals Ltd,ACQUISITION,PROMISING
2026-09-06,SAREGAMA,scan,Saregama India Ltd,ACQUISITION,PROMISING
2026-09-06,VINCOFE,scan,Vintage Coffee And Beverages Ltd,ORDER_WIN,PROMISING
2026-09-06,GRAPHITE,scan,Graphite India Ltd,ORDER_WIN,PROMISING
2026-09-06,JAMNAAUTO,scan,Jamna Auto Industries Ltd,ACQUISITION,PROMISING
2026-09-06,HITECH,scan,Hi-Tech Pipes Ltd,CAPITAL_RAISE,PROMISING
2026-09-06,GREAVESCOT,scan,Greaves Cotton Ltd,ACQUISITION,PROMISING
2026-09-06,20MICRONS,scan,20 Microns Ltd,ACQUISITION,PROMISING
2026-09-06,TVSSRICHAK,scan,TVS Srichakra Ltd,ACQUISITION,PROMISING
2026-09-06,WABAG,scan,VA Tech Wabag Ltd,ORDER_WIN,PROMISING
2026-09-06,SGMART,scan,SG Mart Ltd,ACQUISITION,PROMISING
2026-09-06,TIIL,scan,Technocraft Industries (India) Ltd,ACQUISITION,PROMISING
2026-09-06,SOBHA,scan,Sobha Ltd,CAPITAL_RAISE,PROMISING
2026-09-06,FLAIR,scan,Flair Writing Industries Ltd,ORDER_WIN,PROMISING
2026-09-06,CYIENT,scan,Cyient Ltd,ACQUISITION,PROMISING
2026-09-06,PNCINFRA,scan,PNC Infratech Ltd,ORDER_WIN,PROMISING
2026-09-06,CCAVENUE,scan,AvenuesAI Ltd,CAPITAL_RAISE,PROMISING
2026-09-06,HARDWYN,scan,Hardwyn India Ltd,ORDER_WIN,PROMISING
2026-09-06,JKTYRE,scan,JK Tyre & Industries Ltd,ACQUISITION,PROMISING
2026-09-06,IXIGO,scan,Le Travenues Technology Ltd,ORDER_WIN,PROMISING
2026-09-06,HCG,scan,HealthCare Global Enterprises Ltd,CAPITAL_RAISE,PROMISING
2026-09-06,HGINFRA,scan,H.G. Infra Engineering Ltd,ORDER_WIN,PROMISING
2026-09-06,TINNARUBR,scan,Tinna Rubber and Infrastructure Ltd,ACQUISITION,PROMISING
2026-09-06,KOLTEPATIL,scan,Kolte-Patil Developers Ltd,CAPITAL_RAISE,PROMISING
2026-09-06,AVANTEL,scan,Avantel Ltd,ORDER_WIN,PROMISING
2026-09-06,CEINSYS,scan,Ceinsys Tech Ltd,ORDER_WIN,PROMISING
2026-09-06,STERTOOLS,scan,Sterling Tools Ltd,ACQUISITION+CAPITAL_RAISE,PROMISING
2026-09-06,JKLAKSHMI,scan,JK Lakshmi Cement Ltd,ACQUISITION,PROMISING
2026-09-06,PRECWIRE,scan,Precision Wires India Ltd,CAPITAL_RAISE,PROMISING
2026-09-06,JKIL,scan,J. Kumar Infraprojects Ltd,ORDER_WIN,PROMISING
2026-09-06,MOREPENLAB,scan,Morepen Laboratories Ltd,ACQUISITION,PROMISING
2026-09-06,ADVENZYMES,scan,Advanced Enzyme Technologies Ltd,ACQUISITION,PROMISING
2026-09-06,EXCELSOFT,scan,Excelsoft Technologies Ltd,ACQUISITION,PROMISING
2026-09-06,CRIZAC,scan,Crizac Ltd,ACQUISITION,PROMISING
2026-09-06,RATEGAIN,scan,RateGain Travel Technologies Ltd,DEBT_REDUCTION,PROMISING
2026-09-07,IMFA,scan,Indian Metals & Ferro Alloys Ltd,ACQUISITION,PROMISING
2026-09-07,ZEEL,scan,Zee Entertainment Enterprises Ltd,CAPITAL_RAISE,PROMISING
2026-09-07,PARAS,scan,Paras Defence and Space Technologies Ltd,ORDER_WIN,PROMISING
2026-09-07,MASTEK,scan,Mastek Ltd,ORDER_WIN,PROMISING
2026-09-07,HAPPSTMNDS,scan,Happiest Minds Technologies Ltd,RESTRUCTURING,PROMISING
2026-09-07,VIYASH,scan,Viyash Scientific Ltd,ACQUISITION,PROMISING
2026-09-07,ACI,scan,Archean Chemical Industries Ltd,ACQUISITION,PROMISING
2026-09-07,ROHLTD,scan,Royal Orchid Hotels Ltd,ORDER_WIN,PROMISING
2026-09-07,JUNIPER,scan,Juniper Hotels Ltd,ACQUISITION,PROMISING
2026-09-07,JAYKAY,scan,Jaykay Enterprises Ltd,CAPITAL_RAISE,PROMISING
2026-09-07,SIS,scan,SIS Ltd,ACQUISITION,PROMISING
2026-09-07,CARYSIL,scan,Carysil Ltd,RESTRUCTURING,PROMISING
2026-09-07,MOL,scan,Meghmani Organics Ltd,RESTRUCTURING,PROMISING
2026-09-07,RKFORGE,scan,Ramkrishna Forgings Ltd,CAPITAL_RAISE,PROMISING
2026-09-07,ORCHPHARMA,scan,Orchid Pharma Ltd,ORDER_WIN,PROMISING
2026-09-07,CENTUM,scan,Centum Electronics Ltd,RESTRUCTURING,PROMISING
2026-09-07,SONATSOFTW,scan,Sonata Software Ltd,ORDER_WIN+RESTRUCTURING,PROMISING
2026-09-07,TEAMLEASE,scan,TeamLease Services Ltd,ORDER_WIN,PROMISING
2026-09-07,PENIND,scan,Pennar Industries Ltd,CAPITAL_RAISE,PROMISING
2026-09-07,DIAMONDYD,scan,Prataap Snacks Ltd,ACQUISITION,PROMISING
2026-09-07,TEXRAIL,scan,Texmaco Rail & Engineering Ltd,ACQUISITION,PROMISING
2026-09-07,KIRIINDUS,scan,Kiri Industries Ltd,ACQUISITION,PROMISING
2026-09-07,ONWARDTEC,scan,Onward Technologies Ltd,ORDER_WIN,PROMISING
2026-09-07,MEDIASSIST,scan,Medi Assist Healthcare Services Ltd,ACQUISITION,PROMISING
2026-09-07,ARFIN,scan,Arfin India Ltd,ORDER_WIN,PROMISING
2026-09-07,POWERMECH,scan,Power Mech Projects Ltd,ORDER_WIN,PROMISING
2026-09-07,STANLEY,scan,Stanley Lifestyles Ltd,ORDER_WIN,PROMISING
2026-09-07,NAVNETEDUL,scan,Navneet Education Ltd,RESTRUCTURING,PROMISING
2026-09-07,MHRIL,scan,Mahindra Holidays & Resorts India Ltd,ACQUISITION,PROMISING
2026-09-07,MAHSEAMLES,scan,Maharashtra Seamless Ltd,RESTRUCTURING,PROMISING
2026-09-07,SPORTKING,scan,Sportking India Ltd,ACQUISITION,PROMISING
2026-09-07,RAYMOND,scan,Raymond Ltd,CAPITAL_RAISE,PROMISING
2026-09-07,CLEAN,scan,Clean Science and Technology Ltd,ACQUISITION,PROMISING
2026-09-07,WENDT,scan,Wendt (India) Ltd,ACQUISITION+CAPITAL_RAISE,PROMISING
2026-09-07,SILVERTUC,scan,Silver Touch Technologies Ltd,ORDER_WIN,PROMISING
2026-09-07,EPIGRAL,scan,Epigral Ltd,ACQUISITION,PROMISING
2026-09-07,DEEPINDS,scan,Deep Industries Ltd,ORDER_WIN,PROMISING
2026-09-07,SMARTWORKS,scan,Smartworks Coworking Spaces Ltd,ACQUISITION,PROMISING
2026-09-07,GANESHHOU,scan,Ganesh Housing Ltd,RESTRUCTURING,PROMISING
2026-09-07,KRSNAA,scan,Krsnaa Diagnostics Ltd,CAPITAL_RAISE,PROMISING
2026-09-07,SANDHAR,scan,Sandhar Technologies Ltd,ACQUISITION,PROMISING
2026-09-07,BLSE,scan,BLS E-Services Ltd,ACQUISITION,PROMISING
2026-09-07,ATLANTAELE,scan,Atlanta Electricals Ltd,ORDER_WIN,PROMISING
2026-09-07,MANORAMA,scan,Manorama Industries Ltd,CAPITAL_RAISE,PROMISING
2026-09-07,MARSONS,scan,Marsons Ltd,ORDER_WIN,PROMISING
2026-09-07,INDIANHUME,scan,Indian Hume Pipe Company Ltd,ORDER_WIN,PROMISING
2026-09-07,EFCIL,scan,EFC (I) Ltd,ACQUISITION,PROMISING
2026-09-07,HLEGLAS,scan,HLE Glascoat Ltd,ACQUISITION,PROMISING
2026-09-07,EPL,scan,EPL Ltd,ACQUISITION,PROMISING
2026-09-07,QPOWER,scan,Quality Power Electrical Equipments Ltd,ORDER_WIN,PROMISING
2026-09-07,SAIPARENT,scan,Sai Parenterals Ltd,ORDER_WIN,PROMISING
2026-09-07,ASHIANA,scan,Ashiana Housing Ltd,ORDER_WIN,PROMISING
2026-09-07,GSPCROP,scan,GSP Crop Science Ltd,RESTRUCTURING,PROMISING
2026-09-07,BCLIND,scan,BCL Industries Ltd,ACQUISITION,PROMISING
2026-09-07,SRM,scan,SRM Contractors Ltd,ORDER_WIN,PROMISING
2026-09-07,VIKRAMSOLR,scan,Vikram Solar Ltd,RESTRUCTURING,PROMISING
2026-09-07,HEG,scan,HEG Ltd,RESTRUCTURING,PROMISING
2026-09-07,UGROCAP,scan,Ugro Capital Ltd,RESTRUCTURING,PROMISING
2026-09-07,JUBLINGREA,scan,Jubilant Ingrevia Ltd,ACQUISITION,PROMISING
2026-09-07,CEATLTD,scan,Ceat Ltd,ORDER_WIN,PROMISING
2026-09-07,PRICOLLTD,scan,Pricol Ltd,RESTRUCTURING,PROMISING
2026-09-07,DIFFNKG,scan,Diffusion Engineers Ltd,ORDER_WIN,PROMISING
2026-09-07,JAGSNPHARM,scan,Jagsonpal Pharmaceuticals Ltd,ACQUISITION,PROMISING
2026-09-07,LUMAXTECH,scan,Lumax Auto Technologies Ltd,ACQUISITION,PROMISING
2026-09-07,ARIS,scan,ArisInfra Solutions Ltd,RESTRUCTURING,PROMISING
2026-09-07,NIITMTS,scan,NIIT Learning Systems Ltd,RESTRUCTURING,PROMISING
2026-09-07,ARSSBL,scan,Anand Rathi Share And Stock Brokers Ltd,ORDER_WIN,PROMISING
2026-09-07,GUFICBIO,scan,Gufic Biosciences Ltd,ACQUISITION,PROMISING
2026-09-07,JUBLPHARMA,scan,Jubilant Pharmova Ltd,ORDER_WIN,PROMISING
2026-09-07,ANURAS,scan,Anupam Rasayan India Ltd,ACQUISITION,PROMISING
2026-09-07,SAMBHV,scan,Sambhv Steel Tubes Ltd,CAPITAL_RAISE,PROMISING
2026-09-07,GKENERGY,scan,GK Energy Ltd,ORDER_WIN,PROMISING
2026-09-07,TRIDENT,scan,Trident Ltd,ACQUISITION,PROMISING
2026-09-07,PROTEAN,scan,Protean eGov Technologies Ltd,ORDER_WIN,PROMISING
2026-09-07,PICCADIL,scan,Piccadily Agro Industries Ltd,RESTRUCTURING,PROMISING
2026-09-07,SURYAROSNI,scan,Surya Roshni Ltd,ORDER_WIN,PROMISING
2026-09-07,RITES,scan,RITES Ltd,ORDER_WIN,PROMISING
2026-09-07,ASIANTILES,scan,Asian Granito India Ltd,ACQUISITION,PROMISING
2026-09-07,MMFL,scan,MM Forgings Ltd,RESTRUCTURING,PROMISING
2026-09-07,GOLDIAM,scan,Goldiam International Ltd,ORDER_WIN,PROMISING
2026-09-07,VARROC,scan,Varroc Engineering Ltd,ACQUISITION,PROMISING
2026-09-07,WAAREERTL,scan,Waaree Renewable Technologies Ltd,ORDER_WIN,PROMISING
2026-09-07,SHANTIGOLD,scan,Shanti Gold International Ltd,CAPITAL_RAISE,PROMISING
2026-09-07,RANEHOLDIN,scan,Rane Holdings Ltd,CAPITAL_RAISE,PROMISING
2026-09-07,KIRLPNU,scan,Kirloskar Pneumatic Company Ltd,ACQUISITION,PROMISING
2026-09-07,LXCHEM,scan,Laxmi Organic Industries Ltd,CAPITAL_RAISE,PROMISING
2026-09-07,ENTERO,scan,Entero Healthcare Solutions Ltd,ACQUISITION,PROMISING
2026-09-07,JLHL,scan,Jupiter Life Line Hospitals Ltd,ACQUISITION,PROMISING
2026-09-07,BBOX,scan,Black Box Ltd,ORDER_WIN,PROMISING
2026-09-07,SETL,scan,Standard Engineering Technology Ltd,ACQUISITION,PROMISING
2026-09-07,SIYSIL,scan,Siyaram Silk Mills Ltd,RESTRUCTURING,PROMISING
2026-09-07,DATAMATICS,scan,Datamatics Global Services Ltd,ACQUISITION,PROMISING
2026-09-07,PARKHOSPS,scan,Park Medi World Ltd,ACQUISITION,PROMISING
2026-09-07,TRIVENI,scan,Triveni Engineering & Industries Ltd,RESTRUCTURING,PROMISING
2026-09-07,SUDARSCHEM,scan,Sudarshan Chemical Industries Ltd,ACQUISITION,PROMISING
2026-09-07,SAMHI,scan,Samhi Hotels Ltd,ACQUISITION,PROMISING
2026-09-07,SIRCA,scan,Sirca Paints India Ltd,CAPITAL_RAISE,PROMISING
2026-09-07,ICRA,scan,ICRA Ltd,ACQUISITION,PROMISING
2026-09-07,TRANSRAILL,scan,Transrail Lighting Ltd,CAPITAL_RAISE,PROMISING
2026-09-07,DBL,scan,Dilip Buildcon Ltd,ORDER_WIN,PROMISING
2026-09-07,ASHOKA,scan,Ashoka Buildcon Ltd,ORDER_WIN,PROMISING
2026-09-07,ZUARI,scan,Zuari Agro Chemicals Ltd,ORDER_WIN,PROMISING
2026-09-07,ADFFOODS,scan,Adf Foods Ltd,ACQUISITION,PROMISING
2026-09-07,SOLEX,scan,Solex Energy Ltd,ORDER_WIN,PROMISING
2026-09-07,AURUM,scan,Aurum PropTech Ltd,CAPITAL_RAISE,PROMISING
2026-09-07,RPGLIFE,scan,RPG Life Sciences Ltd,ACQUISITION,PROMISING
2026-09-07,RAINBOW,scan,Rainbow Children's Medicare Ltd,ACQUISITION,PROMISING
2026-09-07,VESUVIUS,scan,Vesuvius India Ltd,RESTRUCTURING,PROMISING
2026-09-07,DODLA,scan,Dodla Dairy Ltd,ACQUISITION,PROMISING
2026-09-07,SHK,scan,S H Kelkar and Company Ltd,RESTRUCTURING,PROMISING
2026-09-07,TANLA,scan,Tanla Platforms Ltd,ACQUISITION,PROMISING
2026-09-07,LEMONTREE,scan,Lemon Tree Hotels Ltd,ORDER_WIN,PROMISING
2026-09-07,SOMANYCERA,scan,Somany Ceramics Ltd,RESTRUCTURING,PROMISING
2026-09-07,SENORES,scan,Senores Pharmaceuticals Ltd,CAPITAL_RAISE,PROMISING
2026-09-07,HARIOMPIPE,scan,Hariom Pipe Industries Ltd,CAPITAL_RAISE,PROMISING
2026-09-07,AKUMS,scan,Akums Drugs and Pharmaceuticals Ltd,ACQUISITION,PROMISING
2026-09-07,SAREGAMA,scan,Saregama India Ltd,ACQUISITION,PROMISING
2026-09-07,VINCOFE,scan,Vintage Coffee And Beverages Ltd,ORDER_WIN,PROMISING
2026-09-07,GRAPHITE,scan,Graphite India Ltd,ORDER_WIN,PROMISING
2026-09-07,JAMNAAUTO,scan,Jamna Auto Industries Ltd,ACQUISITION,PROMISING
2026-09-07,HITECH,scan,Hi-Tech Pipes Ltd,CAPITAL_RAISE,PROMISING
2026-09-07,GREAVESCOT,scan,Greaves Cotton Ltd,ACQUISITION,PROMISING
2026-09-07,20MICRONS,scan,20 Microns Ltd,ACQUISITION,PROMISING
2026-09-07,TVSSRICHAK,scan,TVS Srichakra Ltd,ACQUISITION,PROMISING
2026-09-07,WABAG,scan,VA Tech Wabag Ltd,ORDER_WIN,PROMISING
2026-09-07,SGMART,scan,SG Mart Ltd,ACQUISITION,PROMISING
2026-09-07,TIIL,scan,Technocraft Industries (India) Ltd,ACQUISITION,PROMISING
2026-09-07,SOBHA,scan,Sobha Ltd,CAPITAL_RAISE,PROMISING
2026-09-07,FLAIR,scan,Flair Writing Industries Ltd,ORDER_WIN,PROMISING
2026-09-07,CYIENT,scan,Cyient Ltd,ACQUISITION,PROMISING
2026-09-07,PNCINFRA,scan,PNC Infratech Ltd,ORDER_WIN,PROMISING
2026-09-07,CCAVENUE,scan,AvenuesAI Ltd,CAPITAL_RAISE,PROMISING
2026-09-07,HARDWYN,scan,Hardwyn India Ltd,ORDER_WIN,PROMISING
2026-09-07,JKTYRE,scan,JK Tyre & Industries Ltd,ACQUISITION,PROMISING
2026-09-07,IXIGO,scan,Le Travenues Technology Ltd,ORDER_WIN,PROMISING
2026-09-07,HCG,scan,HealthCare Global Enterprises Ltd,CAPITAL_RAISE,PROMISING
2026-09-07,HGINFRA,scan,H.G. Infra Engineering Ltd,ORDER_WIN,PROMISING
2026-09-07,TINNARUBR,scan,Tinna Rubber and Infrastructure Ltd,ACQUISITION,PROMISING
2026-09-07,KOLTEPATIL,scan,Kolte-Patil Developers Ltd,CAPITAL_RAISE,PROMISING
2026-09-07,AVANTEL,scan,Avantel Ltd,ORDER_WIN,PROMISING
2026-09-07,CEINSYS,scan,Ceinsys Tech Ltd,ORDER_WIN,PROMISING
2026-09-07,STERTOOLS,scan,Sterling Tools Ltd,ACQUISITION+CAPITAL_RAISE,PROMISING
2026-09-07,JKLAKSHMI,scan,JK Lakshmi Cement Ltd,ACQUISITION,PROMISING
2026-09-07,PRECWIRE,scan,Precision Wires India Ltd,CAPITAL_RAISE,PROMISING
2026-09-07,JKIL,scan,J. Kumar Infraprojects Ltd,ORDER_WIN,PROMISING
2026-09-07,MOREPENLAB,scan,Morepen Laboratories Ltd,ACQUISITION,PROMISING
2026-09-07,ADVENZYMES,scan,Advanced Enzyme Technologies Ltd,ACQUISITION,PROMISING
2026-09-07,EXCELSOFT,scan,Excelsoft Technologies Ltd,ACQUISITION,PROMISING
2026-09-07,CRIZAC,scan,Crizac Ltd,ACQUISITION,PROMISING
2026-09-07,RATEGAIN,scan,RateGain Travel Technologies Ltd,DEBT_REDUCTION,PROMISING
2026-09-08,IMFA,scan,Indian Metals & Ferro Alloys Ltd,ACQUISITION,PROMISING
2026-09-08,ZEEL,scan,Zee Entertainment Enterprises Ltd,CAPITAL_RAISE,PROMISING
2026-09-08,PARAS,scan,Paras Defence and Space Technologies Ltd,ORDER_WIN,PROMISING
2026-09-08,MASTEK,scan,Mastek Ltd,ORDER_WIN,PROMISING
2026-09-08,HAPPSTMNDS,scan,Happiest Minds Technologies Ltd,RESTRUCTURING,PROMISING
2026-09-08,VIYASH,scan,Viyash Scientific Ltd,ACQUISITION,PROMISING
2026-09-08,ACI,scan,Archean Chemical Industries Ltd,ACQUISITION,PROMISING
2026-09-08,ROHLTD,scan,Royal Orchid Hotels Ltd,ORDER_WIN,PROMISING
2026-09-08,JUNIPER,scan,Juniper Hotels Ltd,ACQUISITION,PROMISING
2026-09-08,JAYKAY,scan,Jaykay Enterprises Ltd,CAPITAL_RAISE,PROMISING
2026-09-08,SIS,scan,SIS Ltd,ACQUISITION,PROMISING
2026-09-08,CARYSIL,scan,Carysil Ltd,RESTRUCTURING,PROMISING
2026-09-08,MOL,scan,Meghmani Organics Ltd,RESTRUCTURING,PROMISING
2026-09-08,RKFORGE,scan,Ramkrishna Forgings Ltd,CAPITAL_RAISE,PROMISING
2026-09-08,ORCHPHARMA,scan,Orchid Pharma Ltd,ORDER_WIN,PROMISING
2026-09-08,CENTUM,scan,Centum Electronics Ltd,RESTRUCTURING,PROMISING
2026-09-08,SONATSOFTW,scan,Sonata Software Ltd,ORDER_WIN+RESTRUCTURING,PROMISING
2026-09-08,TEAMLEASE,scan,TeamLease Services Ltd,ORDER_WIN,PROMISING
2026-09-08,PENIND,scan,Pennar Industries Ltd,CAPITAL_RAISE,PROMISING
2026-09-08,DIAMONDYD,scan,Prataap Snacks Ltd,ACQUISITION,PROMISING
2026-09-08,TEXRAIL,scan,Texmaco Rail & Engineering Ltd,ACQUISITION,PROMISING
2026-09-08,KIRIINDUS,scan,Kiri Industries Ltd,ACQUISITION,PROMISING
2026-09-08,ONWARDTEC,scan,Onward Technologies Ltd,ORDER_WIN,PROMISING
2026-09-08,MEDIASSIST,scan,Medi Assist Healthcare Services Ltd,ACQUISITION,PROMISING
2026-09-08,ARFIN,scan,Arfin India Ltd,ORDER_WIN,PROMISING
2026-09-08,POWERMECH,scan,Power Mech Projects Ltd,ORDER_WIN,PROMISING
2026-09-08,STANLEY,scan,Stanley Lifestyles Ltd,ORDER_WIN,PROMISING
2026-09-08,NAVNETEDUL,scan,Navneet Education Ltd,RESTRUCTURING,PROMISING
2026-09-08,MHRIL,scan,Mahindra Holidays & Resorts India Ltd,ACQUISITION,PROMISING
2026-09-08,MAHSEAMLES,scan,Maharashtra Seamless Ltd,RESTRUCTURING,PROMISING
2026-09-08,SPORTKING,scan,Sportking India Ltd,ACQUISITION,PROMISING
2026-09-08,RAYMOND,scan,Raymond Ltd,CAPITAL_RAISE,PROMISING
2026-09-08,CLEAN,scan,Clean Science and Technology Ltd,ACQUISITION,PROMISING
2026-09-08,WENDT,scan,Wendt (India) Ltd,ACQUISITION+CAPITAL_RAISE,PROMISING
2026-09-08,SILVERTUC,scan,Silver Touch Technologies Ltd,ORDER_WIN,PROMISING
2026-09-08,EPIGRAL,scan,Epigral Ltd,ACQUISITION,PROMISING
2026-09-08,DEEPINDS,scan,Deep Industries Ltd,ORDER_WIN,PROMISING
2026-09-08,SMARTWORKS,scan,Smartworks Coworking Spaces Ltd,ACQUISITION,PROMISING
2026-09-08,GANESHHOU,scan,Ganesh Housing Ltd,RESTRUCTURING,PROMISING
2026-09-08,KRSNAA,scan,Krsnaa Diagnostics Ltd,CAPITAL_RAISE,PROMISING
2026-09-08,SANDHAR,scan,Sandhar Technologies Ltd,ACQUISITION,PROMISING
2026-09-08,BLSE,scan,BLS E-Services Ltd,ACQUISITION,PROMISING
2026-09-08,ATLANTAELE,scan,Atlanta Electricals Ltd,ORDER_WIN,PROMISING
2026-09-08,MANORAMA,scan,Manorama Industries Ltd,CAPITAL_RAISE,PROMISING
2026-09-08,MARSONS,scan,Marsons Ltd,ORDER_WIN,PROMISING
2026-09-08,INDIANHUME,scan,Indian Hume Pipe Company Ltd,ORDER_WIN,PROMISING
2026-09-08,EFCIL,scan,EFC (I) Ltd,ACQUISITION,PROMISING
2026-09-08,HLEGLAS,scan,HLE Glascoat Ltd,ACQUISITION,PROMISING
2026-09-08,EPL,scan,EPL Ltd,ACQUISITION,PROMISING
2026-09-08,QPOWER,scan,Quality Power Electrical Equipments Ltd,ORDER_WIN,PROMISING
2026-09-08,SAIPARENT,scan,Sai Parenterals Ltd,ORDER_WIN,PROMISING
2026-09-08,ASHIANA,scan,Ashiana Housing Ltd,ORDER_WIN,PROMISING
2026-09-08,GSPCROP,scan,GSP Crop Science Ltd,RESTRUCTURING,PROMISING
2026-09-08,BCLIND,scan,BCL Industries Ltd,ACQUISITION,PROMISING
2026-09-08,SRM,scan,SRM Contractors Ltd,ORDER_WIN,PROMISING
2026-09-08,VIKRAMSOLR,scan,Vikram Solar Ltd,RESTRUCTURING,PROMISING
2026-09-08,HEG,scan,HEG Ltd,RESTRUCTURING,PROMISING
2026-09-08,UGROCAP,scan,Ugro Capital Ltd,RESTRUCTURING,PROMISING
2026-09-08,JUBLINGREA,scan,Jubilant Ingrevia Ltd,ACQUISITION,PROMISING
2026-09-08,CEATLTD,scan,Ceat Ltd,ORDER_WIN,PROMISING
2026-09-08,PRICOLLTD,scan,Pricol Ltd,RESTRUCTURING,PROMISING
2026-09-08,DIFFNKG,scan,Diffusion Engineers Ltd,ORDER_WIN,PROMISING
2026-09-08,JAGSNPHARM,scan,Jagsonpal Pharmaceuticals Ltd,ACQUISITION,PROMISING
2026-09-08,LUMAXTECH,scan,Lumax Auto Technologies Ltd,ACQUISITION,PROMISING
2026-09-08,ARIS,scan,ArisInfra Solutions Ltd,RESTRUCTURING,PROMISING
2026-09-08,NIITMTS,scan,NIIT Learning Systems Ltd,RESTRUCTURING,PROMISING
2026-09-08,ARSSBL,scan,Anand Rathi Share And Stock Brokers Ltd,ORDER_WIN,PROMISING
2026-09-08,GUFICBIO,scan,Gufic Biosciences Ltd,ACQUISITION,PROMISING
2026-09-08,JUBLPHARMA,scan,Jubilant Pharmova Ltd,ORDER_WIN,PROMISING
2026-09-08,ANURAS,scan,Anupam Rasayan India Ltd,ACQUISITION,PROMISING
2026-09-08,SAMBHV,scan,Sambhv Steel Tubes Ltd,CAPITAL_RAISE,PROMISING
2026-09-08,GKENERGY,scan,GK Energy Ltd,ORDER_WIN,PROMISING
2026-09-08,TRIDENT,scan,Trident Ltd,ACQUISITION,PROMISING
2026-09-08,PROTEAN,scan,Protean eGov Technologies Ltd,ORDER_WIN,PROMISING
2026-09-08,PICCADIL,scan,Piccadily Agro Industries Ltd,RESTRUCTURING,PROMISING
2026-09-08,SURYAROSNI,scan,Surya Roshni Ltd,ORDER_WIN,PROMISING
2026-09-08,RITES,scan,RITES Ltd,ORDER_WIN,PROMISING
2026-09-08,ASIANTILES,scan,Asian Granito India Ltd,ACQUISITION,PROMISING
2026-09-08,MMFL,scan,MM Forgings Ltd,RESTRUCTURING,PROMISING
2026-09-08,GOLDIAM,scan,Goldiam International Ltd,ORDER_WIN,PROMISING
2026-09-08,VARROC,scan,Varroc Engineering Ltd,ACQUISITION,PROMISING
2026-09-08,WAAREERTL,scan,Waaree Renewable Technologies Ltd,ORDER_WIN,PROMISING
2026-09-08,SHANTIGOLD,scan,Shanti Gold International Ltd,CAPITAL_RAISE,PROMISING
2026-09-08,RANEHOLDIN,scan,Rane Holdings Ltd,CAPITAL_RAISE,PROMISING
2026-09-08,KIRLPNU,scan,Kirloskar Pneumatic Company Ltd,ACQUISITION,PROMISING
2026-09-08,LXCHEM,scan,Laxmi Organic Industries Ltd,CAPITAL_RAISE,PROMISING
2026-09-08,ENTERO,scan,Entero Healthcare Solutions Ltd,ACQUISITION,PROMISING
2026-09-08,JLHL,scan,Jupiter Life Line Hospitals Ltd,ACQUISITION,PROMISING
2026-09-08,BBOX,scan,Black Box Ltd,ORDER_WIN,PROMISING
2026-09-08,SETL,scan,Standard Engineering Technology Ltd,ACQUISITION,PROMISING
2026-09-08,SIYSIL,scan,Siyaram Silk Mills Ltd,RESTRUCTURING,PROMISING
2026-09-08,DATAMATICS,scan,Datamatics Global Services Ltd,ACQUISITION,PROMISING
2026-09-08,PARKHOSPS,scan,Park Medi World Ltd,ACQUISITION,PROMISING
2026-09-08,TRIVENI,scan,Triveni Engineering & Industries Ltd,RESTRUCTURING,PROMISING
2026-09-08,SUDARSCHEM,scan,Sudarshan Chemical Industries Ltd,ACQUISITION,PROMISING
2026-09-08,SAMHI,scan,Samhi Hotels Ltd,ACQUISITION,PROMISING
2026-09-08,SIRCA,scan,Sirca Paints India Ltd,CAPITAL_RAISE,PROMISING
2026-09-08,ICRA,scan,ICRA Ltd,ACQUISITION,PROMISING
2026-09-08,TRANSRAILL,scan,Transrail Lighting Ltd,CAPITAL_RAISE,PROMISING
2026-09-08,DBL,scan,Dilip Buildcon Ltd,ORDER_WIN,PROMISING
2026-09-08,ASHOKA,scan,Ashoka Buildcon Ltd,ORDER_WIN,PROMISING
2026-09-08,ZUARI,scan,Zuari Agro Chemicals Ltd,ORDER_WIN,PROMISING
2026-09-08,ADFFOODS,scan,Adf Foods Ltd,ACQUISITION,PROMISING
2026-09-08,SOLEX,scan,Solex Energy Ltd,ORDER_WIN,PROMISING
2026-09-08,AURUM,scan,Aurum PropTech Ltd,CAPITAL_RAISE,PROMISING
2026-09-08,RPGLIFE,scan,RPG Life Sciences Ltd,ACQUISITION,PROMISING
2026-09-08,RAINBOW,scan,Rainbow Children's Medicare Ltd,ACQUISITION,PROMISING
2026-09-08,VESUVIUS,scan,Vesuvius India Ltd,RESTRUCTURING,PROMISING
2026-09-08,DODLA,scan,Dodla Dairy Ltd,ACQUISITION,PROMISING
2026-09-08,SHK,scan,S H Kelkar and Company Ltd,RESTRUCTURING,PROMISING
2026-09-08,TANLA,scan,Tanla Platforms Ltd,ACQUISITION,PROMISING
2026-09-08,LEMONTREE,scan,Lemon Tree Hotels Ltd,ORDER_WIN,PROMISING
2026-09-08,SOMANYCERA,scan,Somany Ceramics Ltd,RESTRUCTURING,PROMISING
2026-09-08,SENORES,scan,Senores Pharmaceuticals Ltd,CAPITAL_RAISE,PROMISING
2026-09-08,HARIOMPIPE,scan,Hariom Pipe Industries Ltd,CAPITAL_RAISE,PROMISING
2026-09-08,AKUMS,scan,Akums Drugs and Pharmaceuticals Ltd,ACQUISITION,PROMISING
2026-09-08,SAREGAMA,scan,Saregama India Ltd,ACQUISITION,PROMISING
2026-09-08,VINCOFE,scan,Vintage Coffee And Beverages Ltd,ORDER_WIN,PROMISING
2026-09-08,GRAPHITE,scan,Graphite India Ltd,ORDER_WIN,PROMISING
2026-09-08,JAMNAAUTO,scan,Jamna Auto Industries Ltd,ACQUISITION,PROMISING
2026-09-08,HITECH,scan,Hi-Tech Pipes Ltd,CAPITAL_RAISE,PROMISING
2026-09-08,GREAVESCOT,scan,Greaves Cotton Ltd,ACQUISITION,PROMISING
2026-09-08,20MICRONS,scan,20 Microns Ltd,ACQUISITION,PROMISING
2026-09-08,TVSSRICHAK,scan,TVS Srichakra Ltd,ACQUISITION,PROMISING
2026-09-08,WABAG,scan,VA Tech Wabag Ltd,ORDER_WIN,PROMISING
2026-09-08,SGMART,scan,SG Mart Ltd,ACQUISITION,PROMISING
2026-09-08,TIIL,scan,Technocraft Industries (India) Ltd,ACQUISITION,PROMISING
2026-09-08,SOBHA,scan,Sobha Ltd,CAPITAL_RAISE,PROMISING
2026-09-08,FLAIR,scan,Flair Writing Industries Ltd,ORDER_WIN,PROMISING
2026-09-08,CYIENT,scan,Cyient Ltd,ACQUISITION,PROMISING
2026-09-08,PNCINFRA,scan,PNC Infratech Ltd,ORDER_WIN,PROMISING
2026-09-08,CCAVENUE,scan,AvenuesAI Ltd,CAPITAL_RAISE,PROMISING
2026-09-08,HARDWYN,scan,Hardwyn India Ltd,ORDER_WIN,PROMISING
2026-09-08,JKTYRE,scan,JK Tyre & Industries Ltd,ACQUISITION,PROMISING
2026-09-08,IXIGO,scan,Le Travenues Technology Ltd,ORDER_WIN,PROMISING
2026-09-08,HCG,scan,HealthCare Global Enterprises Ltd,CAPITAL_RAISE,PROMISING
2026-09-08,HGINFRA,scan,H.G. Infra Engineering Ltd,ORDER_WIN,PROMISING
2026-09-08,TINNARUBR,scan,Tinna Rubber and Infrastructure Ltd,ACQUISITION,PROMISING
2026-09-08,KOLTEPATIL,scan,Kolte-Patil Developers Ltd,CAPITAL_RAISE,PROMISING
2026-09-08,AVANTEL,scan,Avantel Ltd,ORDER_WIN,PROMISING
2026-09-08,CEINSYS,scan,Ceinsys Tech Ltd,ORDER_WIN,PROMISING
2026-09-08,STERTOOLS,scan,Sterling Tools Ltd,ACQUISITION+CAPITAL_RAISE,PROMISING
2026-09-08,JKLAKSHMI,scan,JK Lakshmi Cement Ltd,ACQUISITION,PROMISING
2026-09-08,PRECWIRE,scan,Precision Wires India Ltd,CAPITAL_RAISE,PROMISING
2026-09-08,JKIL,scan,J. Kumar Infraprojects Ltd,ORDER_WIN,PROMISING
2026-09-08,MOREPENLAB,scan,Morepen Laboratories Ltd,ACQUISITION,PROMISING
2026-09-08,ADVENZYMES,scan,Advanced Enzyme Technologies Ltd,ACQUISITION,PROMISING
2026-09-08,EXCELSOFT,scan,Excelsoft Technologies Ltd,ACQUISITION,PROMISING
2026-09-08,CRIZAC,scan,Crizac Ltd,ACQUISITION,PROMISING
2026-09-08,RATEGAIN,scan,RateGain Travel Technologies Ltd,DEBT_REDUCTION,PROMISING
2026-09-12,RPGLIFE,scan,RPG Life Sciences Ltd,ACQUISITION,PROMISING
2026-09-12,GANESHHOU,scan,Ganesh Housing Ltd,RESTRUCTURING,PROMISING
2026-09-12,ASHOKA,scan,Ashoka Buildcon Ltd,ORDER_WIN,PROMISING
2026-09-12,SOLEX,scan,Solex Energy Ltd,ORDER_WIN,PROMISING
2026-09-12,SMARTWORKS,scan,Smartworks Coworking Spaces Ltd,ACQUISITION,PROMISING
2026-09-12,DEEPINDS,scan,Deep Industries Ltd,ORDER_WIN,PROMISING
2026-09-12,EPIGRAL,scan,Epigral Ltd,ACQUISITION,PROMISING
2026-09-12,SILVERTUC,scan,Silver Touch Technologies Ltd,ORDER_WIN,PROMISING
2026-09-12,BBOX,scan,Black Box Ltd,ORDER_WIN,PROMISING
2026-09-12,VARROC,scan,Varroc Engineering Ltd,ACQUISITION,PROMISING
2026-09-12,SUDARSCHEM,scan,Sudarshan Chemical Industries Ltd,ACQUISITION,PROMISING
2026-09-12,SURYAROSNI,scan,Surya Roshni Ltd,ORDER_WIN,PROMISING
2026-09-12,MMFL,scan,MM Forgings Ltd,RESTRUCTURING,PROMISING
2026-09-12,KOLTEPATIL,scan,Kolte-Patil Developers Ltd,CAPITAL_RAISE,PROMISING
2026-09-12,RITES,scan,RITES Ltd,ORDER_WIN,PROMISING
2026-09-12,KIRLOSBROS,scan,Kirloskar Brothers Ltd,ORDER_WIN,PROMISING
2026-09-12,HGINFRA,scan,H.G. Infra Engineering Ltd,ORDER_WIN,PROMISING
2026-09-12,ASIANTILES,scan,Asian Granito India Ltd,ACQUISITION,PROMISING
2026-09-12,CRIZAC,scan,Crizac Ltd,ACQUISITION,PROMISING
2026-09-12,CCAVENUE,scan,AvenuesAI Ltd,CAPITAL_RAISE,PROMISING
2026-09-12,SHANTIGOLD,scan,Shanti Gold International Ltd,CAPITAL_RAISE,PROMISING
2026-09-12,SAMBHV,scan,Sambhv Steel Tubes Ltd,CAPITAL_RAISE,PROMISING
2026-09-12,FLAIR,scan,Flair Writing Industries Ltd,ORDER_WIN,PROMISING
2026-09-12,NIITMTS,scan,NIIT Learning Systems Ltd,RESTRUCTURING,PROMISING
2026-09-12,GKENERGY,scan,GK Energy Ltd,ORDER_WIN,PROMISING
2026-09-12,ARSSBL,scan,Anand Rathi Share And Stock Brokers Ltd,ORDER_WIN,PROMISING
2026-09-12,EPL,scan,EPL Ltd,ACQUISITION,PROMISING
2026-09-12,ZUARI,scan,Zuari Agro Chemicals Ltd,ORDER_WIN,PROMISING
2026-09-12,GOLDIAM,scan,Goldiam International Ltd,ORDER_WIN,PROMISING
2026-09-12,ISGEC,scan,ISGEC Heavy Engineering Ltd,RESTRUCTURING,PROMISING
2026-09-12,TRIDENT,scan,Trident Ltd,ACQUISITION,PROMISING
2026-09-12,PROTEAN,scan,Protean eGov Technologies Ltd,ORDER_WIN,PROMISING
2026-09-12,PRICOLLTD,scan,Pricol Ltd,RESTRUCTURING,PROMISING
2026-09-12,PICCADIL,scan,Piccadily Agro Industries Ltd,RESTRUCTURING,PROMISING
2026-09-12,JAGSNPHARM,scan,Jagsonpal Pharmaceuticals Ltd,ACQUISITION,PROMISING
2026-09-12,LUMAXTECH,scan,Lumax Auto Technologies Ltd,ACQUISITION,PROMISING
2026-09-12,BCLIND,scan,BCL Industries Ltd,ACQUISITION,PROMISING
2026-09-12,SRM,scan,SRM Contractors Ltd,ORDER_WIN,PROMISING
2026-09-12,GUFICBIO,scan,Gufic Biosciences Ltd,ACQUISITION,PROMISING
2026-09-12,VIKRAMSOLR,scan,Vikram Solar Ltd,RESTRUCTURING,PROMISING
2026-09-12,SAIPARENT,scan,Sai Parenterals Ltd,ORDER_WIN,PROMISING
2026-09-12,20MICRONS,scan,20 Microns Ltd,ACQUISITION,PROMISING
2026-09-12,ASHIANA,scan,Ashiana Housing Ltd,ORDER_WIN,PROMISING
2026-09-12,GSPCROP,scan,GSP Crop Science Ltd,RESTRUCTURING,PROMISING
2026-09-12,GREAVESCOT,scan,Greaves Cotton Ltd,ACQUISITION,PROMISING
2026-09-12,HITECH,scan,Hi-Tech Pipes Ltd,CAPITAL_RAISE,PROMISING
2026-09-12,BLSE,scan,BLS E-Services Ltd,ACQUISITION,PROMISING
2026-09-12,SANDHAR,scan,Sandhar Technologies Ltd,ACQUISITION,PROMISING
2026-09-12,MANORAMA,scan,Manorama Industries Ltd,CAPITAL_RAISE,PROMISING
2026-09-12,INDIANHUME,scan,Indian Hume Pipe Company Ltd,ORDER_WIN,PROMISING
2026-09-12,VESUVIUS,scan,Vesuvius India Ltd,RESTRUCTURING,PROMISING
2026-09-12,QPOWER,scan,Quality Power Electrical Equipments Ltd,ORDER_WIN,PROMISING
2026-09-12,ANURAS,scan,Anupam Rasayan India Ltd,ACQUISITION,PROMISING
2026-09-12,TVSSRICHAK,scan,TVS Srichakra Ltd,ACQUISITION,PROMISING
2026-09-12,WABAG,scan,VA Tech Wabag Ltd,ORDER_WIN,PROMISING
2026-09-12,SIRCA,scan,Sirca Paints India Ltd,CAPITAL_RAISE,PROMISING
2026-09-12,SHK,scan,S H Kelkar and Company Ltd,RESTRUCTURING,PROMISING
2026-09-12,RATEGAIN,scan,RateGain Travel Technologies Ltd,DEBT_REDUCTION,PROMISING
2026-09-12,JKLAKSHMI,scan,JK Lakshmi Cement Ltd,ACQUISITION,PROMISING
2026-09-12,TANLA,scan,Tanla Platforms Ltd,ACQUISITION,PROMISING
2026-09-12,STERTOOLS,scan,Sterling Tools Ltd,ACQUISITION+CAPITAL_RAISE,PROMISING
2026-09-12,CEINSYS,scan,Ceinsys Tech Ltd,ORDER_WIN,PROMISING
2026-09-12,AVANTEL,scan,Avantel Ltd,ORDER_WIN,PROMISING
2026-09-12,ADFFOODS,scan,Adf Foods Ltd,ACQUISITION,PROMISING
2026-09-12,RAINBOW,scan,Rainbow Children's Medicare Ltd,ACQUISITION,PROMISING
2026-09-12,IMFA,scan,Indian Metals & Ferro Alloys Ltd,ACQUISITION,PROMISING
2026-09-12,LXCHEM,scan,Laxmi Organic Industries Ltd,CAPITAL_RAISE,PROMISING
2026-09-12,RANEHOLDIN,scan,Rane Holdings Ltd,CAPITAL_RAISE,PROMISING
2026-09-12,AURUM,scan,Aurum PropTech Ltd,CAPITAL_RAISE,PROMISING
2026-09-12,SETL,scan,Standard Engineering Technology Ltd,ACQUISITION,PROMISING
2026-09-12,SIYSIL,scan,Siyaram Silk Mills Ltd,RESTRUCTURING,PROMISING
2026-09-12,SAMHI,scan,Samhi Hotels Ltd,ACQUISITION,PROMISING
2026-09-12,KIRLPNU,scan,Kirloskar Pneumatic Company Ltd,ACQUISITION,PROMISING
2026-09-12,JLHL,scan,Jupiter Life Line Hospitals Ltd,ACQUISITION,PROMISING
2026-09-12,ENTERO,scan,Entero Healthcare Solutions Ltd,ACQUISITION,PROMISING
2026-09-12,DATAMATICS,scan,Datamatics Global Services Ltd,ACQUISITION,PROMISING
2026-09-12,TRIVENI,scan,Triveni Engineering & Industries Ltd,RESTRUCTURING,PROMISING
2026-09-12,PARKHOSPS,scan,Park Medi World Ltd,ACQUISITION,PROMISING
2026-09-12,ICRA,scan,ICRA Ltd,ACQUISITION,PROMISING
2026-09-12,BIKAJI,scan,Bikaji Foods International Ltd,ACQUISITION,PROMISING
2026-09-12,TRANSRAILL,scan,Transrail Lighting Ltd,CAPITAL_RAISE,PROMISING
2026-09-12,DBL,scan,Dilip Buildcon Ltd,ORDER_WIN,PROMISING
2026-09-12,SGMART,scan,SG Mart Ltd,ACQUISITION,PROMISING
2026-09-12,TIIL,scan,Technocraft Industries (India) Ltd,ACQUISITION,PROMISING
2026-09-12,SOBHA,scan,Sobha Ltd,CAPITAL_RAISE,PROMISING
2026-09-12,PRECWIRE,scan,Precision Wires India Ltd,CAPITAL_RAISE,PROMISING
2026-09-12,ARIS,scan,ArisInfra Solutions Ltd,RESTRUCTURING,PROMISING
2026-09-12,VINCOFE,scan,Vintage Coffee And Beverages Ltd,ORDER_WIN,PROMISING
2026-09-12,WAAREERTL,scan,Waaree Renewable Technologies Ltd,ORDER_WIN,PROMISING
2026-09-12,SAREGAMA,scan,Saregama India Ltd,ACQUISITION,PROMISING
2026-09-12,ADVENZYMES,scan,Advanced Enzyme Technologies Ltd,ACQUISITION,PROMISING
2026-09-12,VOGL,scan,Vedanta Oil and Gas Ltd,ORDER_WIN,PROMISING
2026-09-12,EXCELSOFT,scan,Excelsoft Technologies Ltd,ACQUISITION,PROMISING
2026-09-12,ONWARDTEC,scan,Onward Technologies Ltd,ORDER_WIN,PROMISING
2026-09-12,AKUMS,scan,Akums Drugs and Pharmaceuticals Ltd,ACQUISITION,PROMISING
2026-09-12,JKTYRE,scan,JK Tyre & Industries Ltd,ACQUISITION,PROMISING
2026-09-12,JAMNAAUTO,scan,Jamna Auto Industries Ltd,ACQUISITION,PROMISING
2026-09-12,LEMONTREE,scan,Lemon Tree Hotels Ltd,ORDER_WIN,PROMISING
2026-09-12,HCG,scan,HealthCare Global Enterprises Ltd,CAPITAL_RAISE,PROMISING
2026-09-12,DODLA,scan,Dodla Dairy Ltd,ACQUISITION,PROMISING
2026-09-12,JKIL,scan,J. Kumar Infraprojects Ltd,ORDER_WIN,PROMISING
2026-09-12,MOREPENLAB,scan,Morepen Laboratories Ltd,ACQUISITION,PROMISING
2026-09-12,HARIOMPIPE,scan,Hariom Pipe Industries Ltd,CAPITAL_RAISE,PROMISING
2026-09-12,SENORES,scan,Senores Pharmaceuticals Ltd,CAPITAL_RAISE,PROMISING
2026-09-12,TINNARUBR,scan,Tinna Rubber and Infrastructure Ltd,ACQUISITION,PROMISING
2026-09-12,SOMANYCERA,scan,Somany Ceramics Ltd,RESTRUCTURING,PROMISING
2026-09-12,IXIGO,scan,Le Travenues Technology Ltd,ORDER_WIN,PROMISING
2026-09-12,HLEGLAS,scan,HLE Glascoat Ltd,ACQUISITION,PROMISING
2026-09-12,MARSONS,scan,Marsons Ltd,ORDER_WIN,PROMISING
2026-09-12,EFCIL,scan,EFC (I) Ltd,ACQUISITION,PROMISING
2026-09-12,HAPPSTMNDS,scan,Happiest Minds Technologies Ltd,RESTRUCTURING,PROMISING
2026-09-12,VIYASH,scan,Viyash Scientific Ltd,ACQUISITION,PROMISING
2026-09-12,RML,scan,Rane (Madras) Ltd,ACQUISITION,PROMISING
2026-09-12,JUBLINGREA,scan,Jubilant Ingrevia Ltd,ACQUISITION,PROMISING
2026-09-12,CARYSIL,scan,Carysil Ltd,RESTRUCTURING,PROMISING
2026-09-12,MHRIL,scan,Mahindra Holidays & Resorts India Ltd,ACQUISITION,PROMISING
2026-09-12,MOL,scan,Meghmani Organics Ltd,RESTRUCTURING,PROMISING
2026-09-12,DIAMONDYD,scan,Prataap Snacks Ltd,ACQUISITION,PROMISING
2026-09-12,POWERMECH,scan,Power Mech Projects Ltd,ORDER_WIN,PROMISING
2026-09-12,STANLEY,scan,Stanley Lifestyles Ltd,ORDER_WIN,PROMISING
2026-09-12,JAYKAY,scan,Jaykay Enterprises Ltd,CAPITAL_RAISE,PROMISING
2026-09-12,SIS,scan,SIS Ltd,ACQUISITION,PROMISING
2026-09-12,ORCHPHARMA,scan,Orchid Pharma Ltd,ORDER_WIN,PROMISING
2026-09-12,NIVABUPA,scan,Niva Bupa Health Insurance Company Ltd,ORDER_WIN,PROMISING
2026-09-12,UGROCAP,scan,Ugro Capital Ltd,RESTRUCTURING,PROMISING
2026-09-12,CEATLTD,scan,Ceat Ltd,ORDER_WIN,PROMISING
2026-09-12,JKPAPER,scan,JK Paper Ltd,ACQUISITION,PROMISING
2026-09-12,SONATSOFTW,scan,Sonata Software Ltd,ORDER_WIN+RESTRUCTURING,PROMISING
2026-09-12,TEAMLEASE,scan,TeamLease Services Ltd,ORDER_WIN,PROMISING
2026-09-12,ARFIN,scan,Arfin India Ltd,ORDER_WIN,PROMISING
2026-09-12,NITINSPIN,scan,Nitin Spinners Ltd,ACQUISITION,PROMISING
2026-09-12,PENIND,scan,Pennar Industries Ltd,CAPITAL_RAISE,PROMISING
2026-09-12,RAYMOND,scan,Raymond Ltd,CAPITAL_RAISE,PROMISING
2026-09-12,KIRIINDUS,scan,Kiri Industries Ltd,ACQUISITION,PROMISING
2026-09-12,SPORTKING,scan,Sportking India Ltd,ACQUISITION,PROMISING
2026-09-12,MANINDS,scan,Man Industries (India) Ltd,ORDER_WIN,PROMISING
2026-09-12,KIRLFER,scan,Kirloskar Ferrous Industries Ltd,ORDER_WIN,PROMISING
2026-09-12,NAVNETEDUL,scan,Navneet Education Ltd,RESTRUCTURING,PROMISING
2026-09-12,TEXRAIL,scan,Texmaco Rail & Engineering Ltd,ACQUISITION,PROMISING
2026-09-12,MAHSEAMLES,scan,Maharashtra Seamless Ltd,RESTRUCTURING,PROMISING
2026-09-12,CENTUM,scan,Centum Electronics Ltd,RESTRUCTURING,PROMISING
2026-09-12,HEG,scan,HEG Ltd,RESTRUCTURING,PROMISING
2026-09-12,RKFORGE,scan,Ramkrishna Forgings Ltd,CAPITAL_RAISE,PROMISING
2026-09-12,JUNIPER,scan,Juniper Hotels Ltd,ACQUISITION,PROMISING
2026-09-12,ZEEL,scan,Zee Entertainment Enterprises Ltd,CAPITAL_RAISE,PROMISING
2026-09-12,HARDWYN,scan,Hardwyn India Ltd,ORDER_WIN,PROMISING
2026-09-12,CYIENT,scan,Cyient Ltd,ACQUISITION,PROMISING
2026-09-12,KRSNAA,scan,Krsnaa Diagnostics Ltd,CAPITAL_RAISE,PROMISING
2026-09-12,PNCINFRA,scan,PNC Infratech Ltd,ORDER_WIN,PROMISING
2026-09-12,ACI,scan,Archean Chemical Industries Ltd,ACQUISITION,PROMISING
2026-09-12,WENDT,scan,Wendt (India) Ltd,ACQUISITION+CAPITAL_RAISE,PROMISING
2026-09-12,ROHLTD,scan,Royal Orchid Hotels Ltd,ORDER_WIN,PROMISING
2026-09-12,PARAS,scan,Paras Defence and Space Technologies Ltd,ORDER_WIN,PROMISING
2026-09-12,ATLANTAELE,scan,Atlanta Electricals Ltd,ORDER_WIN,PROMISING
2026-09-12,CLEAN,scan,Clean Science and Technology Ltd,ACQUISITION,PROMISING
2026-09-12,MEDIASSIST,scan,Medi Assist Healthcare Services Ltd,ACQUISITION,PROMISING
2026-09-13,IMFA,scan,Indian Metals & Ferro Alloys Ltd,ACQUISITION,PROMISING
2026-09-13,ZEEL,scan,Zee Entertainment Enterprises Ltd,CAPITAL_RAISE,PROMISING
2026-09-13,PARAS,scan,Paras Defence and Space Technologies Ltd,ORDER_WIN,PROMISING
2026-09-13,JUNIPER,scan,Juniper Hotels Ltd,ACQUISITION,PROMISING
2026-09-13,HAPPSTMNDS,scan,Happiest Minds Technologies Ltd,RESTRUCTURING,PROMISING
2026-09-13,VIYASH,scan,Viyash Scientific Ltd,ACQUISITION,PROMISING
2026-09-13,ACI,scan,Archean Chemical Industries Ltd,ACQUISITION,PROMISING
2026-09-13,ROHLTD,scan,Royal Orchid Hotels Ltd,ORDER_WIN,PROMISING
2026-09-13,RML,scan,Rane (Madras) Ltd,ACQUISITION,PROMISING
2026-09-13,DIAMONDYD,scan,Prataap Snacks Ltd,ACQUISITION,PROMISING
2026-09-13,JAYKAY,scan,Jaykay Enterprises Ltd,CAPITAL_RAISE,PROMISING
2026-09-13,CARYSIL,scan,Carysil Ltd,RESTRUCTURING,PROMISING
2026-09-13,MOL,scan,Meghmani Organics Ltd,RESTRUCTURING,PROMISING
2026-09-13,RKFORGE,scan,Ramkrishna Forgings Ltd,CAPITAL_RAISE,PROMISING
2026-09-13,ORCHPHARMA,scan,Orchid Pharma Ltd,ORDER_WIN,PROMISING
2026-09-13,CENTUM,scan,Centum Electronics Ltd,RESTRUCTURING,PROMISING
2026-09-13,TEAMLEASE,scan,TeamLease Services Ltd,ORDER_WIN,PROMISING
2026-09-13,PENIND,scan,Pennar Industries Ltd,CAPITAL_RAISE,PROMISING
2026-09-13,SIS,scan,SIS Ltd,ACQUISITION,PROMISING
2026-09-13,ARFIN,scan,Arfin India Ltd,ORDER_WIN,PROMISING
2026-09-13,KIRIINDUS,scan,Kiri Industries Ltd,ACQUISITION,PROMISING
2026-09-13,NITINSPIN,scan,Nitin Spinners Ltd,ACQUISITION,PROMISING
2026-09-13,NAVNETEDUL,scan,Navneet Education Ltd,RESTRUCTURING,PROMISING
2026-09-13,NIVABUPA,scan,Niva Bupa Health Insurance Company Ltd,ORDER_WIN,PROMISING
2026-09-13,MAHSEAMLES,scan,Maharashtra Seamless Ltd,RESTRUCTURING,PROMISING
2026-09-13,MHRIL,scan,Mahindra Holidays & Resorts India Ltd,ACQUISITION,PROMISING
2026-09-13,KIRLFER,scan,Kirloskar Ferrous Industries Ltd,ORDER_WIN,PROMISING
2026-09-13,MANINDS,scan,Man Industries (India) Ltd,ORDER_WIN,PROMISING
2026-09-13,SPORTKING,scan,Sportking India Ltd,ACQUISITION,PROMISING
2026-09-13,RAYMOND,scan,Raymond Ltd,CAPITAL_RAISE,PROMISING
2026-09-13,JKPAPER,scan,JK Paper Ltd,ACQUISITION,PROMISING
2026-09-13,SONATSOFTW,scan,Sonata Software Ltd,ORDER_WIN+RESTRUCTURING,PROMISING
2026-09-13,WENDT,scan,Wendt (India) Ltd,ACQUISITION+CAPITAL_RAISE,PROMISING
2026-09-13,ISGEC,scan,ISGEC Heavy Engineering Ltd,RESTRUCTURING,PROMISING
2026-09-13,MEDIASSIST,scan,Medi Assist Healthcare Services Ltd,ACQUISITION,PROMISING
2026-09-13,CLEAN,scan,Clean Science and Technology Ltd,ACQUISITION,PROMISING
2026-09-13,STANLEY,scan,Stanley Lifestyles Ltd,ORDER_WIN,PROMISING
2026-09-13,TEXRAIL,scan,Texmaco Rail & Engineering Ltd,ACQUISITION,PROMISING
2026-09-13,POWERMECH,scan,Power Mech Projects Ltd,ORDER_WIN,PROMISING
2026-09-13,GANESHHOU,scan,Ganesh Housing Ltd,RESTRUCTURING,PROMISING
2026-09-13,GOLDIAM,scan,Goldiam International Ltd,ORDER_WIN,PROMISING
2026-09-13,EPL,scan,EPL Ltd,ACQUISITION,PROMISING
2026-09-13,QPOWER,scan,Quality Power Electrical Equipments Ltd,ORDER_WIN,PROMISING
2026-09-13,HLEGLAS,scan,HLE Glascoat Ltd,ACQUISITION,PROMISING
2026-09-13,KRSNAA,scan,Krsnaa Diagnostics Ltd,CAPITAL_RAISE,PROMISING
2026-09-13,MARSONS,scan,Marsons Ltd,ORDER_WIN,PROMISING
2026-09-13,INDIANHUME,scan,Indian Hume Pipe Company Ltd,ORDER_WIN,PROMISING
2026-09-13,MANORAMA,scan,Manorama Industries Ltd,CAPITAL_RAISE,PROMISING
2026-09-13,SAIPARENT,scan,Sai Parenterals Ltd,ORDER_WIN,PROMISING
2026-09-13,ATLANTAELE,scan,Atlanta Electricals Ltd,ORDER_WIN,PROMISING
2026-09-13,EFCIL,scan,EFC (I) Ltd,ACQUISITION,PROMISING
2026-09-13,ASHIANA,scan,Ashiana Housing Ltd,ORDER_WIN,PROMISING
2026-09-13,SRM,scan,SRM Contractors Ltd,ORDER_WIN,PROMISING
2026-09-13,VIKRAMSOLR,scan,Vikram Solar Ltd,RESTRUCTURING,PROMISING
2026-09-13,GSPCROP,scan,GSP Crop Science Ltd,RESTRUCTURING,PROMISING
2026-09-13,BCLIND,scan,BCL Industries Ltd,ACQUISITION,PROMISING
2026-09-13,UGROCAP,scan,Ugro Capital Ltd,RESTRUCTURING,PROMISING
2026-09-13,HEG,scan,HEG Ltd,RESTRUCTURING,PROMISING
2026-09-13,CEATLTD,scan,Ceat Ltd,ORDER_WIN,PROMISING
2026-09-13,JUBLINGREA,scan,Jubilant Ingrevia Ltd,ACQUISITION,PROMISING
2026-09-13,PRICOLLTD,scan,Pricol Ltd,RESTRUCTURING,PROMISING
2026-09-13,JAGSNPHARM,scan,Jagsonpal Pharmaceuticals Ltd,ACQUISITION,PROMISING
2026-09-13,LUMAXTECH,scan,Lumax Auto Technologies Ltd,ACQUISITION,PROMISING
2026-09-13,ONWARDTEC,scan,Onward Technologies Ltd,ORDER_WIN,PROMISING
2026-09-13,ARIS,scan,ArisInfra Solutions Ltd,RESTRUCTURING,PROMISING
2026-09-13,ARSSBL,scan,Anand Rathi Share And Stock Brokers Ltd,ORDER_WIN,PROMISING
2026-09-13,GUFICBIO,scan,Gufic Biosciences Ltd,ACQUISITION,PROMISING
2026-09-13,SAMBHV,scan,Sambhv Steel Tubes Ltd,CAPITAL_RAISE,PROMISING
2026-09-13,NIITMTS,scan,NIIT Learning Systems Ltd,RESTRUCTURING,PROMISING
2026-09-13,ASIANTILES,scan,Asian Granito India Ltd,ACQUISITION,PROMISING
2026-09-13,ANURAS,scan,Anupam Rasayan India Ltd,ACQUISITION,PROMISING
2026-09-13,RITES,scan,RITES Ltd,ORDER_WIN,PROMISING
2026-09-13,GKENERGY,scan,GK Energy Ltd,ORDER_WIN,PROMISING
2026-09-13,TRIDENT,scan,Trident Ltd,ACQUISITION,PROMISING
2026-09-13,PROTEAN,scan,Protean eGov Technologies Ltd,ORDER_WIN,PROMISING
2026-09-13,PICCADIL,scan,Piccadily Agro Industries Ltd,RESTRUCTURING,PROMISING
2026-09-13,SURYAROSNI,scan,Surya Roshni Ltd,ORDER_WIN,PROMISING
2026-09-13,KIRLOSBROS,scan,Kirloskar Brothers Ltd,ORDER_WIN,PROMISING
2026-09-13,MMFL,scan,MM Forgings Ltd,RESTRUCTURING,PROMISING
2026-09-13,SANDHAR,scan,Sandhar Technologies Ltd,ACQUISITION,PROMISING
2026-09-13,SILVERTUC,scan,Silver Touch Technologies Ltd,ORDER_WIN,PROMISING
2026-09-13,SMARTWORKS,scan,Smartworks Coworking Spaces Ltd,ACQUISITION,PROMISING
2026-09-13,DEEPINDS,scan,Deep Industries Ltd,ORDER_WIN,PROMISING
2026-09-13,EPIGRAL,scan,Epigral Ltd,ACQUISITION,PROMISING
2026-09-13,BLSE,scan,BLS E-Services Ltd,ACQUISITION,PROMISING
2026-09-13,VARROC,scan,Varroc Engineering Ltd,ACQUISITION,PROMISING
2026-09-13,KIRLPNU,scan,Kirloskar Pneumatic Company Ltd,ACQUISITION,PROMISING
2026-09-13,JKLAKSHMI,scan,JK Lakshmi Cement Ltd,ACQUISITION,PROMISING
2026-09-13,TRIVENI,scan,Triveni Engineering & Industries Ltd,RESTRUCTURING,PROMISING
2026-09-13,SUDARSCHEM,scan,Sudarshan Chemical Industries Ltd,ACQUISITION,PROMISING
2026-09-13,SETL,scan,Standard Engineering Technology Ltd,ACQUISITION,PROMISING
2026-09-13,BBOX,scan,Black Box Ltd,ORDER_WIN,PROMISING
2026-09-13,DATAMATICS,scan,Datamatics Global Services Ltd,ACQUISITION,PROMISING
2026-09-13,SAMHI,scan,Samhi Hotels Ltd,ACQUISITION,PROMISING
2026-09-13,PARKHOSPS,scan,Park Medi World Ltd,ACQUISITION,PROMISING
2026-09-13,RATEGAIN,scan,RateGain Travel Technologies Ltd,DEBT_REDUCTION,PROMISING
2026-09-13,ICRA,scan,ICRA Ltd,ACQUISITION,PROMISING
2026-09-13,TRANSRAILL,scan,Transrail Lighting Ltd,CAPITAL_RAISE,PROMISING
2026-09-13,DBL,scan,Dilip Buildcon Ltd,ORDER_WIN,PROMISING
2026-09-13,ZUARI,scan,Zuari Agro Chemicals Ltd,ORDER_WIN,PROMISING
2026-09-13,ASHOKA,scan,Ashoka Buildcon Ltd,ORDER_WIN,PROMISING
2026-09-13,SOLEX,scan,Solex Energy Ltd,ORDER_WIN,PROMISING
2026-09-13,RPGLIFE,scan,RPG Life Sciences Ltd,ACQUISITION,PROMISING
2026-09-13,RAINBOW,scan,Rainbow Children's Medicare Ltd,ACQUISITION,PROMISING
2026-09-13,RANEHOLDIN,scan,Rane Holdings Ltd,CAPITAL_RAISE,PROMISING
2026-09-13,LXCHEM,scan,Laxmi Organic Industries Ltd,CAPITAL_RAISE,PROMISING
2026-09-13,VESUVIUS,scan,Vesuvius India Ltd,RESTRUCTURING,PROMISING
2026-09-13,SIRCA,scan,Sirca Paints India Ltd,CAPITAL_RAISE,PROMISING
2026-09-13,LEMONTREE,scan,Lemon Tree Hotels Ltd,ORDER_WIN,PROMISING
2026-09-13,DODLA,scan,Dodla Dairy Ltd,ACQUISITION,PROMISING
2026-09-13,SHK,scan,S H Kelkar and Company Ltd,RESTRUCTURING,PROMISING
2026-09-13,TANLA,scan,Tanla Platforms Ltd,ACQUISITION,PROMISING
2026-09-13,SENORES,scan,Senores Pharmaceuticals Ltd,CAPITAL_RAISE,PROMISING
2026-09-13,HARIOMPIPE,scan,Hariom Pipe Industries Ltd,CAPITAL_RAISE,PROMISING
2026-09-13,AKUMS,scan,Akums Drugs and Pharmaceuticals Ltd,ACQUISITION,PROMISING
2026-09-13,SOMANYCERA,scan,Somany Ceramics Ltd,RESTRUCTURING,PROMISING
2026-09-13,VINCOFE,scan,Vintage Coffee And Beverages Ltd,ORDER_WIN,PROMISING
2026-09-13,SAREGAMA,scan,Saregama India Ltd,ACQUISITION,PROMISING
2026-09-13,VOGL,scan,Vedanta Oil and Gas Ltd,ORDER_WIN,PROMISING
2026-09-13,JAMNAAUTO,scan,Jamna Auto Industries Ltd,ACQUISITION,PROMISING
2026-09-13,HITECH,scan,Hi-Tech Pipes Ltd,CAPITAL_RAISE,PROMISING
2026-09-13,GREAVESCOT,scan,Greaves Cotton Ltd,ACQUISITION,PROMISING
2026-09-13,20MICRONS,scan,20 Microns Ltd,ACQUISITION,PROMISING
2026-09-13,TVSSRICHAK,scan,TVS Srichakra Ltd,ACQUISITION,PROMISING
2026-09-13,WABAG,scan,VA Tech Wabag Ltd,ORDER_WIN,PROMISING
2026-09-13,SGMART,scan,SG Mart Ltd,ACQUISITION,PROMISING
2026-09-13,TIIL,scan,Technocraft Industries (India) Ltd,ACQUISITION,PROMISING
2026-09-13,SOBHA,scan,Sobha Ltd,CAPITAL_RAISE,PROMISING
2026-09-13,PNCINFRA,scan,PNC Infratech Ltd,ORDER_WIN,PROMISING
2026-09-13,WAAREERTL,scan,Waaree Renewable Technologies Ltd,ORDER_WIN,PROMISING
2026-09-13,FLAIR,scan,Flair Writing Industries Ltd,ORDER_WIN,PROMISING
2026-09-13,SHANTIGOLD,scan,Shanti Gold International Ltd,CAPITAL_RAISE,PROMISING
2026-09-13,HARDWYN,scan,Hardwyn India Ltd,ORDER_WIN,PROMISING
2026-09-13,CYIENT,scan,Cyient Ltd,ACQUISITION,PROMISING
2026-09-13,JKIL,scan,J. Kumar Infraprojects Ltd,ORDER_WIN,PROMISING
2026-09-13,HCG,scan,HealthCare Global Enterprises Ltd,CAPITAL_RAISE,PROMISING
2026-09-13,TINNARUBR,scan,Tinna Rubber and Infrastructure Ltd,ACQUISITION,PROMISING
2026-09-13,BIKAJI,scan,Bikaji Foods International Ltd,ACQUISITION,PROMISING
2026-09-13,AURUM,scan,Aurum PropTech Ltd,CAPITAL_RAISE,PROMISING
2026-09-13,ADFFOODS,scan,Adf Foods Ltd,ACQUISITION,PROMISING
2026-09-13,SIYSIL,scan,Siyaram Silk Mills Ltd,RESTRUCTURING,PROMISING
2026-09-13,ENTERO,scan,Entero Healthcare Solutions Ltd,ACQUISITION,PROMISING
2026-09-13,JLHL,scan,Jupiter Life Line Hospitals Ltd,ACQUISITION,PROMISING
2026-09-13,PRECWIRE,scan,Precision Wires India Ltd,CAPITAL_RAISE,PROMISING
2026-09-13,MOREPENLAB,scan,Morepen Laboratories Ltd,ACQUISITION,PROMISING
2026-09-13,ADVENZYMES,scan,Advanced Enzyme Technologies Ltd,ACQUISITION,PROMISING
2026-09-13,EXCELSOFT,scan,Excelsoft Technologies Ltd,ACQUISITION,PROMISING
2026-09-13,CCAVENUE,scan,AvenuesAI Ltd,CAPITAL_RAISE,PROMISING
2026-09-13,CRIZAC,scan,Crizac Ltd,ACQUISITION,PROMISING
2026-09-13,IXIGO,scan,Le Travenues Technology Ltd,ORDER_WIN,PROMISING
2026-09-13,CEINSYS,scan,Ceinsys Tech Ltd,ORDER_WIN,PROMISING
2026-09-13,STERTOOLS,scan,Sterling Tools Ltd,ACQUISITION+CAPITAL_RAISE,PROMISING
2026-09-13,KOLTEPATIL,scan,Kolte-Patil Developers Ltd,CAPITAL_RAISE,PROMISING
2026-09-13,AVANTEL,scan,Avantel Ltd,ORDER_WIN,PROMISING
2026-09-13,JKTYRE,scan,JK Tyre & Industries Ltd,ACQUISITION,PROMISING
2026-09-13,HGINFRA,scan,H.G. Infra Engineering Ltd,ORDER_WIN,PROMISING
2026-09-14,IMFA,scan,Indian Metals & Ferro Alloys Ltd,ACQUISITION,PROMISING
2026-09-14,ZEEL,scan,Zee Entertainment Enterprises Ltd,CAPITAL_RAISE,PROMISING
2026-09-14,PARAS,scan,Paras Defence and Space Technologies Ltd,ORDER_WIN,PROMISING
2026-09-14,JUNIPER,scan,Juniper Hotels Ltd,ACQUISITION,PROMISING
2026-09-14,HAPPSTMNDS,scan,Happiest Minds Technologies Ltd,RESTRUCTURING,PROMISING
2026-09-14,VIYASH,scan,Viyash Scientific Ltd,ACQUISITION,PROMISING
2026-09-14,ACI,scan,Archean Chemical Industries Ltd,ACQUISITION,PROMISING
2026-09-14,ROHLTD,scan,Royal Orchid Hotels Ltd,ORDER_WIN,PROMISING
2026-09-14,RML,scan,Rane (Madras) Ltd,ACQUISITION,PROMISING
2026-09-14,DIAMONDYD,scan,Prataap Snacks Ltd,ACQUISITION,PROMISING
2026-09-14,JAYKAY,scan,Jaykay Enterprises Ltd,CAPITAL_RAISE,PROMISING
2026-09-14,CARYSIL,scan,Carysil Ltd,RESTRUCTURING,PROMISING
2026-09-14,MOL,scan,Meghmani Organics Ltd,RESTRUCTURING,PROMISING
2026-09-14,RKFORGE,scan,Ramkrishna Forgings Ltd,CAPITAL_RAISE,PROMISING
2026-09-14,ORCHPHARMA,scan,Orchid Pharma Ltd,ORDER_WIN,PROMISING
2026-09-14,CENTUM,scan,Centum Electronics Ltd,RESTRUCTURING,PROMISING
2026-09-14,TEAMLEASE,scan,TeamLease Services Ltd,ORDER_WIN,PROMISING
2026-09-14,PENIND,scan,Pennar Industries Ltd,CAPITAL_RAISE,PROMISING
2026-09-14,SIS,scan,SIS Ltd,ACQUISITION,PROMISING
2026-09-14,ARFIN,scan,Arfin India Ltd,ORDER_WIN,PROMISING
2026-09-14,KIRIINDUS,scan,Kiri Industries Ltd,ACQUISITION,PROMISING
2026-09-14,NITINSPIN,scan,Nitin Spinners Ltd,ACQUISITION,PROMISING
2026-09-14,NAVNETEDUL,scan,Navneet Education Ltd,RESTRUCTURING,PROMISING
2026-09-14,NIVABUPA,scan,Niva Bupa Health Insurance Company Ltd,ORDER_WIN,PROMISING
2026-09-14,MAHSEAMLES,scan,Maharashtra Seamless Ltd,RESTRUCTURING,PROMISING
2026-09-14,MHRIL,scan,Mahindra Holidays & Resorts India Ltd,ACQUISITION,PROMISING
2026-09-14,KIRLFER,scan,Kirloskar Ferrous Industries Ltd,ORDER_WIN,PROMISING
2026-09-14,MANINDS,scan,Man Industries (India) Ltd,ORDER_WIN,PROMISING
2026-09-14,SPORTKING,scan,Sportking India Ltd,ACQUISITION,PROMISING
2026-09-14,RAYMOND,scan,Raymond Ltd,CAPITAL_RAISE,PROMISING
2026-09-14,JKPAPER,scan,JK Paper Ltd,ACQUISITION,PROMISING
2026-09-14,SONATSOFTW,scan,Sonata Software Ltd,ORDER_WIN+RESTRUCTURING,PROMISING
2026-09-14,WENDT,scan,Wendt (India) Ltd,ACQUISITION+CAPITAL_RAISE,PROMISING
2026-09-14,ISGEC,scan,ISGEC Heavy Engineering Ltd,RESTRUCTURING,PROMISING
2026-09-14,MEDIASSIST,scan,Medi Assist Healthcare Services Ltd,ACQUISITION,PROMISING
2026-09-14,CLEAN,scan,Clean Science and Technology Ltd,ACQUISITION,PROMISING
2026-09-14,STANLEY,scan,Stanley Lifestyles Ltd,ORDER_WIN,PROMISING
2026-09-14,TEXRAIL,scan,Texmaco Rail & Engineering Ltd,ACQUISITION,PROMISING
2026-09-14,POWERMECH,scan,Power Mech Projects Ltd,ORDER_WIN,PROMISING
2026-09-14,GANESHHOU,scan,Ganesh Housing Ltd,RESTRUCTURING,PROMISING
2026-09-14,GOLDIAM,scan,Goldiam International Ltd,ORDER_WIN,PROMISING
2026-09-14,EPL,scan,EPL Ltd,ACQUISITION,PROMISING
2026-09-14,QPOWER,scan,Quality Power Electrical Equipments Ltd,ORDER_WIN,PROMISING
2026-09-14,HLEGLAS,scan,HLE Glascoat Ltd,ACQUISITION,PROMISING
2026-09-14,KRSNAA,scan,Krsnaa Diagnostics Ltd,CAPITAL_RAISE,PROMISING
2026-09-14,MARSONS,scan,Marsons Ltd,ORDER_WIN,PROMISING
2026-09-14,INDIANHUME,scan,Indian Hume Pipe Company Ltd,ORDER_WIN,PROMISING
2026-09-14,MANORAMA,scan,Manorama Industries Ltd,CAPITAL_RAISE,PROMISING
2026-09-14,SAIPARENT,scan,Sai Parenterals Ltd,ORDER_WIN,PROMISING
2026-09-14,ATLANTAELE,scan,Atlanta Electricals Ltd,ORDER_WIN,PROMISING
2026-09-14,EFCIL,scan,EFC (I) Ltd,ACQUISITION,PROMISING
2026-09-14,ASHIANA,scan,Ashiana Housing Ltd,ORDER_WIN,PROMISING
2026-09-14,SRM,scan,SRM Contractors Ltd,ORDER_WIN,PROMISING
2026-09-14,VIKRAMSOLR,scan,Vikram Solar Ltd,RESTRUCTURING,PROMISING
2026-09-14,GSPCROP,scan,GSP Crop Science Ltd,RESTRUCTURING,PROMISING
2026-09-14,BCLIND,scan,BCL Industries Ltd,ACQUISITION,PROMISING
2026-09-14,UGROCAP,scan,Ugro Capital Ltd,RESTRUCTURING,PROMISING
2026-09-14,HEG,scan,HEG Ltd,RESTRUCTURING,PROMISING
2026-09-14,CEATLTD,scan,Ceat Ltd,ORDER_WIN,PROMISING
2026-09-14,JUBLINGREA,scan,Jubilant Ingrevia Ltd,ACQUISITION,PROMISING
2026-09-14,PRICOLLTD,scan,Pricol Ltd,RESTRUCTURING,PROMISING
2026-09-14,JAGSNPHARM,scan,Jagsonpal Pharmaceuticals Ltd,ACQUISITION,PROMISING
2026-09-14,LUMAXTECH,scan,Lumax Auto Technologies Ltd,ACQUISITION,PROMISING
2026-09-14,ONWARDTEC,scan,Onward Technologies Ltd,ORDER_WIN,PROMISING
2026-09-14,ARIS,scan,ArisInfra Solutions Ltd,RESTRUCTURING,PROMISING
2026-09-14,ARSSBL,scan,Anand Rathi Share And Stock Brokers Ltd,ORDER_WIN,PROMISING
2026-09-14,GUFICBIO,scan,Gufic Biosciences Ltd,ACQUISITION,PROMISING
2026-09-14,SAMBHV,scan,Sambhv Steel Tubes Ltd,CAPITAL_RAISE,PROMISING
2026-09-14,NIITMTS,scan,NIIT Learning Systems Ltd,RESTRUCTURING,PROMISING
2026-09-14,ASIANTILES,scan,Asian Granito India Ltd,ACQUISITION,PROMISING
2026-09-14,ANURAS,scan,Anupam Rasayan India Ltd,ACQUISITION,PROMISING
2026-09-14,RITES,scan,RITES Ltd,ORDER_WIN,PROMISING
2026-09-14,GKENERGY,scan,GK Energy Ltd,ORDER_WIN,PROMISING
2026-09-14,TRIDENT,scan,Trident Ltd,ACQUISITION,PROMISING
2026-09-14,PROTEAN,scan,Protean eGov Technologies Ltd,ORDER_WIN,PROMISING
2026-09-14,PICCADIL,scan,Piccadily Agro Industries Ltd,RESTRUCTURING,PROMISING
2026-09-14,SURYAROSNI,scan,Surya Roshni Ltd,ORDER_WIN,PROMISING
2026-09-14,KIRLOSBROS,scan,Kirloskar Brothers Ltd,ORDER_WIN,PROMISING
2026-09-14,MMFL,scan,MM Forgings Ltd,RESTRUCTURING,PROMISING
2026-09-14,SANDHAR,scan,Sandhar Technologies Ltd,ACQUISITION,PROMISING
2026-09-14,SILVERTUC,scan,Silver Touch Technologies Ltd,ORDER_WIN,PROMISING
2026-09-14,SMARTWORKS,scan,Smartworks Coworking Spaces Ltd,ACQUISITION,PROMISING
2026-09-14,DEEPINDS,scan,Deep Industries Ltd,ORDER_WIN,PROMISING
2026-09-14,EPIGRAL,scan,Epigral Ltd,ACQUISITION,PROMISING
2026-09-14,BLSE,scan,BLS E-Services Ltd,ACQUISITION,PROMISING
2026-09-14,VARROC,scan,Varroc Engineering Ltd,ACQUISITION,PROMISING
2026-09-14,KIRLPNU,scan,Kirloskar Pneumatic Company Ltd,ACQUISITION,PROMISING
2026-09-14,JKLAKSHMI,scan,JK Lakshmi Cement Ltd,ACQUISITION,PROMISING
2026-09-14,TRIVENI,scan,Triveni Engineering & Industries Ltd,RESTRUCTURING,PROMISING
2026-09-14,SUDARSCHEM,scan,Sudarshan Chemical Industries Ltd,ACQUISITION,PROMISING
2026-09-14,SETL,scan,Standard Engineering Technology Ltd,ACQUISITION,PROMISING
2026-09-14,BBOX,scan,Black Box Ltd,ORDER_WIN,PROMISING
2026-09-14,DATAMATICS,scan,Datamatics Global Services Ltd,ACQUISITION,PROMISING
2026-09-14,SAMHI,scan,Samhi Hotels Ltd,ACQUISITION,PROMISING
2026-09-14,PARKHOSPS,scan,Park Medi World Ltd,ACQUISITION,PROMISING
2026-09-14,RATEGAIN,scan,RateGain Travel Technologies Ltd,DEBT_REDUCTION,PROMISING
2026-09-14,ICRA,scan,ICRA Ltd,ACQUISITION,PROMISING
2026-09-14,TRANSRAILL,scan,Transrail Lighting Ltd,CAPITAL_RAISE,PROMISING
2026-09-14,DBL,scan,Dilip Buildcon Ltd,ORDER_WIN,PROMISING
2026-09-14,ZUARI,scan,Zuari Agro Chemicals Ltd,ORDER_WIN,PROMISING
2026-09-14,ASHOKA,scan,Ashoka Buildcon Ltd,ORDER_WIN,PROMISING
2026-09-14,SOLEX,scan,Solex Energy Ltd,ORDER_WIN,PROMISING
2026-09-14,RPGLIFE,scan,RPG Life Sciences Ltd,ACQUISITION,PROMISING
2026-09-14,RAINBOW,scan,Rainbow Children's Medicare Ltd,ACQUISITION,PROMISING
2026-09-14,RANEHOLDIN,scan,Rane Holdings Ltd,CAPITAL_RAISE,PROMISING
2026-09-14,LXCHEM,scan,Laxmi Organic Industries Ltd,CAPITAL_RAISE,PROMISING
2026-09-14,VESUVIUS,scan,Vesuvius India Ltd,RESTRUCTURING,PROMISING
2026-09-14,SIRCA,scan,Sirca Paints India Ltd,CAPITAL_RAISE,PROMISING
2026-09-14,LEMONTREE,scan,Lemon Tree Hotels Ltd,ORDER_WIN,PROMISING
2026-09-14,DODLA,scan,Dodla Dairy Ltd,ACQUISITION,PROMISING
2026-09-14,SHK,scan,S H Kelkar and Company Ltd,RESTRUCTURING,PROMISING
2026-09-14,TANLA,scan,Tanla Platforms Ltd,ACQUISITION,PROMISING
2026-09-14,SENORES,scan,Senores Pharmaceuticals Ltd,CAPITAL_RAISE,PROMISING
2026-09-14,HARIOMPIPE,scan,Hariom Pipe Industries Ltd,CAPITAL_RAISE,PROMISING
2026-09-14,AKUMS,scan,Akums Drugs and Pharmaceuticals Ltd,ACQUISITION,PROMISING
2026-09-14,SOMANYCERA,scan,Somany Ceramics Ltd,RESTRUCTURING,PROMISING
2026-09-14,VINCOFE,scan,Vintage Coffee And Beverages Ltd,ORDER_WIN,PROMISING
2026-09-14,SAREGAMA,scan,Saregama India Ltd,ACQUISITION,PROMISING
2026-09-14,VOGL,scan,Vedanta Oil and Gas Ltd,ORDER_WIN,PROMISING
2026-09-14,JAMNAAUTO,scan,Jamna Auto Industries Ltd,ACQUISITION,PROMISING
2026-09-14,HITECH,scan,Hi-Tech Pipes Ltd,CAPITAL_RAISE,PROMISING
2026-09-14,GREAVESCOT,scan,Greaves Cotton Ltd,ACQUISITION,PROMISING
2026-09-14,20MICRONS,scan,20 Microns Ltd,ACQUISITION,PROMISING
2026-09-14,TVSSRICHAK,scan,TVS Srichakra Ltd,ACQUISITION,PROMISING
2026-09-14,WABAG,scan,VA Tech Wabag Ltd,ORDER_WIN,PROMISING
2026-09-14,SGMART,scan,SG Mart Ltd,ACQUISITION,PROMISING
2026-09-14,TIIL,scan,Technocraft Industries (India) Ltd,ACQUISITION,PROMISING
2026-09-14,SOBHA,scan,Sobha Ltd,CAPITAL_RAISE,PROMISING
2026-09-14,PNCINFRA,scan,PNC Infratech Ltd,ORDER_WIN,PROMISING
2026-09-14,WAAREERTL,scan,Waaree Renewable Technologies Ltd,ORDER_WIN,PROMISING
2026-09-14,FLAIR,scan,Flair Writing Industries Ltd,ORDER_WIN,PROMISING
2026-09-14,SHANTIGOLD,scan,Shanti Gold International Ltd,CAPITAL_RAISE,PROMISING
2026-09-14,HARDWYN,scan,Hardwyn India Ltd,ORDER_WIN,PROMISING
2026-09-14,CYIENT,scan,Cyient Ltd,ACQUISITION,PROMISING
2026-09-14,JKIL,scan,J. Kumar Infraprojects Ltd,ORDER_WIN,PROMISING
2026-09-14,HCG,scan,HealthCare Global Enterprises Ltd,CAPITAL_RAISE,PROMISING
2026-09-14,TINNARUBR,scan,Tinna Rubber and Infrastructure Ltd,ACQUISITION,PROMISING
2026-09-14,BIKAJI,scan,Bikaji Foods International Ltd,ACQUISITION,PROMISING
2026-09-14,AURUM,scan,Aurum PropTech Ltd,CAPITAL_RAISE,PROMISING
2026-09-14,ADFFOODS,scan,Adf Foods Ltd,ACQUISITION,PROMISING
2026-09-14,SIYSIL,scan,Siyaram Silk Mills Ltd,RESTRUCTURING,PROMISING
2026-09-14,ENTERO,scan,Entero Healthcare Solutions Ltd,ACQUISITION,PROMISING
2026-09-14,JLHL,scan,Jupiter Life Line Hospitals Ltd,ACQUISITION,PROMISING
2026-09-14,PRECWIRE,scan,Precision Wires India Ltd,CAPITAL_RAISE,PROMISING
2026-09-14,MOREPENLAB,scan,Morepen Laboratories Ltd,ACQUISITION,PROMISING
2026-09-14,ADVENZYMES,scan,Advanced Enzyme Technologies Ltd,ACQUISITION,PROMISING
2026-09-14,EXCELSOFT,scan,Excelsoft Technologies Ltd,ACQUISITION,PROMISING
2026-09-14,CCAVENUE,scan,AvenuesAI Ltd,CAPITAL_RAISE,PROMISING
2026-09-14,CRIZAC,scan,Crizac Ltd,ACQUISITION,PROMISING
2026-09-14,IXIGO,scan,Le Travenues Technology Ltd,ORDER_WIN,PROMISING
2026-09-14,CEINSYS,scan,Ceinsys Tech Ltd,ORDER_WIN,PROMISING
2026-09-14,STERTOOLS,scan,Sterling Tools Ltd,ACQUISITION+CAPITAL_RAISE,PROMISING
2026-09-14,KOLTEPATIL,scan,Kolte-Patil Developers Ltd,CAPITAL_RAISE,PROMISING
2026-09-14,AVANTEL,scan,Avantel Ltd,ORDER_WIN,PROMISING
2026-09-14,JKTYRE,scan,JK Tyre & Industries Ltd,ACQUISITION,PROMISING
2026-09-14,HGINFRA,scan,H.G. Infra Engineering Ltd,ORDER_WIN,PROMISING
2026-09-15,IMFA,scan,Indian Metals & Ferro Alloys Ltd,ACQUISITION,PROMISING
2026-09-15,ZEEL,scan,Zee Entertainment Enterprises Ltd,CAPITAL_RAISE,PROMISING
2026-09-15,PARAS,scan,Paras Defence and Space Technologies Ltd,ORDER_WIN,PROMISING
2026-09-15,JUNIPER,scan,Juniper Hotels Ltd,ACQUISITION,PROMISING
2026-09-15,HAPPSTMNDS,scan,Happiest Minds Technologies Ltd,RESTRUCTURING,PROMISING
2026-09-15,VIYASH,scan,Viyash Scientific Ltd,ACQUISITION,PROMISING
2026-09-15,ACI,scan,Archean Chemical Industries Ltd,ACQUISITION,PROMISING
2026-09-15,ROHLTD,scan,Royal Orchid Hotels Ltd,ORDER_WIN,PROMISING
2026-09-15,RML,scan,Rane (Madras) Ltd,ACQUISITION,PROMISING
2026-09-15,DIAMONDYD,scan,Prataap Snacks Ltd,ACQUISITION,PROMISING
2026-09-15,JAYKAY,scan,Jaykay Enterprises Ltd,CAPITAL_RAISE,PROMISING
2026-09-15,CARYSIL,scan,Carysil Ltd,RESTRUCTURING,PROMISING
2026-09-15,MOL,scan,Meghmani Organics Ltd,RESTRUCTURING,PROMISING
2026-09-15,RKFORGE,scan,Ramkrishna Forgings Ltd,CAPITAL_RAISE,PROMISING
2026-09-15,ORCHPHARMA,scan,Orchid Pharma Ltd,ORDER_WIN,PROMISING
2026-09-15,CENTUM,scan,Centum Electronics Ltd,RESTRUCTURING,PROMISING
2026-09-15,TEAMLEASE,scan,TeamLease Services Ltd,ORDER_WIN,PROMISING
2026-09-15,PENIND,scan,Pennar Industries Ltd,CAPITAL_RAISE,PROMISING
2026-09-15,SIS,scan,SIS Ltd,ACQUISITION,PROMISING
2026-09-15,ARFIN,scan,Arfin India Ltd,ORDER_WIN,PROMISING
2026-09-15,KIRIINDUS,scan,Kiri Industries Ltd,ACQUISITION,PROMISING
2026-09-15,NITINSPIN,scan,Nitin Spinners Ltd,ACQUISITION,PROMISING
2026-09-15,NAVNETEDUL,scan,Navneet Education Ltd,RESTRUCTURING,PROMISING
2026-09-15,NIVABUPA,scan,Niva Bupa Health Insurance Company Ltd,ORDER_WIN,PROMISING
2026-09-15,MAHSEAMLES,scan,Maharashtra Seamless Ltd,RESTRUCTURING,PROMISING
2026-09-15,MHRIL,scan,Mahindra Holidays & Resorts India Ltd,ACQUISITION,PROMISING
2026-09-15,KIRLFER,scan,Kirloskar Ferrous Industries Ltd,ORDER_WIN,PROMISING
2026-09-15,MANINDS,scan,Man Industries (India) Ltd,ORDER_WIN,PROMISING
2026-09-15,SPORTKING,scan,Sportking India Ltd,ACQUISITION,PROMISING
2026-09-15,RAYMOND,scan,Raymond Ltd,CAPITAL_RAISE,PROMISING
2026-09-15,JKPAPER,scan,JK Paper Ltd,ACQUISITION,PROMISING
2026-09-15,SONATSOFTW,scan,Sonata Software Ltd,ORDER_WIN+RESTRUCTURING,PROMISING
2026-09-15,WENDT,scan,Wendt (India) Ltd,ACQUISITION+CAPITAL_RAISE,PROMISING
2026-09-15,ISGEC,scan,ISGEC Heavy Engineering Ltd,RESTRUCTURING,PROMISING
2026-09-15,MEDIASSIST,scan,Medi Assist Healthcare Services Ltd,ACQUISITION,PROMISING
2026-09-15,CLEAN,scan,Clean Science and Technology Ltd,ACQUISITION,PROMISING
2026-09-15,STANLEY,scan,Stanley Lifestyles Ltd,ORDER_WIN,PROMISING
2026-09-15,TEXRAIL,scan,Texmaco Rail & Engineering Ltd,ACQUISITION,PROMISING
2026-09-15,POWERMECH,scan,Power Mech Projects Ltd,ORDER_WIN,PROMISING
2026-09-15,GANESHHOU,scan,Ganesh Housing Ltd,RESTRUCTURING,PROMISING
2026-09-15,GOLDIAM,scan,Goldiam International Ltd,ORDER_WIN,PROMISING
2026-09-15,EPL,scan,EPL Ltd,ACQUISITION,PROMISING
2026-09-15,QPOWER,scan,Quality Power Electrical Equipments Ltd,ORDER_WIN,PROMISING
2026-09-15,HLEGLAS,scan,HLE Glascoat Ltd,ACQUISITION,PROMISING
2026-09-15,KRSNAA,scan,Krsnaa Diagnostics Ltd,CAPITAL_RAISE,PROMISING
2026-09-15,MARSONS,scan,Marsons Ltd,ORDER_WIN,PROMISING
2026-09-15,INDIANHUME,scan,Indian Hume Pipe Company Ltd,ORDER_WIN,PROMISING
2026-09-15,MANORAMA,scan,Manorama Industries Ltd,CAPITAL_RAISE,PROMISING
2026-09-15,SAIPARENT,scan,Sai Parenterals Ltd,ORDER_WIN,PROMISING
2026-09-15,ATLANTAELE,scan,Atlanta Electricals Ltd,ORDER_WIN,PROMISING
2026-09-15,EFCIL,scan,EFC (I) Ltd,ACQUISITION,PROMISING
2026-09-15,ASHIANA,scan,Ashiana Housing Ltd,ORDER_WIN,PROMISING
2026-09-15,SRM,scan,SRM Contractors Ltd,ORDER_WIN,PROMISING
2026-09-15,VIKRAMSOLR,scan,Vikram Solar Ltd,RESTRUCTURING,PROMISING
2026-09-15,GSPCROP,scan,GSP Crop Science Ltd,RESTRUCTURING,PROMISING
2026-09-15,BCLIND,scan,BCL Industries Ltd,ACQUISITION,PROMISING
2026-09-15,UGROCAP,scan,Ugro Capital Ltd,RESTRUCTURING,PROMISING
2026-09-15,HEG,scan,HEG Ltd,RESTRUCTURING,PROMISING
2026-09-15,CEATLTD,scan,Ceat Ltd,ORDER_WIN,PROMISING
2026-09-15,JUBLINGREA,scan,Jubilant Ingrevia Ltd,ACQUISITION,PROMISING
2026-09-15,PRICOLLTD,scan,Pricol Ltd,RESTRUCTURING,PROMISING
2026-09-15,JAGSNPHARM,scan,Jagsonpal Pharmaceuticals Ltd,ACQUISITION,PROMISING
2026-09-15,LUMAXTECH,scan,Lumax Auto Technologies Ltd,ACQUISITION,PROMISING
2026-09-15,ONWARDTEC,scan,Onward Technologies Ltd,ORDER_WIN,PROMISING
2026-09-15,ARIS,scan,ArisInfra Solutions Ltd,RESTRUCTURING,PROMISING
2026-09-15,ARSSBL,scan,Anand Rathi Share And Stock Brokers Ltd,ORDER_WIN,PROMISING
2026-09-15,GUFICBIO,scan,Gufic Biosciences Ltd,ACQUISITION,PROMISING
2026-09-15,SAMBHV,scan,Sambhv Steel Tubes Ltd,CAPITAL_RAISE,PROMISING
2026-09-15,NIITMTS,scan,NIIT Learning Systems Ltd,RESTRUCTURING,PROMISING
2026-09-15,ASIANTILES,scan,Asian Granito India Ltd,ACQUISITION,PROMISING
2026-09-15,ANURAS,scan,Anupam Rasayan India Ltd,ACQUISITION,PROMISING
2026-09-15,RITES,scan,RITES Ltd,ORDER_WIN,PROMISING
2026-09-15,GKENERGY,scan,GK Energy Ltd,ORDER_WIN,PROMISING
2026-09-15,TRIDENT,scan,Trident Ltd,ACQUISITION,PROMISING
2026-09-15,PROTEAN,scan,Protean eGov Technologies Ltd,ORDER_WIN,PROMISING
2026-09-15,PICCADIL,scan,Piccadily Agro Industries Ltd,RESTRUCTURING,PROMISING
2026-09-15,SURYAROSNI,scan,Surya Roshni Ltd,ORDER_WIN,PROMISING
2026-09-15,KIRLOSBROS,scan,Kirloskar Brothers Ltd,ORDER_WIN,PROMISING
2026-09-15,MMFL,scan,MM Forgings Ltd,RESTRUCTURING,PROMISING
2026-09-15,SANDHAR,scan,Sandhar Technologies Ltd,ACQUISITION,PROMISING
2026-09-15,SILVERTUC,scan,Silver Touch Technologies Ltd,ORDER_WIN,PROMISING
2026-09-15,SMARTWORKS,scan,Smartworks Coworking Spaces Ltd,ACQUISITION,PROMISING
2026-09-15,DEEPINDS,scan,Deep Industries Ltd,ORDER_WIN,PROMISING
2026-09-15,EPIGRAL,scan,Epigral Ltd,ACQUISITION,PROMISING
2026-09-15,BLSE,scan,BLS E-Services Ltd,ACQUISITION,PROMISING
2026-09-15,VARROC,scan,Varroc Engineering Ltd,ACQUISITION,PROMISING
2026-09-15,KIRLPNU,scan,Kirloskar Pneumatic Company Ltd,ACQUISITION,PROMISING
2026-09-15,JKLAKSHMI,scan,JK Lakshmi Cement Ltd,ACQUISITION,PROMISING
2026-09-15,TRIVENI,scan,Triveni Engineering & Industries Ltd,RESTRUCTURING,PROMISING
2026-09-15,SUDARSCHEM,scan,Sudarshan Chemical Industries Ltd,ACQUISITION,PROMISING
2026-09-15,SETL,scan,Standard Engineering Technology Ltd,ACQUISITION,PROMISING
2026-09-15,BBOX,scan,Black Box Ltd,ORDER_WIN,PROMISING
2026-09-15,DATAMATICS,scan,Datamatics Global Services Ltd,ACQUISITION,PROMISING
2026-09-15,SAMHI,scan,Samhi Hotels Ltd,ACQUISITION,PROMISING
2026-09-15,PARKHOSPS,scan,Park Medi World Ltd,ACQUISITION,PROMISING
2026-09-15,RATEGAIN,scan,RateGain Travel Technologies Ltd,DEBT_REDUCTION,PROMISING
2026-09-15,ICRA,scan,ICRA Ltd,ACQUISITION,PROMISING
2026-09-15,TRANSRAILL,scan,Transrail Lighting Ltd,CAPITAL_RAISE,PROMISING
2026-09-15,DBL,scan,Dilip Buildcon Ltd,ORDER_WIN,PROMISING
2026-09-15,ZUARI,scan,Zuari Agro Chemicals Ltd,ORDER_WIN,PROMISING
2026-09-15,ASHOKA,scan,Ashoka Buildcon Ltd,ORDER_WIN,PROMISING
2026-09-15,SOLEX,scan,Solex Energy Ltd,ORDER_WIN,PROMISING
2026-09-15,RPGLIFE,scan,RPG Life Sciences Ltd,ACQUISITION,PROMISING
2026-09-15,RAINBOW,scan,Rainbow Children's Medicare Ltd,ACQUISITION,PROMISING
2026-09-15,RANEHOLDIN,scan,Rane Holdings Ltd,CAPITAL_RAISE,PROMISING
2026-09-15,LXCHEM,scan,Laxmi Organic Industries Ltd,CAPITAL_RAISE,PROMISING
2026-09-15,VESUVIUS,scan,Vesuvius India Ltd,RESTRUCTURING,PROMISING
2026-09-15,SIRCA,scan,Sirca Paints India Ltd,CAPITAL_RAISE,PROMISING
2026-09-15,LEMONTREE,scan,Lemon Tree Hotels Ltd,ORDER_WIN,PROMISING
2026-09-15,DODLA,scan,Dodla Dairy Ltd,ACQUISITION,PROMISING
2026-09-15,SHK,scan,S H Kelkar and Company Ltd,RESTRUCTURING,PROMISING
2026-09-15,TANLA,scan,Tanla Platforms Ltd,ACQUISITION,PROMISING
2026-09-15,SENORES,scan,Senores Pharmaceuticals Ltd,CAPITAL_RAISE,PROMISING
2026-09-15,HARIOMPIPE,scan,Hariom Pipe Industries Ltd,CAPITAL_RAISE,PROMISING
2026-09-15,AKUMS,scan,Akums Drugs and Pharmaceuticals Ltd,ACQUISITION,PROMISING
2026-09-15,SOMANYCERA,scan,Somany Ceramics Ltd,RESTRUCTURING,PROMISING
2026-09-15,VINCOFE,scan,Vintage Coffee And Beverages Ltd,ORDER_WIN,PROMISING
2026-09-15,SAREGAMA,scan,Saregama India Ltd,ACQUISITION,PROMISING
2026-09-15,VOGL,scan,Vedanta Oil and Gas Ltd,ORDER_WIN,PROMISING
2026-09-15,JAMNAAUTO,scan,Jamna Auto Industries Ltd,ACQUISITION,PROMISING
2026-09-15,HITECH,scan,Hi-Tech Pipes Ltd,CAPITAL_RAISE,PROMISING
2026-09-15,GREAVESCOT,scan,Greaves Cotton Ltd,ACQUISITION,PROMISING
2026-09-15,20MICRONS,scan,20 Microns Ltd,ACQUISITION,PROMISING
2026-09-15,TVSSRICHAK,scan,TVS Srichakra Ltd,ACQUISITION,PROMISING
2026-09-15,WABAG,scan,VA Tech Wabag Ltd,ORDER_WIN,PROMISING
2026-09-15,SGMART,scan,SG Mart Ltd,ACQUISITION,PROMISING
2026-09-15,TIIL,scan,Technocraft Industries (India) Ltd,ACQUISITION,PROMISING
2026-09-15,SOBHA,scan,Sobha Ltd,CAPITAL_RAISE,PROMISING
2026-09-15,PNCINFRA,scan,PNC Infratech Ltd,ORDER_WIN,PROMISING
2026-09-15,WAAREERTL,scan,Waaree Renewable Technologies Ltd,ORDER_WIN,PROMISING
2026-09-15,FLAIR,scan,Flair Writing Industries Ltd,ORDER_WIN,PROMISING
2026-09-15,SHANTIGOLD,scan,Shanti Gold International Ltd,CAPITAL_RAISE,PROMISING
2026-09-15,HARDWYN,scan,Hardwyn India Ltd,ORDER_WIN,PROMISING
2026-09-15,CYIENT,scan,Cyient Ltd,ACQUISITION,PROMISING
2026-09-15,JKIL,scan,J. Kumar Infraprojects Ltd,ORDER_WIN,PROMISING
2026-09-15,HCG,scan,HealthCare Global Enterprises Ltd,CAPITAL_RAISE,PROMISING
2026-09-15,TINNARUBR,scan,Tinna Rubber and Infrastructure Ltd,ACQUISITION,PROMISING
2026-09-15,BIKAJI,scan,Bikaji Foods International Ltd,ACQUISITION,PROMISING
2026-09-15,AURUM,scan,Aurum PropTech Ltd,CAPITAL_RAISE,PROMISING
2026-09-15,ADFFOODS,scan,Adf Foods Ltd,ACQUISITION,PROMISING
2026-09-15,SIYSIL,scan,Siyaram Silk Mills Ltd,RESTRUCTURING,PROMISING
2026-09-15,ENTERO,scan,Entero Healthcare Solutions Ltd,ACQUISITION,PROMISING
2026-09-15,JLHL,scan,Jupiter Life Line Hospitals Ltd,ACQUISITION,PROMISING
2026-09-15,PRECWIRE,scan,Precision Wires India Ltd,CAPITAL_RAISE,PROMISING
2026-09-15,MOREPENLAB,scan,Morepen Laboratories Ltd,ACQUISITION,PROMISING
2026-09-15,ADVENZYMES,scan,Advanced Enzyme Technologies Ltd,ACQUISITION,PROMISING
2026-09-15,EXCELSOFT,scan,Excelsoft Technologies Ltd,ACQUISITION,PROMISING
2026-09-15,CCAVENUE,scan,AvenuesAI Ltd,CAPITAL_RAISE,PROMISING
2026-09-15,CRIZAC,scan,Crizac Ltd,ACQUISITION,PROMISING
2026-09-15,IXIGO,scan,Le Travenues Technology Ltd,ORDER_WIN,PROMISING
2026-09-15,CEINSYS,scan,Ceinsys Tech Ltd,ORDER_WIN,PROMISING
2026-09-15,STERTOOLS,scan,Sterling Tools Ltd,ACQUISITION+CAPITAL_RAISE,PROMISING
2026-09-15,KOLTEPATIL,scan,Kolte-Patil Developers Ltd,CAPITAL_RAISE,PROMISING
2026-09-15,AVANTEL,scan,Avantel Ltd,ORDER_WIN,PROMISING
2026-09-15,JKTYRE,scan,JK Tyre & Industries Ltd,ACQUISITION,PROMISING
2026-09-15,HGINFRA,scan,H.G. Infra Engineering Ltd,ORDER_WIN,PROMISING
2026-09-15,DIVGIITTS,scan,DIVGI TORQTRANSFER SYSTEMS Ltd,ACQUISITION,PROMISING
2026-09-16,IMFA,scan,Indian Metals & Ferro Alloys Ltd,ACQUISITION,PROMISING
2026-09-16,ZEEL,scan,Zee Entertainment Enterprises Ltd,CAPITAL_RAISE,PROMISING
2026-09-16,PARAS,scan,Paras Defence and Space Technologies Ltd,ORDER_WIN,PROMISING
2026-09-16,JUNIPER,scan,Juniper Hotels Ltd,ACQUISITION,PROMISING
2026-09-16,HAPPSTMNDS,scan,Happiest Minds Technologies Ltd,RESTRUCTURING,PROMISING
2026-09-16,VIYASH,scan,Viyash Scientific Ltd,ACQUISITION,PROMISING
2026-09-16,ACI,scan,Archean Chemical Industries Ltd,ACQUISITION,PROMISING
2026-09-16,ROHLTD,scan,Royal Orchid Hotels Ltd,ORDER_WIN,PROMISING
2026-09-16,RML,scan,Rane (Madras) Ltd,ACQUISITION,PROMISING
2026-09-16,DIAMONDYD,scan,Prataap Snacks Ltd,ACQUISITION,PROMISING
2026-09-16,JAYKAY,scan,Jaykay Enterprises Ltd,CAPITAL_RAISE,PROMISING
2026-09-16,CARYSIL,scan,Carysil Ltd,RESTRUCTURING,PROMISING
2026-09-16,MOL,scan,Meghmani Organics Ltd,RESTRUCTURING,PROMISING
2026-09-16,RKFORGE,scan,Ramkrishna Forgings Ltd,CAPITAL_RAISE,PROMISING
2026-09-16,ORCHPHARMA,scan,Orchid Pharma Ltd,ORDER_WIN,PROMISING
2026-09-16,CENTUM,scan,Centum Electronics Ltd,RESTRUCTURING,PROMISING
2026-09-16,TEAMLEASE,scan,TeamLease Services Ltd,ORDER_WIN,PROMISING
2026-09-16,PENIND,scan,Pennar Industries Ltd,CAPITAL_RAISE,PROMISING
2026-09-16,SIS,scan,SIS Ltd,ACQUISITION,PROMISING
2026-09-16,ARFIN,scan,Arfin India Ltd,ORDER_WIN,PROMISING
2026-09-16,KIRIINDUS,scan,Kiri Industries Ltd,ACQUISITION,PROMISING
2026-09-16,NITINSPIN,scan,Nitin Spinners Ltd,ACQUISITION,PROMISING
2026-09-16,NAVNETEDUL,scan,Navneet Education Ltd,RESTRUCTURING,PROMISING
2026-09-16,NIVABUPA,scan,Niva Bupa Health Insurance Company Ltd,ORDER_WIN,PROMISING
2026-09-16,MAHSEAMLES,scan,Maharashtra Seamless Ltd,RESTRUCTURING,PROMISING
2026-09-16,MHRIL,scan,Mahindra Holidays & Resorts India Ltd,ACQUISITION,PROMISING
2026-09-16,KIRLFER,scan,Kirloskar Ferrous Industries Ltd,ORDER_WIN,PROMISING
2026-09-16,MANINDS,scan,Man Industries (India) Ltd,ORDER_WIN,PROMISING
2026-09-16,SPORTKING,scan,Sportking India Ltd,ACQUISITION,PROMISING
2026-09-16,RAYMOND,scan,Raymond Ltd,CAPITAL_RAISE,PROMISING
2026-09-16,JKPAPER,scan,JK Paper Ltd,ACQUISITION,PROMISING
2026-09-16,SONATSOFTW,scan,Sonata Software Ltd,ORDER_WIN+RESTRUCTURING,PROMISING
2026-09-16,ISGEC,scan,ISGEC Heavy Engineering Ltd,RESTRUCTURING,PROMISING
2026-09-16,DIVGIITTS,scan,DIVGI TORQTRANSFER SYSTEMS Ltd,ACQUISITION,PROMISING
2026-09-16,WENDT,scan,Wendt (India) Ltd,ACQUISITION+CAPITAL_RAISE,PROMISING
2026-09-16,CLEAN,scan,Clean Science and Technology Ltd,ACQUISITION,PROMISING
2026-09-16,MEDIASSIST,scan,Medi Assist Healthcare Services Ltd,ACQUISITION,PROMISING
2026-09-16,TEXRAIL,scan,Texmaco Rail & Engineering Ltd,ACQUISITION,PROMISING
2026-09-16,STANLEY,scan,Stanley Lifestyles Ltd,ORDER_WIN,PROMISING
2026-09-16,POWERMECH,scan,Power Mech Projects Ltd,ORDER_WIN,PROMISING
2026-09-16,GOLDIAM,scan,Goldiam International Ltd,ORDER_WIN,PROMISING
2026-09-16,EPL,scan,EPL Ltd,ACQUISITION,PROMISING
2026-09-16,QPOWER,scan,Quality Power Electrical Equipments Ltd,ORDER_WIN,PROMISING
2026-09-16,HLEGLAS,scan,HLE Glascoat Ltd,ACQUISITION,PROMISING
2026-09-16,KRSNAA,scan,Krsnaa Diagnostics Ltd,CAPITAL_RAISE,PROMISING
2026-09-16,MARSONS,scan,Marsons Ltd,ORDER_WIN,PROMISING
2026-09-16,INDIANHUME,scan,Indian Hume Pipe Company Ltd,ORDER_WIN,PROMISING
2026-09-16,MANORAMA,scan,Manorama Industries Ltd,CAPITAL_RAISE,PROMISING
2026-09-16,SAIPARENT,scan,Sai Parenterals Ltd,ORDER_WIN,PROMISING
2026-09-16,ATLANTAELE,scan,Atlanta Electricals Ltd,ORDER_WIN,PROMISING
2026-09-16,EFCIL,scan,EFC (I) Ltd,ACQUISITION,PROMISING
2026-09-16,ASHIANA,scan,Ashiana Housing Ltd,ORDER_WIN,PROMISING
2026-09-16,SRM,scan,SRM Contractors Ltd,ORDER_WIN,PROMISING
2026-09-16,VIKRAMSOLR,scan,Vikram Solar Ltd,RESTRUCTURING,PROMISING
2026-09-16,GSPCROP,scan,GSP Crop Science Ltd,RESTRUCTURING,PROMISING
2026-09-16,BCLIND,scan,BCL Industries Ltd,ACQUISITION,PROMISING
2026-09-16,UGROCAP,scan,Ugro Capital Ltd,RESTRUCTURING,PROMISING
2026-09-16,HEG,scan,HEG Ltd,RESTRUCTURING,PROMISING
2026-09-16,CEATLTD,scan,Ceat Ltd,ORDER_WIN,PROMISING
2026-09-16,JUBLINGREA,scan,Jubilant Ingrevia Ltd,ACQUISITION,PROMISING
2026-09-16,PRICOLLTD,scan,Pricol Ltd,RESTRUCTURING,PROMISING
2026-09-16,JAGSNPHARM,scan,Jagsonpal Pharmaceuticals Ltd,ACQUISITION,PROMISING
2026-09-16,LUMAXTECH,scan,Lumax Auto Technologies Ltd,ACQUISITION,PROMISING
2026-09-16,ONWARDTEC,scan,Onward Technologies Ltd,ORDER_WIN,PROMISING
2026-09-16,ARIS,scan,ArisInfra Solutions Ltd,RESTRUCTURING,PROMISING
2026-09-16,ARSSBL,scan,Anand Rathi Share And Stock Brokers Ltd,ORDER_WIN,PROMISING
2026-09-16,GUFICBIO,scan,Gufic Biosciences Ltd,ACQUISITION,PROMISING
2026-09-16,SAMBHV,scan,Sambhv Steel Tubes Ltd,CAPITAL_RAISE,PROMISING
2026-09-16,NIITMTS,scan,NIIT Learning Systems Ltd,RESTRUCTURING,PROMISING
2026-09-16,ASIANTILES,scan,Asian Granito India Ltd,ACQUISITION,PROMISING
2026-09-16,ANURAS,scan,Anupam Rasayan India Ltd,ACQUISITION,PROMISING
2026-09-16,RITES,scan,RITES Ltd,ORDER_WIN,PROMISING
2026-09-16,GKENERGY,scan,GK Energy Ltd,ORDER_WIN,PROMISING
2026-09-16,TRIDENT,scan,Trident Ltd,ACQUISITION,PROMISING
2026-09-16,PROTEAN,scan,Protean eGov Technologies Ltd,ORDER_WIN,PROMISING
2026-09-16,PICCADIL,scan,Piccadily Agro Industries Ltd,RESTRUCTURING,PROMISING
2026-09-16,SURYAROSNI,scan,Surya Roshni Ltd,ORDER_WIN,PROMISING
2026-09-16,KIRLOSBROS,scan,Kirloskar Brothers Ltd,ORDER_WIN,PROMISING
2026-09-16,MMFL,scan,MM Forgings Ltd,RESTRUCTURING,PROMISING
2026-09-16,SANDHAR,scan,Sandhar Technologies Ltd,ACQUISITION,PROMISING
2026-09-16,GANESHHOU,scan,Ganesh Housing Ltd,RESTRUCTURING,PROMISING
2026-09-16,SMARTWORKS,scan,Smartworks Coworking Spaces Ltd,ACQUISITION,PROMISING
2026-09-16,DEEPINDS,scan,Deep Industries Ltd,ORDER_WIN,PROMISING
2026-09-16,EPIGRAL,scan,Epigral Ltd,ACQUISITION,PROMISING
2026-09-16,SILVERTUC,scan,Silver Touch Technologies Ltd,ORDER_WIN,PROMISING
2026-09-16,VARROC,scan,Varroc Engineering Ltd,ACQUISITION,PROMISING
2026-09-16,BLSE,scan,BLS E-Services Ltd,ACQUISITION,PROMISING
2026-09-16,JKLAKSHMI,scan,JK Lakshmi Cement Ltd,ACQUISITION,PROMISING
2026-09-16,TRIVENI,scan,Triveni Engineering & Industries Ltd,RESTRUCTURING,PROMISING
2026-09-16,SUDARSCHEM,scan,Sudarshan Chemical Industries Ltd,ACQUISITION,PROMISING
2026-09-16,SETL,scan,Standard Engineering Technology Ltd,ACQUISITION,PROMISING
2026-09-16,BBOX,scan,Black Box Ltd,ORDER_WIN,PROMISING
2026-09-16,DATAMATICS,scan,Datamatics Global Services Ltd,ACQUISITION,PROMISING
2026-09-16,SAMHI,scan,Samhi Hotels Ltd,ACQUISITION,PROMISING
2026-09-16,PARKHOSPS,scan,Park Medi World Ltd,ACQUISITION,PROMISING
2026-09-16,RATEGAIN,scan,RateGain Travel Technologies Ltd,DEBT_REDUCTION,PROMISING
2026-09-16,ICRA,scan,ICRA Ltd,ACQUISITION,PROMISING
2026-09-16,TRANSRAILL,scan,Transrail Lighting Ltd,CAPITAL_RAISE,PROMISING
2026-09-16,DBL,scan,Dilip Buildcon Ltd,ORDER_WIN,PROMISING
2026-09-16,ZUARI,scan,Zuari Agro Chemicals Ltd,ORDER_WIN,PROMISING
2026-09-16,ASHOKA,scan,Ashoka Buildcon Ltd,ORDER_WIN,PROMISING
2026-09-16,SOLEX,scan,Solex Energy Ltd,ORDER_WIN,PROMISING
2026-09-16,RPGLIFE,scan,RPG Life Sciences Ltd,ACQUISITION,PROMISING
2026-09-16,RAINBOW,scan,Rainbow Children's Medicare Ltd,ACQUISITION,PROMISING
2026-09-16,RANEHOLDIN,scan,Rane Holdings Ltd,CAPITAL_RAISE,PROMISING
2026-09-16,LXCHEM,scan,Laxmi Organic Industries Ltd,CAPITAL_RAISE,PROMISING
2026-09-16,VESUVIUS,scan,Vesuvius India Ltd,RESTRUCTURING,PROMISING
2026-09-16,SIRCA,scan,Sirca Paints India Ltd,CAPITAL_RAISE,PROMISING
2026-09-16,LEMONTREE,scan,Lemon Tree Hotels Ltd,ORDER_WIN,PROMISING
2026-09-16,DODLA,scan,Dodla Dairy Ltd,ACQUISITION,PROMISING
2026-09-16,SHK,scan,S H Kelkar and Company Ltd,RESTRUCTURING,PROMISING
2026-09-16,TANLA,scan,Tanla Platforms Ltd,ACQUISITION,PROMISING
2026-09-16,SENORES,scan,Senores Pharmaceuticals Ltd,CAPITAL_RAISE,PROMISING
2026-09-16,HARIOMPIPE,scan,Hariom Pipe Industries Ltd,CAPITAL_RAISE,PROMISING
2026-09-16,AKUMS,scan,Akums Drugs and Pharmaceuticals Ltd,ACQUISITION,PROMISING
2026-09-16,SOMANYCERA,scan,Somany Ceramics Ltd,RESTRUCTURING,PROMISING
2026-09-16,VINCOFE,scan,Vintage Coffee And Beverages Ltd,ORDER_WIN,PROMISING
2026-09-16,SAREGAMA,scan,Saregama India Ltd,ACQUISITION,PROMISING
2026-09-16,VOGL,scan,Vedanta Oil and Gas Ltd,ORDER_WIN,PROMISING
2026-09-16,JAMNAAUTO,scan,Jamna Auto Industries Ltd,ACQUISITION,PROMISING
2026-09-16,HITECH,scan,Hi-Tech Pipes Ltd,CAPITAL_RAISE,PROMISING
2026-09-16,GREAVESCOT,scan,Greaves Cotton Ltd,ACQUISITION,PROMISING
2026-09-16,20MICRONS,scan,20 Microns Ltd,ACQUISITION,PROMISING
2026-09-16,TVSSRICHAK,scan,TVS Srichakra Ltd,ACQUISITION,PROMISING
2026-09-16,WABAG,scan,VA Tech Wabag Ltd,ORDER_WIN,PROMISING
2026-09-16,SGMART,scan,SG Mart Ltd,ACQUISITION,PROMISING
2026-09-16,TIIL,scan,Technocraft Industries (India) Ltd,ACQUISITION,PROMISING
2026-09-16,SOBHA,scan,Sobha Ltd,CAPITAL_RAISE,PROMISING
2026-09-16,PNCINFRA,scan,PNC Infratech Ltd,ORDER_WIN,PROMISING
2026-09-16,WAAREERTL,scan,Waaree Renewable Technologies Ltd,ORDER_WIN,PROMISING
2026-09-16,FLAIR,scan,Flair Writing Industries Ltd,ORDER_WIN,PROMISING
2026-09-16,SHANTIGOLD,scan,Shanti Gold International Ltd,CAPITAL_RAISE,PROMISING
2026-09-16,HARDWYN,scan,Hardwyn India Ltd,ORDER_WIN,PROMISING
2026-09-16,CYIENT,scan,Cyient Ltd,ACQUISITION,PROMISING
2026-09-16,JKIL,scan,J. Kumar Infraprojects Ltd,ORDER_WIN,PROMISING
2026-09-16,HCG,scan,HealthCare Global Enterprises Ltd,CAPITAL_RAISE,PROMISING
2026-09-16,TINNARUBR,scan,Tinna Rubber and Infrastructure Ltd,ACQUISITION,PROMISING
2026-09-16,KIRLPNU,scan,Kirloskar Pneumatic Company Ltd,ACQUISITION,PROMISING
2026-09-16,AURUM,scan,Aurum PropTech Ltd,CAPITAL_RAISE,PROMISING
2026-09-16,ADFFOODS,scan,Adf Foods Ltd,ACQUISITION,PROMISING
2026-09-16,SIYSIL,scan,Siyaram Silk Mills Ltd,RESTRUCTURING,PROMISING
2026-09-16,ENTERO,scan,Entero Healthcare Solutions Ltd,ACQUISITION,PROMISING
2026-09-16,JLHL,scan,Jupiter Life Line Hospitals Ltd,ACQUISITION,PROMISING
2026-09-16,PRECWIRE,scan,Precision Wires India Ltd,CAPITAL_RAISE,PROMISING
2026-09-16,MOREPENLAB,scan,Morepen Laboratories Ltd,ACQUISITION,PROMISING
2026-09-16,ADVENZYMES,scan,Advanced Enzyme Technologies Ltd,ACQUISITION,PROMISING
2026-09-16,EXCELSOFT,scan,Excelsoft Technologies Ltd,ACQUISITION,PROMISING
2026-09-16,CCAVENUE,scan,AvenuesAI Ltd,CAPITAL_RAISE,PROMISING
2026-09-16,CRIZAC,scan,Crizac Ltd,ACQUISITION,PROMISING
2026-09-16,IXIGO,scan,Le Travenues Technology Ltd,ORDER_WIN,PROMISING
2026-09-16,CEINSYS,scan,Ceinsys Tech Ltd,ORDER_WIN,PROMISING
2026-09-16,STERTOOLS,scan,Sterling Tools Ltd,ACQUISITION+CAPITAL_RAISE,PROMISING
2026-09-16,KOLTEPATIL,scan,Kolte-Patil Developers Ltd,CAPITAL_RAISE,PROMISING
2026-09-16,BIKAJI,scan,Bikaji Foods International Ltd,ACQUISITION,PROMISING
2026-09-16,JKTYRE,scan,JK Tyre & Industries Ltd,ACQUISITION,PROMISING
2026-09-16,HGINFRA,scan,H.G. Infra Engineering Ltd,ORDER_WIN,PROMISING
2026-09-16,AVANTEL,scan,Avantel Ltd,ORDER_WIN,PROMISING
2026-09-16,SWELECTES,scan,Swelect Energy Systems Ltd,ACQUISITION,PROMISING
2026-09-17,IMFA,scan,Indian Metals & Ferro Alloys Ltd,ACQUISITION,PROMISING
2026-09-17,ZEEL,scan,Zee Entertainment Enterprises Ltd,CAPITAL_RAISE,PROMISING
2026-09-17,PARAS,scan,Paras Defence and Space Technologies Ltd,ORDER_WIN,PROMISING
2026-09-17,JUNIPER,scan,Juniper Hotels Ltd,ACQUISITION,PROMISING
2026-09-17,HAPPSTMNDS,scan,Happiest Minds Technologies Ltd,RESTRUCTURING,PROMISING
2026-09-17,VIYASH,scan,Viyash Scientific Ltd,ACQUISITION,PROMISING
2026-09-17,ACI,scan,Archean Chemical Industries Ltd,ACQUISITION,PROMISING
2026-09-17,ROHLTD,scan,Royal Orchid Hotels Ltd,ORDER_WIN,PROMISING
2026-09-17,RML,scan,Rane (Madras) Ltd,ACQUISITION,PROMISING
2026-09-17,DIAMONDYD,scan,Prataap Snacks Ltd,ACQUISITION,PROMISING
2026-09-17,JAYKAY,scan,Jaykay Enterprises Ltd,CAPITAL_RAISE,PROMISING
2026-09-17,CARYSIL,scan,Carysil Ltd,RESTRUCTURING,PROMISING
2026-09-17,MOL,scan,Meghmani Organics Ltd,RESTRUCTURING,PROMISING
2026-09-17,RKFORGE,scan,Ramkrishna Forgings Ltd,CAPITAL_RAISE,PROMISING
2026-09-17,ORCHPHARMA,scan,Orchid Pharma Ltd,ORDER_WIN,PROMISING
2026-09-17,CENTUM,scan,Centum Electronics Ltd,RESTRUCTURING,PROMISING
2026-09-17,TEAMLEASE,scan,TeamLease Services Ltd,ORDER_WIN,PROMISING
2026-09-17,PENIND,scan,Pennar Industries Ltd,CAPITAL_RAISE,PROMISING
2026-09-17,SIS,scan,SIS Ltd,ACQUISITION,PROMISING
2026-09-17,ARFIN,scan,Arfin India Ltd,ORDER_WIN,PROMISING
2026-09-17,KIRIINDUS,scan,Kiri Industries Ltd,ACQUISITION,PROMISING
2026-09-17,NITINSPIN,scan,Nitin Spinners Ltd,ACQUISITION,PROMISING
2026-09-17,NAVNETEDUL,scan,Navneet Education Ltd,RESTRUCTURING,PROMISING
2026-09-17,NIVABUPA,scan,Niva Bupa Health Insurance Company Ltd,ORDER_WIN,PROMISING
2026-09-17,MAHSEAMLES,scan,Maharashtra Seamless Ltd,RESTRUCTURING,PROMISING
2026-09-17,MHRIL,scan,Mahindra Holidays & Resorts India Ltd,ACQUISITION,PROMISING
2026-09-17,KIRLFER,scan,Kirloskar Ferrous Industries Ltd,ORDER_WIN,PROMISING
2026-09-17,MANINDS,scan,Man Industries (India) Ltd,ORDER_WIN,PROMISING
2026-09-17,SPORTKING,scan,Sportking India Ltd,ACQUISITION,PROMISING
2026-09-17,RAYMOND,scan,Raymond Ltd,CAPITAL_RAISE,PROMISING
2026-09-17,JKPAPER,scan,JK Paper Ltd,ACQUISITION,PROMISING
2026-09-17,SONATSOFTW,scan,Sonata Software Ltd,ORDER_WIN+RESTRUCTURING,PROMISING
2026-09-17,ISGEC,scan,ISGEC Heavy Engineering Ltd,RESTRUCTURING,PROMISING
2026-09-17,DIVGIITTS,scan,DIVGI TORQTRANSFER SYSTEMS Ltd,ACQUISITION,PROMISING
2026-09-17,WENDT,scan,Wendt (India) Ltd,ACQUISITION+CAPITAL_RAISE,PROMISING
2026-09-17,CLEAN,scan,Clean Science and Technology Ltd,ACQUISITION,PROMISING
2026-09-17,MEDIASSIST,scan,Medi Assist Healthcare Services Ltd,ACQUISITION,PROMISING
2026-09-17,TEXRAIL,scan,Texmaco Rail & Engineering Ltd,ACQUISITION,PROMISING
2026-09-17,STANLEY,scan,Stanley Lifestyles Ltd,ORDER_WIN,PROMISING
2026-09-17,POWERMECH,scan,Power Mech Projects Ltd,ORDER_WIN,PROMISING
2026-09-17,GOLDIAM,scan,Goldiam International Ltd,ORDER_WIN,PROMISING
2026-09-17,EPL,scan,EPL Ltd,ACQUISITION,PROMISING
2026-09-17,QPOWER,scan,Quality Power Electrical Equipments Ltd,ORDER_WIN,PROMISING
2026-09-17,HLEGLAS,scan,HLE Glascoat Ltd,ACQUISITION,PROMISING
2026-09-17,KRSNAA,scan,Krsnaa Diagnostics Ltd,CAPITAL_RAISE,PROMISING
2026-09-17,MARSONS,scan,Marsons Ltd,ORDER_WIN,PROMISING
2026-09-17,INDIANHUME,scan,Indian Hume Pipe Company Ltd,ORDER_WIN,PROMISING
2026-09-17,MANORAMA,scan,Manorama Industries Ltd,CAPITAL_RAISE,PROMISING
2026-09-17,SAIPARENT,scan,Sai Parenterals Ltd,ORDER_WIN,PROMISING
2026-09-17,ATLANTAELE,scan,Atlanta Electricals Ltd,ORDER_WIN,PROMISING
2026-09-17,EFCIL,scan,EFC (I) Ltd,ACQUISITION,PROMISING
2026-09-17,ASHIANA,scan,Ashiana Housing Ltd,ORDER_WIN,PROMISING
2026-09-17,SRM,scan,SRM Contractors Ltd,ORDER_WIN,PROMISING
2026-09-17,VIKRAMSOLR,scan,Vikram Solar Ltd,RESTRUCTURING,PROMISING
2026-09-17,GSPCROP,scan,GSP Crop Science Ltd,RESTRUCTURING,PROMISING
2026-09-17,BCLIND,scan,BCL Industries Ltd,ACQUISITION,PROMISING
2026-09-17,UGROCAP,scan,Ugro Capital Ltd,RESTRUCTURING,PROMISING
2026-09-17,HEG,scan,HEG Ltd,RESTRUCTURING,PROMISING
2026-09-17,CEATLTD,scan,Ceat Ltd,ORDER_WIN,PROMISING
2026-09-17,JUBLINGREA,scan,Jubilant Ingrevia Ltd,ACQUISITION,PROMISING
2026-09-17,PRICOLLTD,scan,Pricol Ltd,RESTRUCTURING,PROMISING
2026-09-17,JAGSNPHARM,scan,Jagsonpal Pharmaceuticals Ltd,ACQUISITION,PROMISING
2026-09-17,LUMAXTECH,scan,Lumax Auto Technologies Ltd,ACQUISITION,PROMISING
2026-09-17,ONWARDTEC,scan,Onward Technologies Ltd,ORDER_WIN,PROMISING
2026-09-17,ARIS,scan,ArisInfra Solutions Ltd,RESTRUCTURING,PROMISING
2026-09-17,ARSSBL,scan,Anand Rathi Share And Stock Brokers Ltd,ORDER_WIN,PROMISING
2026-09-17,GUFICBIO,scan,Gufic Biosciences Ltd,ACQUISITION,PROMISING
2026-09-17,SAMBHV,scan,Sambhv Steel Tubes Ltd,CAPITAL_RAISE,PROMISING
2026-09-17,NIITMTS,scan,NIIT Learning Systems Ltd,RESTRUCTURING,PROMISING
2026-09-17,ASIANTILES,scan,Asian Granito India Ltd,ACQUISITION,PROMISING
2026-09-17,ANURAS,scan,Anupam Rasayan India Ltd,ACQUISITION,PROMISING
2026-09-17,RITES,scan,RITES Ltd,ORDER_WIN,PROMISING
2026-09-17,GKENERGY,scan,GK Energy Ltd,ORDER_WIN,PROMISING
2026-09-17,TRIDENT,scan,Trident Ltd,ACQUISITION,PROMISING
2026-09-17,PROTEAN,scan,Protean eGov Technologies Ltd,ORDER_WIN,PROMISING
2026-09-17,PICCADIL,scan,Piccadily Agro Industries Ltd,RESTRUCTURING,PROMISING
2026-09-17,SURYAROSNI,scan,Surya Roshni Ltd,ORDER_WIN,PROMISING
2026-09-17,KIRLOSBROS,scan,Kirloskar Brothers Ltd,ORDER_WIN,PROMISING
2026-09-17,MMFL,scan,MM Forgings Ltd,RESTRUCTURING,PROMISING
2026-09-17,SANDHAR,scan,Sandhar Technologies Ltd,ACQUISITION,PROMISING
2026-09-17,GANESHHOU,scan,Ganesh Housing Ltd,RESTRUCTURING,PROMISING
2026-09-17,SMARTWORKS,scan,Smartworks Coworking Spaces Ltd,ACQUISITION,PROMISING
2026-09-17,DEEPINDS,scan,Deep Industries Ltd,ORDER_WIN,PROMISING
2026-09-17,EPIGRAL,scan,Epigral Ltd,ACQUISITION,PROMISING
2026-09-17,SILVERTUC,scan,Silver Touch Technologies Ltd,ORDER_WIN,PROMISING
2026-09-17,VARROC,scan,Varroc Engineering Ltd,ACQUISITION,PROMISING
2026-09-17,BLSE,scan,BLS E-Services Ltd,ACQUISITION,PROMISING
2026-09-17,SIYSIL,scan,Siyaram Silk Mills Ltd,RESTRUCTURING,PROMISING
2026-09-17,TRIVENI,scan,Triveni Engineering & Industries Ltd,RESTRUCTURING,PROMISING
2026-09-17,PARKHOSPS,scan,Park Medi World Ltd,ACQUISITION,PROMISING
2026-09-17,SUDARSCHEM,scan,Sudarshan Chemical Industries Ltd,ACQUISITION,PROMISING
2026-09-17,BBOX,scan,Black Box Ltd,ORDER_WIN,PROMISING
2026-09-17,DATAMATICS,scan,Datamatics Global Services Ltd,ACQUISITION,PROMISING
2026-09-17,SAMHI,scan,Samhi Hotels Ltd,ACQUISITION,PROMISING
2026-09-17,JKLAKSHMI,scan,JK Lakshmi Cement Ltd,ACQUISITION,PROMISING
2026-09-17,RATEGAIN,scan,RateGain Travel Technologies Ltd,DEBT_REDUCTION,PROMISING
2026-09-17,ICRA,scan,ICRA Ltd,ACQUISITION,PROMISING
2026-09-17,TRANSRAILL,scan,Transrail Lighting Ltd,CAPITAL_RAISE,PROMISING
2026-09-17,DBL,scan,Dilip Buildcon Ltd,ORDER_WIN,PROMISING
2026-09-17,ZUARI,scan,Zuari Agro Chemicals Ltd,ORDER_WIN,PROMISING
2026-09-17,ASHOKA,scan,Ashoka Buildcon Ltd,ORDER_WIN,PROMISING
2026-09-17,SOLEX,scan,Solex Energy Ltd,ORDER_WIN,PROMISING
2026-09-17,RPGLIFE,scan,RPG Life Sciences Ltd,ACQUISITION,PROMISING
2026-09-17,RAINBOW,scan,Rainbow Children's Medicare Ltd,ACQUISITION,PROMISING
2026-09-17,RANEHOLDIN,scan,Rane Holdings Ltd,CAPITAL_RAISE,PROMISING
2026-09-17,SWELECTES,scan,Swelect Energy Systems Ltd,ACQUISITION,PROMISING
2026-09-17,VESUVIUS,scan,Vesuvius India Ltd,RESTRUCTURING,PROMISING
2026-09-17,TANLA,scan,Tanla Platforms Ltd,ACQUISITION,PROMISING
2026-09-17,LEMONTREE,scan,Lemon Tree Hotels Ltd,ORDER_WIN,PROMISING
2026-09-17,DODLA,scan,Dodla Dairy Ltd,ACQUISITION,PROMISING
2026-09-17,SHK,scan,S H Kelkar and Company Ltd,RESTRUCTURING,PROMISING
2026-09-17,SIRCA,scan,Sirca Paints India Ltd,CAPITAL_RAISE,PROMISING
2026-09-17,SENORES,scan,Senores Pharmaceuticals Ltd,CAPITAL_RAISE,PROMISING
2026-09-17,HARIOMPIPE,scan,Hariom Pipe Industries Ltd,CAPITAL_RAISE,PROMISING
2026-09-17,AKUMS,scan,Akums Drugs and Pharmaceuticals Ltd,ACQUISITION,PROMISING
2026-09-17,SOMANYCERA,scan,Somany Ceramics Ltd,RESTRUCTURING,PROMISING
2026-09-17,VINCOFE,scan,Vintage Coffee And Beverages Ltd,ORDER_WIN,PROMISING
2026-09-17,SAREGAMA,scan,Saregama India Ltd,ACQUISITION,PROMISING
2026-09-17,VOGL,scan,Vedanta Oil and Gas Ltd,ORDER_WIN,PROMISING
2026-09-17,JAMNAAUTO,scan,Jamna Auto Industries Ltd,ACQUISITION,PROMISING
2026-09-17,HITECH,scan,Hi-Tech Pipes Ltd,CAPITAL_RAISE,PROMISING
2026-09-17,GREAVESCOT,scan,Greaves Cotton Ltd,ACQUISITION,PROMISING
2026-09-17,20MICRONS,scan,20 Microns Ltd,ACQUISITION,PROMISING
2026-09-17,TVSSRICHAK,scan,TVS Srichakra Ltd,ACQUISITION,PROMISING
2026-09-17,WABAG,scan,VA Tech Wabag Ltd,ORDER_WIN,PROMISING
2026-09-17,SGMART,scan,SG Mart Ltd,ACQUISITION,PROMISING
2026-09-17,TIIL,scan,Technocraft Industries (India) Ltd,ACQUISITION,PROMISING
2026-09-17,SOBHA,scan,Sobha Ltd,CAPITAL_RAISE,PROMISING
2026-09-17,PNCINFRA,scan,PNC Infratech Ltd,ORDER_WIN,PROMISING
2026-09-17,WAAREERTL,scan,Waaree Renewable Technologies Ltd,ORDER_WIN,PROMISING
2026-09-17,FLAIR,scan,Flair Writing Industries Ltd,ORDER_WIN,PROMISING
2026-09-17,SHANTIGOLD,scan,Shanti Gold International Ltd,CAPITAL_RAISE,PROMISING
2026-09-17,HARDWYN,scan,Hardwyn India Ltd,ORDER_WIN,PROMISING
2026-09-17,CYIENT,scan,Cyient Ltd,ACQUISITION,PROMISING
2026-09-17,JKIL,scan,J. Kumar Infraprojects Ltd,ORDER_WIN,PROMISING
2026-09-17,HCG,scan,HealthCare Global Enterprises Ltd,CAPITAL_RAISE,PROMISING
2026-09-17,TINNARUBR,scan,Tinna Rubber and Infrastructure Ltd,ACQUISITION,PROMISING
2026-09-17,LXCHEM,scan,Laxmi Organic Industries Ltd,CAPITAL_RAISE,PROMISING
2026-09-17,AURUM,scan,Aurum PropTech Ltd,CAPITAL_RAISE,PROMISING
2026-09-17,ADFFOODS,scan,Adf Foods Ltd,ACQUISITION,PROMISING
2026-09-17,JLHL,scan,Jupiter Life Line Hospitals Ltd,ACQUISITION,PROMISING
2026-09-17,SETL,scan,Standard Engineering Technology Ltd,ACQUISITION,PROMISING
2026-09-17,ENTERO,scan,Entero Healthcare Solutions Ltd,ACQUISITION,PROMISING
2026-09-17,PRECWIRE,scan,Precision Wires India Ltd,CAPITAL_RAISE,PROMISING
2026-09-17,MOREPENLAB,scan,Morepen Laboratories Ltd,ACQUISITION,PROMISING
2026-09-17,ADVENZYMES,scan,Advanced Enzyme Technologies Ltd,ACQUISITION,PROMISING
2026-09-17,EXCELSOFT,scan,Excelsoft Technologies Ltd,ACQUISITION,PROMISING
2026-09-17,CCAVENUE,scan,AvenuesAI Ltd,CAPITAL_RAISE,PROMISING
2026-09-17,CRIZAC,scan,Crizac Ltd,ACQUISITION,PROMISING
2026-09-17,IXIGO,scan,Le Travenues Technology Ltd,ORDER_WIN,PROMISING
2026-09-17,CEINSYS,scan,Ceinsys Tech Ltd,ORDER_WIN,PROMISING
2026-09-17,STERTOOLS,scan,Sterling Tools Ltd,ACQUISITION+CAPITAL_RAISE,PROMISING
2026-09-17,KOLTEPATIL,scan,Kolte-Patil Developers Ltd,CAPITAL_RAISE,PROMISING
2026-09-17,BIKAJI,scan,Bikaji Foods International Ltd,ACQUISITION,PROMISING
2026-09-17,JKTYRE,scan,JK Tyre & Industries Ltd,ACQUISITION,PROMISING
2026-09-17,HGINFRA,scan,H.G. Infra Engineering Ltd,ORDER_WIN,PROMISING
2026-09-17,AVANTEL,scan,Avantel Ltd,ORDER_WIN,PROMISING
2026-09-17,KIRLPNU,scan,Kirloskar Pneumatic Company Ltd,ACQUISITION,PROMISING
2026-09-21,IMFA,scan,Indian Metals & Ferro Alloys Ltd,ACQUISITION,PROMISING
2026-09-21,ZEEL,scan,Zee Entertainment Enterprises Ltd,CAPITAL_RAISE,PROMISING
2026-09-21,PARAS,scan,Paras Defence and Space Technologies Ltd,ORDER_WIN,PROMISING
2026-09-21,JUNIPER,scan,Juniper Hotels Ltd,ACQUISITION,PROMISING
2026-09-21,HAPPSTMNDS,scan,Happiest Minds Technologies Ltd,RESTRUCTURING,PROMISING
2026-09-21,VIYASH,scan,Viyash Scientific Ltd,ACQUISITION,PROMISING
2026-09-21,ACI,scan,Archean Chemical Industries Ltd,ACQUISITION,PROMISING
2026-09-21,ROHLTD,scan,Royal Orchid Hotels Ltd,ORDER_WIN,PROMISING
2026-09-21,RML,scan,Rane (Madras) Ltd,ACQUISITION,PROMISING
2026-09-21,DIAMONDYD,scan,Prataap Snacks Ltd,ACQUISITION,PROMISING
2026-09-21,JAYKAY,scan,Jaykay Enterprises Ltd,CAPITAL_RAISE,PROMISING
2026-09-21,CARYSIL,scan,Carysil Ltd,RESTRUCTURING,PROMISING
2026-09-21,MOL,scan,Meghmani Organics Ltd,RESTRUCTURING,PROMISING
2026-09-21,RKFORGE,scan,Ramkrishna Forgings Ltd,CAPITAL_RAISE,PROMISING
2026-09-21,ORCHPHARMA,scan,Orchid Pharma Ltd,ORDER_WIN,PROMISING
2026-09-21,CENTUM,scan,Centum Electronics Ltd,RESTRUCTURING,PROMISING
2026-09-21,TEAMLEASE,scan,TeamLease Services Ltd,ORDER_WIN,PROMISING
2026-09-21,PENIND,scan,Pennar Industries Ltd,CAPITAL_RAISE,PROMISING
2026-09-21,SIS,scan,SIS Ltd,ACQUISITION,PROMISING
2026-09-21,ARFIN,scan,Arfin India Ltd,ORDER_WIN,PROMISING
2026-09-21,KIRIINDUS,scan,Kiri Industries Ltd,ACQUISITION,PROMISING
2026-09-21,NITINSPIN,scan,Nitin Spinners Ltd,ACQUISITION,PROMISING
2026-09-21,NAVNETEDUL,scan,Navneet Education Ltd,RESTRUCTURING,PROMISING
2026-09-21,NIVABUPA,scan,Niva Bupa Health Insurance Company Ltd,ORDER_WIN,PROMISING
2026-09-21,MAHSEAMLES,scan,Maharashtra Seamless Ltd,RESTRUCTURING,PROMISING
2026-09-21,MHRIL,scan,Mahindra Holidays & Resorts India Ltd,ACQUISITION,PROMISING
2026-09-21,KIRLFER,scan,Kirloskar Ferrous Industries Ltd,ORDER_WIN,PROMISING
2026-09-21,MANINDS,scan,Man Industries (India) Ltd,ORDER_WIN,PROMISING
2026-09-21,SPORTKING,scan,Sportking India Ltd,ACQUISITION,PROMISING
2026-09-21,RAYMOND,scan,Raymond Ltd,CAPITAL_RAISE,PROMISING
2026-09-21,JKPAPER,scan,JK Paper Ltd,ACQUISITION,PROMISING
2026-09-21,SONATSOFTW,scan,Sonata Software Ltd,ORDER_WIN+RESTRUCTURING,PROMISING
2026-09-21,ISGEC,scan,ISGEC Heavy Engineering Ltd,RESTRUCTURING,PROMISING
2026-09-21,DIVGIITTS,scan,DIVGI TORQTRANSFER SYSTEMS Ltd,ACQUISITION,PROMISING
2026-09-21,WENDT,scan,Wendt (India) Ltd,ACQUISITION+CAPITAL_RAISE,PROMISING
2026-09-21,CLEAN,scan,Clean Science and Technology Ltd,ACQUISITION,PROMISING
2026-09-21,MEDIASSIST,scan,Medi Assist Healthcare Services Ltd,ACQUISITION,PROMISING
2026-09-21,TEXRAIL,scan,Texmaco Rail & Engineering Ltd,ACQUISITION,PROMISING
2026-09-21,STANLEY,scan,Stanley Lifestyles Ltd,ORDER_WIN,PROMISING
2026-09-21,POWERMECH,scan,Power Mech Projects Ltd,ORDER_WIN,PROMISING
2026-09-21,GOLDIAM,scan,Goldiam International Ltd,ORDER_WIN,PROMISING
2026-09-21,EPL,scan,EPL Ltd,ACQUISITION,PROMISING
2026-09-21,QPOWER,scan,Quality Power Electrical Equipments Ltd,ORDER_WIN,PROMISING
2026-09-21,HLEGLAS,scan,HLE Glascoat Ltd,ACQUISITION,PROMISING
2026-09-21,KRSNAA,scan,Krsnaa Diagnostics Ltd,CAPITAL_RAISE,PROMISING
2026-09-21,MARSONS,scan,Marsons Ltd,ORDER_WIN,PROMISING
2026-09-21,INDIANHUME,scan,Indian Hume Pipe Company Ltd,ORDER_WIN,PROMISING
2026-09-21,MANORAMA,scan,Manorama Industries Ltd,CAPITAL_RAISE,PROMISING
2026-09-21,SAIPARENT,scan,Sai Parenterals Ltd,ORDER_WIN,PROMISING
2026-09-21,ATLANTAELE,scan,Atlanta Electricals Ltd,ORDER_WIN,PROMISING
2026-09-21,EFCIL,scan,EFC (I) Ltd,ACQUISITION,PROMISING
2026-09-21,ASHIANA,scan,Ashiana Housing Ltd,ORDER_WIN,PROMISING
2026-09-21,SRM,scan,SRM Contractors Ltd,ORDER_WIN,PROMISING
2026-09-21,VIKRAMSOLR,scan,Vikram Solar Ltd,RESTRUCTURING,PROMISING
2026-09-21,GSPCROP,scan,GSP Crop Science Ltd,RESTRUCTURING,PROMISING
2026-09-21,BCLIND,scan,BCL Industries Ltd,ACQUISITION,PROMISING
2026-09-21,UGROCAP,scan,Ugro Capital Ltd,RESTRUCTURING,PROMISING
2026-09-21,HEG,scan,HEG Ltd,RESTRUCTURING,PROMISING
2026-09-21,CEATLTD,scan,Ceat Ltd,ORDER_WIN,PROMISING
2026-09-21,JUBLINGREA,scan,Jubilant Ingrevia Ltd,ACQUISITION,PROMISING
2026-09-21,PRICOLLTD,scan,Pricol Ltd,RESTRUCTURING,PROMISING
2026-09-21,JAGSNPHARM,scan,Jagsonpal Pharmaceuticals Ltd,ACQUISITION,PROMISING
2026-09-21,LUMAXTECH,scan,Lumax Auto Technologies Ltd,ACQUISITION,PROMISING
2026-09-21,ONWARDTEC,scan,Onward Technologies Ltd,ORDER_WIN,PROMISING
2026-09-21,ARIS,scan,ArisInfra Solutions Ltd,RESTRUCTURING,PROMISING
2026-09-21,ARSSBL,scan,Anand Rathi Share And Stock Brokers Ltd,ORDER_WIN,PROMISING
2026-09-21,GUFICBIO,scan,Gufic Biosciences Ltd,ACQUISITION,PROMISING
2026-09-21,SAMBHV,scan,Sambhv Steel Tubes Ltd,CAPITAL_RAISE,PROMISING
2026-09-21,NIITMTS,scan,NIIT Learning Systems Ltd,RESTRUCTURING,PROMISING
2026-09-21,ASIANTILES,scan,Asian Granito India Ltd,ACQUISITION,PROMISING
2026-09-21,ANURAS,scan,Anupam Rasayan India Ltd,ACQUISITION,PROMISING
2026-09-21,RITES,scan,RITES Ltd,ORDER_WIN,PROMISING
2026-09-21,GKENERGY,scan,GK Energy Ltd,ORDER_WIN,PROMISING
2026-09-21,TRIDENT,scan,Trident Ltd,ACQUISITION,PROMISING
2026-09-21,PROTEAN,scan,Protean eGov Technologies Ltd,ORDER_WIN,PROMISING
2026-09-21,PICCADIL,scan,Piccadily Agro Industries Ltd,RESTRUCTURING,PROMISING
2026-09-21,SURYAROSNI,scan,Surya Roshni Ltd,ORDER_WIN,PROMISING
2026-09-21,KIRLOSBROS,scan,Kirloskar Brothers Ltd,ORDER_WIN,PROMISING
2026-09-21,MMFL,scan,MM Forgings Ltd,RESTRUCTURING,PROMISING
2026-09-21,SANDHAR,scan,Sandhar Technologies Ltd,ACQUISITION,PROMISING
2026-09-21,GANESHHOU,scan,Ganesh Housing Ltd,RESTRUCTURING,PROMISING
2026-09-21,SMARTWORKS,scan,Smartworks Coworking Spaces Ltd,ACQUISITION,PROMISING
2026-09-21,DEEPINDS,scan,Deep Industries Ltd,ORDER_WIN,PROMISING
2026-09-21,EPIGRAL,scan,Epigral Ltd,ACQUISITION,PROMISING
2026-09-21,SILVERTUC,scan,Silver Touch Technologies Ltd,ORDER_WIN,PROMISING
2026-09-21,VARROC,scan,Varroc Engineering Ltd,ACQUISITION,PROMISING
2026-09-21,BLSE,scan,BLS E-Services Ltd,ACQUISITION,PROMISING
2026-09-21,JKLAKSHMI,scan,JK Lakshmi Cement Ltd,ACQUISITION,PROMISING
2026-09-21,TRIVENI,scan,Triveni Engineering & Industries Ltd,RESTRUCTURING,PROMISING
2026-09-21,SUDARSCHEM,scan,Sudarshan Chemical Industries Ltd,ACQUISITION,PROMISING
2026-09-21,SETL,scan,Standard Engineering Technology Ltd,ACQUISITION,PROMISING
2026-09-21,BBOX,scan,Black Box Ltd,ORDER_WIN,PROMISING
2026-09-21,DATAMATICS,scan,Datamatics Global Services Ltd,ACQUISITION,PROMISING
2026-09-21,SAMHI,scan,Samhi Hotels Ltd,ACQUISITION,PROMISING
2026-09-21,PARKHOSPS,scan,Park Medi World Ltd,ACQUISITION,PROMISING
2026-09-21,RATEGAIN,scan,RateGain Travel Technologies Ltd,DEBT_REDUCTION,PROMISING
2026-09-21,ICRA,scan,ICRA Ltd,ACQUISITION,PROMISING
2026-09-21,TRANSRAILL,scan,Transrail Lighting Ltd,CAPITAL_RAISE,PROMISING
2026-09-21,DBL,scan,Dilip Buildcon Ltd,ORDER_WIN,PROMISING
2026-09-21,ZUARI,scan,Zuari Agro Chemicals Ltd,ORDER_WIN,PROMISING
2026-09-21,ASHOKA,scan,Ashoka Buildcon Ltd,ORDER_WIN,PROMISING
2026-09-21,SOLEX,scan,Solex Energy Ltd,ORDER_WIN,PROMISING
2026-09-21,RPGLIFE,scan,RPG Life Sciences Ltd,ACQUISITION,PROMISING
2026-09-21,RAINBOW,scan,Rainbow Children's Medicare Ltd,ACQUISITION,PROMISING
2026-09-21,RANEHOLDIN,scan,Rane Holdings Ltd,CAPITAL_RAISE,PROMISING
2026-09-21,SWELECTES,scan,Swelect Energy Systems Ltd,ACQUISITION,PROMISING
2026-09-21,VESUVIUS,scan,Vesuvius India Ltd,RESTRUCTURING,PROMISING
2026-09-21,TANLA,scan,Tanla Platforms Ltd,ACQUISITION,PROMISING
2026-09-21,LEMONTREE,scan,Lemon Tree Hotels Ltd,ORDER_WIN,PROMISING
2026-09-21,DODLA,scan,Dodla Dairy Ltd,ACQUISITION,PROMISING
2026-09-21,SHK,scan,S H Kelkar and Company Ltd,RESTRUCTURING,PROMISING
2026-09-21,SIRCA,scan,Sirca Paints India Ltd,CAPITAL_RAISE,PROMISING
2026-09-21,SENORES,scan,Senores Pharmaceuticals Ltd,CAPITAL_RAISE,PROMISING
2026-09-21,HARIOMPIPE,scan,Hariom Pipe Industries Ltd,CAPITAL_RAISE,PROMISING
2026-09-21,AKUMS,scan,Akums Drugs and Pharmaceuticals Ltd,ACQUISITION,PROMISING
2026-09-21,SOMANYCERA,scan,Somany Ceramics Ltd,RESTRUCTURING,PROMISING
2026-09-21,VINCOFE,scan,Vintage Coffee And Beverages Ltd,ORDER_WIN,PROMISING
2026-09-21,SAREGAMA,scan,Saregama India Ltd,ACQUISITION,PROMISING
2026-09-21,VOGL,scan,Vedanta Oil and Gas Ltd,ORDER_WIN,PROMISING
2026-09-21,JAMNAAUTO,scan,Jamna Auto Industries Ltd,ACQUISITION,PROMISING
2026-09-21,HITECH,scan,Hi-Tech Pipes Ltd,CAPITAL_RAISE,PROMISING
2026-09-21,GREAVESCOT,scan,Greaves Cotton Ltd,ACQUISITION,PROMISING
2026-09-21,20MICRONS,scan,20 Microns Ltd,ACQUISITION,PROMISING
2026-09-21,TVSSRICHAK,scan,TVS Srichakra Ltd,ACQUISITION,PROMISING
2026-09-21,WABAG,scan,VA Tech Wabag Ltd,ORDER_WIN,PROMISING
2026-09-21,SGMART,scan,SG Mart Ltd,ACQUISITION,PROMISING
2026-09-21,TIIL,scan,Technocraft Industries (India) Ltd,ACQUISITION,PROMISING
2026-09-21,SOBHA,scan,Sobha Ltd,CAPITAL_RAISE,PROMISING
2026-09-21,PRECWIRE,scan,Precision Wires India Ltd,CAPITAL_RAISE,PROMISING
2026-09-21,WAAREERTL,scan,Waaree Renewable Technologies Ltd,ORDER_WIN,PROMISING
2026-09-21,FLAIR,scan,Flair Writing Industries Ltd,ORDER_WIN,PROMISING
2026-09-21,SHANTIGOLD,scan,Shanti Gold International Ltd,CAPITAL_RAISE,PROMISING
2026-09-21,PNCINFRA,scan,PNC Infratech Ltd,ORDER_WIN,PROMISING
2026-09-21,CYIENT,scan,Cyient Ltd,ACQUISITION,PROMISING
2026-09-21,HARDWYN,scan,Hardwyn India Ltd,ORDER_WIN,PROMISING
2026-09-21,HCG,scan,HealthCare Global Enterprises Ltd,CAPITAL_RAISE,PROMISING
2026-09-21,TINNARUBR,scan,Tinna Rubber and Infrastructure Ltd,ACQUISITION,PROMISING
2026-09-21,LXCHEM,scan,Laxmi Organic Industries Ltd,CAPITAL_RAISE,PROMISING
2026-09-21,AURUM,scan,Aurum PropTech Ltd,CAPITAL_RAISE,PROMISING
2026-09-21,ADFFOODS,scan,Adf Foods Ltd,ACQUISITION,PROMISING
2026-09-21,SIYSIL,scan,Siyaram Silk Mills Ltd,RESTRUCTURING,PROMISING
2026-09-21,KIRLPNU,scan,Kirloskar Pneumatic Company Ltd,ACQUISITION,PROMISING
2026-09-21,JLHL,scan,Jupiter Life Line Hospitals Ltd,ACQUISITION,PROMISING
2026-09-21,ENTERO,scan,Entero Healthcare Solutions Ltd,ACQUISITION,PROMISING
2026-09-21,MOREPENLAB,scan,Morepen Laboratories Ltd,ACQUISITION,PROMISING
2026-09-21,ADVENZYMES,scan,Advanced Enzyme Technologies Ltd,ACQUISITION,PROMISING
2026-09-21,EXCELSOFT,scan,Excelsoft Technologies Ltd,ACQUISITION,PROMISING
2026-09-21,CCAVENUE,scan,AvenuesAI Ltd,CAPITAL_RAISE,PROMISING
2026-09-21,CRIZAC,scan,Crizac Ltd,ACQUISITION,PROMISING
2026-09-21,IXIGO,scan,Le Travenues Technology Ltd,ORDER_WIN,PROMISING
2026-09-21,JKIL,scan,J. Kumar Infraprojects Ltd,ORDER_WIN,PROMISING
2026-09-21,STERTOOLS,scan,Sterling Tools Ltd,ACQUISITION+CAPITAL_RAISE,PROMISING
2026-09-21,KOLTEPATIL,scan,Kolte-Patil Developers Ltd,CAPITAL_RAISE,PROMISING
2026-09-21,BIKAJI,scan,Bikaji Foods International Ltd,ACQUISITION,PROMISING
2026-09-21,JKTYRE,scan,JK Tyre & Industries Ltd,ACQUISITION,PROMISING
2026-09-21,HGINFRA,scan,H.G. Infra Engineering Ltd,ORDER_WIN,PROMISING
2026-09-21,CEINSYS,scan,Ceinsys Tech Ltd,ORDER_WIN,PROMISING
2026-09-21,AVANTEL,scan,Avantel Ltd,ORDER_WIN,PROMISING
2026-09-22,IMFA,scan,Indian Metals & Ferro Alloys Ltd,ACQUISITION,PROMISING
2026-09-22,ZEEL,scan,Zee Entertainment Enterprises Ltd,CAPITAL_RAISE,PROMISING
2026-09-22,PARAS,scan,Paras Defence and Space Technologies Ltd,ORDER_WIN,PROMISING
2026-09-22,JUNIPER,scan,Juniper Hotels Ltd,ACQUISITION,PROMISING
2026-09-22,HAPPSTMNDS,scan,Happiest Minds Technologies Ltd,RESTRUCTURING,PROMISING
2026-09-22,VIYASH,scan,Viyash Scientific Ltd,ACQUISITION,PROMISING
2026-09-22,ACI,scan,Archean Chemical Industries Ltd,ACQUISITION,PROMISING
2026-09-22,ROHLTD,scan,Royal Orchid Hotels Ltd,ORDER_WIN,PROMISING
2026-09-22,RML,scan,Rane (Madras) Ltd,ACQUISITION,PROMISING
2026-09-22,DIAMONDYD,scan,Prataap Snacks Ltd,ACQUISITION,PROMISING
2026-09-22,JAYKAY,scan,Jaykay Enterprises Ltd,CAPITAL_RAISE,PROMISING
2026-09-22,CARYSIL,scan,Carysil Ltd,RESTRUCTURING,PROMISING
2026-09-22,MOL,scan,Meghmani Organics Ltd,RESTRUCTURING,PROMISING
2026-09-22,RKFORGE,scan,Ramkrishna Forgings Ltd,CAPITAL_RAISE,PROMISING
2026-09-22,ORCHPHARMA,scan,Orchid Pharma Ltd,ORDER_WIN,PROMISING
2026-09-22,CENTUM,scan,Centum Electronics Ltd,RESTRUCTURING,PROMISING
2026-09-22,TEAMLEASE,scan,TeamLease Services Ltd,ORDER_WIN,PROMISING
2026-09-22,PENIND,scan,Pennar Industries Ltd,CAPITAL_RAISE,PROMISING
2026-09-22,SIS,scan,SIS Ltd,ACQUISITION,PROMISING
2026-09-22,ARFIN,scan,Arfin India Ltd,ORDER_WIN,PROMISING
2026-09-22,KIRIINDUS,scan,Kiri Industries Ltd,ACQUISITION,PROMISING
2026-09-22,NITINSPIN,scan,Nitin Spinners Ltd,ACQUISITION,PROMISING
2026-09-22,NAVNETEDUL,scan,Navneet Education Ltd,RESTRUCTURING,PROMISING
2026-09-22,NIVABUPA,scan,Niva Bupa Health Insurance Company Ltd,ORDER_WIN,PROMISING
2026-09-22,MAHSEAMLES,scan,Maharashtra Seamless Ltd,RESTRUCTURING,PROMISING
2026-09-22,MHRIL,scan,Mahindra Holidays & Resorts India Ltd,ACQUISITION,PROMISING
2026-09-22,KIRLFER,scan,Kirloskar Ferrous Industries Ltd,ORDER_WIN,PROMISING
2026-09-22,MANINDS,scan,Man Industries (India) Ltd,ORDER_WIN,PROMISING
2026-09-22,SPORTKING,scan,Sportking India Ltd,ACQUISITION,PROMISING
2026-09-22,RAYMOND,scan,Raymond Ltd,CAPITAL_RAISE,PROMISING
2026-09-22,JKPAPER,scan,JK Paper Ltd,ACQUISITION,PROMISING
2026-09-22,SONATSOFTW,scan,Sonata Software Ltd,ORDER_WIN+RESTRUCTURING,PROMISING
2026-09-22,ISGEC,scan,ISGEC Heavy Engineering Ltd,RESTRUCTURING,PROMISING
2026-09-22,DIVGIITTS,scan,DIVGI TORQTRANSFER SYSTEMS Ltd,ACQUISITION,PROMISING
2026-09-22,WENDT,scan,Wendt (India) Ltd,ACQUISITION+CAPITAL_RAISE,PROMISING
2026-09-22,CLEAN,scan,Clean Science and Technology Ltd,ACQUISITION,PROMISING
2026-09-22,MEDIASSIST,scan,Medi Assist Healthcare Services Ltd,ACQUISITION,PROMISING
2026-09-22,TEXRAIL,scan,Texmaco Rail & Engineering Ltd,ACQUISITION,PROMISING
2026-09-22,STANLEY,scan,Stanley Lifestyles Ltd,ORDER_WIN,PROMISING
2026-09-22,POWERMECH,scan,Power Mech Projects Ltd,ORDER_WIN,PROMISING
2026-09-22,GOLDIAM,scan,Goldiam International Ltd,ORDER_WIN,PROMISING
2026-09-22,EPL,scan,EPL Ltd,ACQUISITION,PROMISING
2026-09-22,QPOWER,scan,Quality Power Electrical Equipments Ltd,ORDER_WIN,PROMISING
2026-09-22,HLEGLAS,scan,HLE Glascoat Ltd,ACQUISITION,PROMISING
2026-09-22,KRSNAA,scan,Krsnaa Diagnostics Ltd,CAPITAL_RAISE,PROMISING
2026-09-22,MARSONS,scan,Marsons Ltd,ORDER_WIN,PROMISING
2026-09-22,INDIANHUME,scan,Indian Hume Pipe Company Ltd,ORDER_WIN,PROMISING
2026-09-22,MANORAMA,scan,Manorama Industries Ltd,CAPITAL_RAISE,PROMISING
2026-09-22,SAIPARENT,scan,Sai Parenterals Ltd,ORDER_WIN,PROMISING
2026-09-22,ATLANTAELE,scan,Atlanta Electricals Ltd,ORDER_WIN,PROMISING
2026-09-22,EFCIL,scan,EFC (I) Ltd,ACQUISITION,PROMISING
2026-09-22,ASHIANA,scan,Ashiana Housing Ltd,ORDER_WIN,PROMISING
2026-09-22,SRM,scan,SRM Contractors Ltd,ORDER_WIN,PROMISING
2026-09-22,VIKRAMSOLR,scan,Vikram Solar Ltd,RESTRUCTURING,PROMISING
2026-09-22,GSPCROP,scan,GSP Crop Science Ltd,RESTRUCTURING,PROMISING
2026-09-22,BCLIND,scan,BCL Industries Ltd,ACQUISITION,PROMISING
2026-09-22,UGROCAP,scan,Ugro Capital Ltd,RESTRUCTURING,PROMISING
2026-09-22,HEG,scan,HEG Ltd,RESTRUCTURING,PROMISING
2026-09-22,CEATLTD,scan,Ceat Ltd,ORDER_WIN,PROMISING
2026-09-22,JUBLINGREA,scan,Jubilant Ingrevia Ltd,ACQUISITION,PROMISING
2026-09-22,PRICOLLTD,scan,Pricol Ltd,RESTRUCTURING,PROMISING
2026-09-22,JAGSNPHARM,scan,Jagsonpal Pharmaceuticals Ltd,ACQUISITION,PROMISING
2026-09-22,LUMAXTECH,scan,Lumax Auto Technologies Ltd,ACQUISITION,PROMISING
2026-09-22,ONWARDTEC,scan,Onward Technologies Ltd,ORDER_WIN,PROMISING
2026-09-22,ARIS,scan,ArisInfra Solutions Ltd,RESTRUCTURING,PROMISING
2026-09-22,ARSSBL,scan,Anand Rathi Share And Stock Brokers Ltd,ORDER_WIN,PROMISING
2026-09-22,GUFICBIO,scan,Gufic Biosciences Ltd,ACQUISITION,PROMISING
2026-09-22,SAMBHV,scan,Sambhv Steel Tubes Ltd,CAPITAL_RAISE,PROMISING
2026-09-22,NIITMTS,scan,NIIT Learning Systems Ltd,RESTRUCTURING,PROMISING
2026-09-22,ASIANTILES,scan,Asian Granito India Ltd,ACQUISITION,PROMISING
2026-09-22,ANURAS,scan,Anupam Rasayan India Ltd,ACQUISITION,PROMISING
2026-09-22,RITES,scan,RITES Ltd,ORDER_WIN,PROMISING
2026-09-22,GKENERGY,scan,GK Energy Ltd,ORDER_WIN,PROMISING
2026-09-22,TRIDENT,scan,Trident Ltd,ACQUISITION,PROMISING
2026-09-22,PROTEAN,scan,Protean eGov Technologies Ltd,ORDER_WIN,PROMISING
2026-09-22,PICCADIL,scan,Piccadily Agro Industries Ltd,RESTRUCTURING,PROMISING
2026-09-22,SURYAROSNI,scan,Surya Roshni Ltd,ORDER_WIN,PROMISING
2026-09-22,KIRLOSBROS,scan,Kirloskar Brothers Ltd,ORDER_WIN,PROMISING
2026-09-22,MMFL,scan,MM Forgings Ltd,RESTRUCTURING,PROMISING
2026-09-22,SANDHAR,scan,Sandhar Technologies Ltd,ACQUISITION,PROMISING
2026-09-22,GANESHHOU,scan,Ganesh Housing Ltd,RESTRUCTURING,PROMISING
2026-09-22,SMARTWORKS,scan,Smartworks Coworking Spaces Ltd,ACQUISITION,PROMISING
2026-09-22,DEEPINDS,scan,Deep Industries Ltd,ORDER_WIN,PROMISING
2026-09-22,EPIGRAL,scan,Epigral Ltd,ACQUISITION,PROMISING
2026-09-22,SILVERTUC,scan,Silver Touch Technologies Ltd,ORDER_WIN,PROMISING
2026-09-22,VARROC,scan,Varroc Engineering Ltd,ACQUISITION,PROMISING
2026-09-22,BLSE,scan,BLS E-Services Ltd,ACQUISITION,PROMISING
2026-09-22,JKLAKSHMI,scan,JK Lakshmi Cement Ltd,ACQUISITION,PROMISING
2026-09-22,TRIVENI,scan,Triveni Engineering & Industries Ltd,RESTRUCTURING,PROMISING
2026-09-22,SUDARSCHEM,scan,Sudarshan Chemical Industries Ltd,ACQUISITION,PROMISING
2026-09-22,SETL,scan,Standard Engineering Technology Ltd,ACQUISITION,PROMISING
2026-09-22,BBOX,scan,Black Box Ltd,ORDER_WIN,PROMISING
2026-09-22,DATAMATICS,scan,Datamatics Global Services Ltd,ACQUISITION,PROMISING
2026-09-22,SAMHI,scan,Samhi Hotels Ltd,ACQUISITION,PROMISING
2026-09-22,PARKHOSPS,scan,Park Medi World Ltd,ACQUISITION,PROMISING
2026-09-22,RATEGAIN,scan,RateGain Travel Technologies Ltd,DEBT_REDUCTION,PROMISING
2026-09-22,ICRA,scan,ICRA Ltd,ACQUISITION,PROMISING
2026-09-22,TRANSRAILL,scan,Transrail Lighting Ltd,CAPITAL_RAISE,PROMISING
2026-09-22,DBL,scan,Dilip Buildcon Ltd,ORDER_WIN,PROMISING
2026-09-22,ZUARI,scan,Zuari Agro Chemicals Ltd,ORDER_WIN,PROMISING
2026-09-22,ASHOKA,scan,Ashoka Buildcon Ltd,ORDER_WIN,PROMISING
2026-09-22,SOLEX,scan,Solex Energy Ltd,ORDER_WIN,PROMISING
2026-09-22,RPGLIFE,scan,RPG Life Sciences Ltd,ACQUISITION,PROMISING
2026-09-22,RAINBOW,scan,Rainbow Children's Medicare Ltd,ACQUISITION,PROMISING
2026-09-22,RANEHOLDIN,scan,Rane Holdings Ltd,CAPITAL_RAISE,PROMISING
2026-09-22,SWELECTES,scan,Swelect Energy Systems Ltd,ACQUISITION,PROMISING
2026-09-22,VESUVIUS,scan,Vesuvius India Ltd,RESTRUCTURING,PROMISING
2026-09-22,TANLA,scan,Tanla Platforms Ltd,ACQUISITION,PROMISING
2026-09-22,LEMONTREE,scan,Lemon Tree Hotels Ltd,ORDER_WIN,PROMISING
2026-09-22,DODLA,scan,Dodla Dairy Ltd,ACQUISITION,PROMISING
2026-09-22,SHK,scan,S H Kelkar and Company Ltd,RESTRUCTURING,PROMISING
2026-09-22,SIRCA,scan,Sirca Paints India Ltd,CAPITAL_RAISE,PROMISING
2026-09-22,SENORES,scan,Senores Pharmaceuticals Ltd,CAPITAL_RAISE,PROMISING
2026-09-22,HARIOMPIPE,scan,Hariom Pipe Industries Ltd,CAPITAL_RAISE,PROMISING
2026-09-22,AKUMS,scan,Akums Drugs and Pharmaceuticals Ltd,ACQUISITION,PROMISING
2026-09-22,SOMANYCERA,scan,Somany Ceramics Ltd,RESTRUCTURING,PROMISING
2026-09-22,VINCOFE,scan,Vintage Coffee And Beverages Ltd,ORDER_WIN,PROMISING
2026-09-22,SAREGAMA,scan,Saregama India Ltd,ACQUISITION,PROMISING
2026-09-22,VOGL,scan,Vedanta Oil and Gas Ltd,ORDER_WIN,PROMISING
2026-09-22,JAMNAAUTO,scan,Jamna Auto Industries Ltd,ACQUISITION,PROMISING
2026-09-22,HITECH,scan,Hi-Tech Pipes Ltd,CAPITAL_RAISE,PROMISING
2026-09-22,GREAVESCOT,scan,Greaves Cotton Ltd,ACQUISITION,PROMISING
2026-09-22,20MICRONS,scan,20 Microns Ltd,ACQUISITION,PROMISING
2026-09-22,TVSSRICHAK,scan,TVS Srichakra Ltd,ACQUISITION,PROMISING
2026-09-22,WABAG,scan,VA Tech Wabag Ltd,ORDER_WIN,PROMISING
2026-09-22,SGMART,scan,SG Mart Ltd,ACQUISITION,PROMISING
2026-09-22,TIIL,scan,Technocraft Industries (India) Ltd,ACQUISITION,PROMISING
2026-09-22,SOBHA,scan,Sobha Ltd,CAPITAL_RAISE,PROMISING
2026-09-22,PRECWIRE,scan,Precision Wires India Ltd,CAPITAL_RAISE,PROMISING
2026-09-22,WAAREERTL,scan,Waaree Renewable Technologies Ltd,ORDER_WIN,PROMISING
2026-09-22,FLAIR,scan,Flair Writing Industries Ltd,ORDER_WIN,PROMISING
2026-09-22,SHANTIGOLD,scan,Shanti Gold International Ltd,CAPITAL_RAISE,PROMISING
2026-09-22,PNCINFRA,scan,PNC Infratech Ltd,ORDER_WIN,PROMISING
2026-09-22,CYIENT,scan,Cyient Ltd,ACQUISITION,PROMISING
2026-09-22,HARDWYN,scan,Hardwyn India Ltd,ORDER_WIN,PROMISING
2026-09-22,HCG,scan,HealthCare Global Enterprises Ltd,CAPITAL_RAISE,PROMISING
2026-09-22,TINNARUBR,scan,Tinna Rubber and Infrastructure Ltd,ACQUISITION,PROMISING
2026-09-22,LXCHEM,scan,Laxmi Organic Industries Ltd,CAPITAL_RAISE,PROMISING
2026-09-22,AURUM,scan,Aurum PropTech Ltd,CAPITAL_RAISE,PROMISING
2026-09-22,ADFFOODS,scan,Adf Foods Ltd,ACQUISITION,PROMISING
2026-09-22,SIYSIL,scan,Siyaram Silk Mills Ltd,RESTRUCTURING,PROMISING
2026-09-22,KIRLPNU,scan,Kirloskar Pneumatic Company Ltd,ACQUISITION,PROMISING
2026-09-22,JLHL,scan,Jupiter Life Line Hospitals Ltd,ACQUISITION,PROMISING
2026-09-22,ENTERO,scan,Entero Healthcare Solutions Ltd,ACQUISITION,PROMISING
2026-09-22,MOREPENLAB,scan,Morepen Laboratories Ltd,ACQUISITION,PROMISING
2026-09-22,ADVENZYMES,scan,Advanced Enzyme Technologies Ltd,ACQUISITION,PROMISING
2026-09-22,EXCELSOFT,scan,Excelsoft Technologies Ltd,ACQUISITION,PROMISING
2026-09-22,CCAVENUE,scan,AvenuesAI Ltd,CAPITAL_RAISE,PROMISING
2026-09-22,CRIZAC,scan,Crizac Ltd,ACQUISITION,PROMISING
2026-09-22,IXIGO,scan,Le Travenues Technology Ltd,ORDER_WIN,PROMISING
2026-09-22,JKIL,scan,J. Kumar Infraprojects Ltd,ORDER_WIN,PROMISING
2026-09-22,STERTOOLS,scan,Sterling Tools Ltd,ACQUISITION+CAPITAL_RAISE,PROMISING
2026-09-22,KOLTEPATIL,scan,Kolte-Patil Developers Ltd,CAPITAL_RAISE,PROMISING
2026-09-22,BIKAJI,scan,Bikaji Foods International Ltd,ACQUISITION,PROMISING
2026-09-22,JKTYRE,scan,JK Tyre & Industries Ltd,ACQUISITION,PROMISING
2026-09-22,HGINFRA,scan,H.G. Infra Engineering Ltd,ORDER_WIN,PROMISING
2026-09-22,CEINSYS,scan,Ceinsys Tech Ltd,ORDER_WIN,PROMISING
2026-09-22,AVANTEL,scan,Avantel Ltd,ORDER_WIN,PROMISING
2026-09-23,IMFA,scan,Indian Metals & Ferro Alloys Ltd,ACQUISITION,PROMISING
2026-09-23,ZEEL,scan,Zee Entertainment Enterprises Ltd,CAPITAL_RAISE,PROMISING
2026-09-23,PARAS,scan,Paras Defence and Space Technologies Ltd,ORDER_WIN,PROMISING
2026-09-23,JUNIPER,scan,Juniper Hotels Ltd,ACQUISITION,PROMISING
2026-09-23,HAPPSTMNDS,scan,Happiest Minds Technologies Ltd,RESTRUCTURING,PROMISING
2026-09-23,VIYASH,scan,Viyash Scientific Ltd,ACQUISITION,PROMISING
2026-09-23,ACI,scan,Archean Chemical Industries Ltd,ACQUISITION,PROMISING
2026-09-23,ROHLTD,scan,Royal Orchid Hotels Ltd,ORDER_WIN,PROMISING
2026-09-23,RML,scan,Rane (Madras) Ltd,ACQUISITION,PROMISING
2026-09-23,DIAMONDYD,scan,Prataap Snacks Ltd,ACQUISITION,PROMISING
2026-09-23,JAYKAY,scan,Jaykay Enterprises Ltd,CAPITAL_RAISE,PROMISING
2026-09-23,CARYSIL,scan,Carysil Ltd,RESTRUCTURING,PROMISING
2026-09-23,MOL,scan,Meghmani Organics Ltd,RESTRUCTURING,PROMISING
2026-09-23,RKFORGE,scan,Ramkrishna Forgings Ltd,CAPITAL_RAISE,PROMISING
2026-09-23,ORCHPHARMA,scan,Orchid Pharma Ltd,ORDER_WIN,PROMISING
2026-09-23,CENTUM,scan,Centum Electronics Ltd,RESTRUCTURING,PROMISING
2026-09-23,TEAMLEASE,scan,TeamLease Services Ltd,ORDER_WIN,PROMISING
2026-09-23,PENIND,scan,Pennar Industries Ltd,CAPITAL_RAISE,PROMISING
2026-09-23,SIS,scan,SIS Ltd,ACQUISITION,PROMISING
2026-09-23,ARFIN,scan,Arfin India Ltd,ORDER_WIN,PROMISING
2026-09-23,KIRIINDUS,scan,Kiri Industries Ltd,ACQUISITION,PROMISING
2026-09-23,NITINSPIN,scan,Nitin Spinners Ltd,ACQUISITION,PROMISING
2026-09-23,NAVNETEDUL,scan,Navneet Education Ltd,RESTRUCTURING,PROMISING
2026-09-23,NIVABUPA,scan,Niva Bupa Health Insurance Company Ltd,ORDER_WIN,PROMISING
2026-09-23,MAHSEAMLES,scan,Maharashtra Seamless Ltd,RESTRUCTURING,PROMISING
2026-09-23,MHRIL,scan,Mahindra Holidays & Resorts India Ltd,ACQUISITION,PROMISING
2026-09-23,KIRLFER,scan,Kirloskar Ferrous Industries Ltd,ORDER_WIN,PROMISING
2026-09-23,MANINDS,scan,Man Industries (India) Ltd,ORDER_WIN,PROMISING
2026-09-23,SPORTKING,scan,Sportking India Ltd,ACQUISITION,PROMISING
2026-09-23,RAYMOND,scan,Raymond Ltd,CAPITAL_RAISE,PROMISING
2026-09-23,JKPAPER,scan,JK Paper Ltd,ACQUISITION,PROMISING
2026-09-23,SONATSOFTW,scan,Sonata Software Ltd,ORDER_WIN+RESTRUCTURING,PROMISING
2026-09-23,ISGEC,scan,ISGEC Heavy Engineering Ltd,RESTRUCTURING,PROMISING
2026-09-23,DIVGIITTS,scan,DIVGI TORQTRANSFER SYSTEMS Ltd,ACQUISITION,PROMISING
2026-09-23,WENDT,scan,Wendt (India) Ltd,ACQUISITION+CAPITAL_RAISE,PROMISING
2026-09-23,CLEAN,scan,Clean Science and Technology Ltd,ACQUISITION,PROMISING
2026-09-23,MEDIASSIST,scan,Medi Assist Healthcare Services Ltd,ACQUISITION,PROMISING
2026-09-23,TEXRAIL,scan,Texmaco Rail & Engineering Ltd,ACQUISITION,PROMISING
2026-09-23,STANLEY,scan,Stanley Lifestyles Ltd,ORDER_WIN,PROMISING
2026-09-23,POWERMECH,scan,Power Mech Projects Ltd,ORDER_WIN,PROMISING
2026-09-23,GOLDIAM,scan,Goldiam International Ltd,ORDER_WIN,PROMISING
2026-09-23,EPL,scan,EPL Ltd,ACQUISITION,PROMISING
2026-09-23,QPOWER,scan,Quality Power Electrical Equipments Ltd,ORDER_WIN,PROMISING
2026-09-23,HLEGLAS,scan,HLE Glascoat Ltd,ACQUISITION,PROMISING
2026-09-23,KRSNAA,scan,Krsnaa Diagnostics Ltd,CAPITAL_RAISE,PROMISING
2026-09-23,MARSONS,scan,Marsons Ltd,ORDER_WIN,PROMISING
2026-09-23,INDIANHUME,scan,Indian Hume Pipe Company Ltd,ORDER_WIN,PROMISING
2026-09-23,MANORAMA,scan,Manorama Industries Ltd,CAPITAL_RAISE,PROMISING
2026-09-23,SAIPARENT,scan,Sai Parenterals Ltd,ORDER_WIN,PROMISING
2026-09-23,ATLANTAELE,scan,Atlanta Electricals Ltd,ORDER_WIN,PROMISING
2026-09-23,EFCIL,scan,EFC (I) Ltd,ACQUISITION,PROMISING
2026-09-23,ASHIANA,scan,Ashiana Housing Ltd,ORDER_WIN,PROMISING
2026-09-23,SRM,scan,SRM Contractors Ltd,ORDER_WIN,PROMISING
2026-09-23,VIKRAMSOLR,scan,Vikram Solar Ltd,RESTRUCTURING,PROMISING
2026-09-23,GSPCROP,scan,GSP Crop Science Ltd,RESTRUCTURING,PROMISING
2026-09-23,BCLIND,scan,BCL Industries Ltd,ACQUISITION,PROMISING
2026-09-23,UGROCAP,scan,Ugro Capital Ltd,RESTRUCTURING,PROMISING
2026-09-23,HEG,scan,HEG Ltd,RESTRUCTURING,PROMISING
2026-09-23,CEATLTD,scan,Ceat Ltd,ORDER_WIN,PROMISING
2026-09-23,JUBLINGREA,scan,Jubilant Ingrevia Ltd,ACQUISITION,PROMISING
2026-09-23,PRICOLLTD,scan,Pricol Ltd,RESTRUCTURING,PROMISING
2026-09-23,JAGSNPHARM,scan,Jagsonpal Pharmaceuticals Ltd,ACQUISITION,PROMISING
2026-09-23,LUMAXTECH,scan,Lumax Auto Technologies Ltd,ACQUISITION,PROMISING
2026-09-23,ONWARDTEC,scan,Onward Technologies Ltd,ORDER_WIN,PROMISING
2026-09-23,ARIS,scan,ArisInfra Solutions Ltd,RESTRUCTURING,PROMISING
2026-09-23,ARSSBL,scan,Anand Rathi Share And Stock Brokers Ltd,ORDER_WIN,PROMISING
2026-09-23,GUFICBIO,scan,Gufic Biosciences Ltd,ACQUISITION,PROMISING
2026-09-23,SAMBHV,scan,Sambhv Steel Tubes Ltd,CAPITAL_RAISE,PROMISING
2026-09-23,NIITMTS,scan,NIIT Learning Systems Ltd,RESTRUCTURING,PROMISING
2026-09-23,ASIANTILES,scan,Asian Granito India Ltd,ACQUISITION,PROMISING
2026-09-23,ANURAS,scan,Anupam Rasayan India Ltd,ACQUISITION,PROMISING
2026-09-23,RITES,scan,RITES Ltd,ORDER_WIN,PROMISING
2026-09-23,GKENERGY,scan,GK Energy Ltd,ORDER_WIN,PROMISING
2026-09-23,TRIDENT,scan,Trident Ltd,ACQUISITION,PROMISING
2026-09-23,PROTEAN,scan,Protean eGov Technologies Ltd,ORDER_WIN,PROMISING
2026-09-23,PICCADIL,scan,Piccadily Agro Industries Ltd,RESTRUCTURING,PROMISING
2026-09-23,SURYAROSNI,scan,Surya Roshni Ltd,ORDER_WIN,PROMISING
2026-09-23,KIRLOSBROS,scan,Kirloskar Brothers Ltd,ORDER_WIN,PROMISING
2026-09-23,MMFL,scan,MM Forgings Ltd,RESTRUCTURING,PROMISING
2026-09-23,SANDHAR,scan,Sandhar Technologies Ltd,ACQUISITION,PROMISING
2026-09-23,GANESHHOU,scan,Ganesh Housing Ltd,RESTRUCTURING,PROMISING
2026-09-23,SMARTWORKS,scan,Smartworks Coworking Spaces Ltd,ACQUISITION,PROMISING
2026-09-23,DEEPINDS,scan,Deep Industries Ltd,ORDER_WIN,PROMISING
2026-09-23,EPIGRAL,scan,Epigral Ltd,ACQUISITION,PROMISING
2026-09-23,SILVERTUC,scan,Silver Touch Technologies Ltd,ORDER_WIN,PROMISING
2026-09-23,VARROC,scan,Varroc Engineering Ltd,ACQUISITION,PROMISING
2026-09-23,BLSE,scan,BLS E-Services Ltd,ACQUISITION,PROMISING
2026-09-23,JKLAKSHMI,scan,JK Lakshmi Cement Ltd,ACQUISITION,PROMISING
2026-09-23,TRIVENI,scan,Triveni Engineering & Industries Ltd,RESTRUCTURING,PROMISING
2026-09-23,SUDARSCHEM,scan,Sudarshan Chemical Industries Ltd,ACQUISITION,PROMISING
2026-09-23,SETL,scan,Standard Engineering Technology Ltd,ACQUISITION,PROMISING
2026-09-23,BBOX,scan,Black Box Ltd,ORDER_WIN,PROMISING
2026-09-23,DATAMATICS,scan,Datamatics Global Services Ltd,ACQUISITION,PROMISING
2026-09-23,SAMHI,scan,Samhi Hotels Ltd,ACQUISITION,PROMISING
2026-09-23,PARKHOSPS,scan,Park Medi World Ltd,ACQUISITION,PROMISING
2026-09-23,RATEGAIN,scan,RateGain Travel Technologies Ltd,DEBT_REDUCTION,PROMISING
2026-09-23,ICRA,scan,ICRA Ltd,ACQUISITION,PROMISING
2026-09-23,TRANSRAILL,scan,Transrail Lighting Ltd,CAPITAL_RAISE,PROMISING
2026-09-23,DBL,scan,Dilip Buildcon Ltd,ORDER_WIN,PROMISING
2026-09-23,ZUARI,scan,Zuari Agro Chemicals Ltd,ORDER_WIN,PROMISING
2026-09-23,ASHOKA,scan,Ashoka Buildcon Ltd,ORDER_WIN,PROMISING
2026-09-23,SOLEX,scan,Solex Energy Ltd,ORDER_WIN,PROMISING
2026-09-23,RPGLIFE,scan,RPG Life Sciences Ltd,ACQUISITION,PROMISING
2026-09-23,RAINBOW,scan,Rainbow Children's Medicare Ltd,ACQUISITION,PROMISING
2026-09-23,RANEHOLDIN,scan,Rane Holdings Ltd,CAPITAL_RAISE,PROMISING
2026-09-23,SWELECTES,scan,Swelect Energy Systems Ltd,ACQUISITION,PROMISING
2026-09-23,VESUVIUS,scan,Vesuvius India Ltd,RESTRUCTURING,PROMISING
2026-09-23,TANLA,scan,Tanla Platforms Ltd,ACQUISITION,PROMISING
2026-09-23,LEMONTREE,scan,Lemon Tree Hotels Ltd,ORDER_WIN,PROMISING
2026-09-23,DODLA,scan,Dodla Dairy Ltd,ACQUISITION,PROMISING
2026-09-23,SHK,scan,S H Kelkar and Company Ltd,RESTRUCTURING,PROMISING
2026-09-23,SIRCA,scan,Sirca Paints India Ltd,CAPITAL_RAISE,PROMISING
2026-09-23,SENORES,scan,Senores Pharmaceuticals Ltd,CAPITAL_RAISE,PROMISING
2026-09-23,HARIOMPIPE,scan,Hariom Pipe Industries Ltd,CAPITAL_RAISE,PROMISING
2026-09-23,AKUMS,scan,Akums Drugs and Pharmaceuticals Ltd,ACQUISITION,PROMISING
2026-09-23,SOMANYCERA,scan,Somany Ceramics Ltd,RESTRUCTURING,PROMISING
2026-09-23,VINCOFE,scan,Vintage Coffee And Beverages Ltd,ORDER_WIN,PROMISING
2026-09-23,SAREGAMA,scan,Saregama India Ltd,ACQUISITION,PROMISING
2026-09-23,VOGL,scan,Vedanta Oil and Gas Ltd,ORDER_WIN,PROMISING
2026-09-23,JAMNAAUTO,scan,Jamna Auto Industries Ltd,ACQUISITION,PROMISING
2026-09-23,HITECH,scan,Hi-Tech Pipes Ltd,CAPITAL_RAISE,PROMISING
2026-09-23,GREAVESCOT,scan,Greaves Cotton Ltd,ACQUISITION,PROMISING
2026-09-23,20MICRONS,scan,20 Microns Ltd,ACQUISITION,PROMISING
2026-09-23,TVSSRICHAK,scan,TVS Srichakra Ltd,ACQUISITION,PROMISING
2026-09-23,WABAG,scan,VA Tech Wabag Ltd,ORDER_WIN,PROMISING
2026-09-23,SGMART,scan,SG Mart Ltd,ACQUISITION,PROMISING
2026-09-23,TIIL,scan,Technocraft Industries (India) Ltd,ACQUISITION,PROMISING
2026-09-23,SOBHA,scan,Sobha Ltd,CAPITAL_RAISE,PROMISING
2026-09-23,PRECWIRE,scan,Precision Wires India Ltd,CAPITAL_RAISE,PROMISING
2026-09-23,WAAREERTL,scan,Waaree Renewable Technologies Ltd,ORDER_WIN,PROMISING
2026-09-23,FLAIR,scan,Flair Writing Industries Ltd,ORDER_WIN,PROMISING
2026-09-23,SHANTIGOLD,scan,Shanti Gold International Ltd,CAPITAL_RAISE,PROMISING
2026-09-23,PNCINFRA,scan,PNC Infratech Ltd,ORDER_WIN,PROMISING
2026-09-23,CYIENT,scan,Cyient Ltd,ACQUISITION,PROMISING
2026-09-23,HARDWYN,scan,Hardwyn India Ltd,ORDER_WIN,PROMISING
2026-09-23,HCG,scan,HealthCare Global Enterprises Ltd,CAPITAL_RAISE,PROMISING
2026-09-23,TINNARUBR,scan,Tinna Rubber and Infrastructure Ltd,ACQUISITION,PROMISING
2026-09-23,LXCHEM,scan,Laxmi Organic Industries Ltd,CAPITAL_RAISE,PROMISING
2026-09-23,AURUM,scan,Aurum PropTech Ltd,CAPITAL_RAISE,PROMISING
2026-09-23,ADFFOODS,scan,Adf Foods Ltd,ACQUISITION,PROMISING
2026-09-23,SIYSIL,scan,Siyaram Silk Mills Ltd,RESTRUCTURING,PROMISING
2026-09-23,KIRLPNU,scan,Kirloskar Pneumatic Company Ltd,ACQUISITION,PROMISING
2026-09-23,JLHL,scan,Jupiter Life Line Hospitals Ltd,ACQUISITION,PROMISING
2026-09-23,ENTERO,scan,Entero Healthcare Solutions Ltd,ACQUISITION,PROMISING
2026-09-23,MOREPENLAB,scan,Morepen Laboratories Ltd,ACQUISITION,PROMISING
2026-09-23,ADVENZYMES,scan,Advanced Enzyme Technologies Ltd,ACQUISITION,PROMISING
2026-09-23,EXCELSOFT,scan,Excelsoft Technologies Ltd,ACQUISITION,PROMISING
2026-09-23,CCAVENUE,scan,AvenuesAI Ltd,CAPITAL_RAISE,PROMISING
2026-09-23,CRIZAC,scan,Crizac Ltd,ACQUISITION,PROMISING
2026-09-23,IXIGO,scan,Le Travenues Technology Ltd,ORDER_WIN,PROMISING
2026-09-23,JKIL,scan,J. Kumar Infraprojects Ltd,ORDER_WIN,PROMISING
2026-09-23,STERTOOLS,scan,Sterling Tools Ltd,ACQUISITION+CAPITAL_RAISE,PROMISING
2026-09-23,KOLTEPATIL,scan,Kolte-Patil Developers Ltd,CAPITAL_RAISE,PROMISING
2026-09-23,BIKAJI,scan,Bikaji Foods International Ltd,ACQUISITION,PROMISING
2026-09-23,JKTYRE,scan,JK Tyre & Industries Ltd,ACQUISITION,PROMISING
2026-09-23,HGINFRA,scan,H.G. Infra Engineering Ltd,ORDER_WIN,PROMISING
2026-09-23,CEINSYS,scan,Ceinsys Tech Ltd,ORDER_WIN,PROMISING
2026-09-23,AVANTEL,scan,Avantel Ltd,ORDER_WIN,PROMISING
2026-09-24,IMFA,scan,Indian Metals & Ferro Alloys Ltd,ACQUISITION,PROMISING
2026-09-24,ZEEL,scan,Zee Entertainment Enterprises Ltd,CAPITAL_RAISE,PROMISING
2026-09-24,PARAS,scan,Paras Defence and Space Technologies Ltd,ORDER_WIN,PROMISING
2026-09-24,JUNIPER,scan,Juniper Hotels Ltd,ACQUISITION,PROMISING
2026-09-24,HAPPSTMNDS,scan,Happiest Minds Technologies Ltd,RESTRUCTURING,PROMISING
2026-09-24,VIYASH,scan,Viyash Scientific Ltd,ACQUISITION,PROMISING
2026-09-24,ACI,scan,Archean Chemical Industries Ltd,ACQUISITION,PROMISING
2026-09-24,ROHLTD,scan,Royal Orchid Hotels Ltd,ORDER_WIN,PROMISING
2026-09-24,RML,scan,Rane (Madras) Ltd,ACQUISITION,PROMISING
2026-09-24,DIAMONDYD,scan,Prataap Snacks Ltd,ACQUISITION,PROMISING
2026-09-24,JAYKAY,scan,Jaykay Enterprises Ltd,CAPITAL_RAISE,PROMISING
2026-09-24,CARYSIL,scan,Carysil Ltd,RESTRUCTURING,PROMISING
2026-09-24,MOL,scan,Meghmani Organics Ltd,RESTRUCTURING,PROMISING
2026-09-24,RKFORGE,scan,Ramkrishna Forgings Ltd,CAPITAL_RAISE,PROMISING
2026-09-24,ORCHPHARMA,scan,Orchid Pharma Ltd,ORDER_WIN,PROMISING
2026-09-24,CENTUM,scan,Centum Electronics Ltd,RESTRUCTURING,PROMISING
2026-09-24,TEAMLEASE,scan,TeamLease Services Ltd,ORDER_WIN,PROMISING
2026-09-24,PENIND,scan,Pennar Industries Ltd,CAPITAL_RAISE,PROMISING
2026-09-24,SIS,scan,SIS Ltd,ACQUISITION,PROMISING
2026-09-24,ARFIN,scan,Arfin India Ltd,ORDER_WIN,PROMISING
2026-09-24,KIRIINDUS,scan,Kiri Industries Ltd,ACQUISITION,PROMISING
2026-09-24,NITINSPIN,scan,Nitin Spinners Ltd,ACQUISITION,PROMISING
2026-09-24,NAVNETEDUL,scan,Navneet Education Ltd,RESTRUCTURING,PROMISING
2026-09-24,NIVABUPA,scan,Niva Bupa Health Insurance Company Ltd,ORDER_WIN,PROMISING
2026-09-24,MAHSEAMLES,scan,Maharashtra Seamless Ltd,RESTRUCTURING,PROMISING
2026-09-24,MHRIL,scan,Mahindra Holidays & Resorts India Ltd,ACQUISITION,PROMISING
2026-09-24,KIRLFER,scan,Kirloskar Ferrous Industries Ltd,ORDER_WIN,PROMISING
2026-09-24,MANINDS,scan,Man Industries (India) Ltd,ORDER_WIN,PROMISING
2026-09-24,SPORTKING,scan,Sportking India Ltd,ACQUISITION,PROMISING
2026-09-24,RAYMOND,scan,Raymond Ltd,CAPITAL_RAISE,PROMISING
2026-09-24,JKPAPER,scan,JK Paper Ltd,ACQUISITION,PROMISING
2026-09-24,SONATSOFTW,scan,Sonata Software Ltd,ORDER_WIN+RESTRUCTURING,PROMISING
2026-09-24,ISGEC,scan,ISGEC Heavy Engineering Ltd,RESTRUCTURING,PROMISING
2026-09-24,DIVGIITTS,scan,DIVGI TORQTRANSFER SYSTEMS Ltd,ACQUISITION,PROMISING
2026-09-24,WENDT,scan,Wendt (India) Ltd,ACQUISITION+CAPITAL_RAISE,PROMISING
2026-09-24,CLEAN,scan,Clean Science and Technology Ltd,ACQUISITION,PROMISING
2026-09-24,MEDIASSIST,scan,Medi Assist Healthcare Services Ltd,ACQUISITION,PROMISING
2026-09-24,TEXRAIL,scan,Texmaco Rail & Engineering Ltd,ACQUISITION,PROMISING
2026-09-24,STANLEY,scan,Stanley Lifestyles Ltd,ORDER_WIN,PROMISING
2026-09-24,POWERMECH,scan,Power Mech Projects Ltd,ORDER_WIN,PROMISING
2026-09-24,GOLDIAM,scan,Goldiam International Ltd,ORDER_WIN,PROMISING
2026-09-24,EPL,scan,EPL Ltd,ACQUISITION,PROMISING
2026-09-24,QPOWER,scan,Quality Power Electrical Equipments Ltd,ORDER_WIN,PROMISING
2026-09-24,HLEGLAS,scan,HLE Glascoat Ltd,ACQUISITION,PROMISING
2026-09-24,KRSNAA,scan,Krsnaa Diagnostics Ltd,CAPITAL_RAISE,PROMISING
2026-09-24,MARSONS,scan,Marsons Ltd,ORDER_WIN,PROMISING
2026-09-24,INDIANHUME,scan,Indian Hume Pipe Company Ltd,ORDER_WIN,PROMISING
2026-09-24,MANORAMA,scan,Manorama Industries Ltd,CAPITAL_RAISE,PROMISING
2026-09-24,SAIPARENT,scan,Sai Parenterals Ltd,ORDER_WIN,PROMISING
2026-09-24,ATLANTAELE,scan,Atlanta Electricals Ltd,ORDER_WIN,PROMISING
2026-09-24,EFCIL,scan,EFC (I) Ltd,ACQUISITION,PROMISING
2026-09-24,ASHIANA,scan,Ashiana Housing Ltd,ORDER_WIN,PROMISING
2026-09-24,SRM,scan,SRM Contractors Ltd,ORDER_WIN,PROMISING
2026-09-24,VIKRAMSOLR,scan,Vikram Solar Ltd,RESTRUCTURING,PROMISING
2026-09-24,GSPCROP,scan,GSP Crop Science Ltd,RESTRUCTURING,PROMISING
2026-09-24,BCLIND,scan,BCL Industries Ltd,ACQUISITION,PROMISING
2026-09-24,UGROCAP,scan,Ugro Capital Ltd,RESTRUCTURING,PROMISING
2026-09-24,HEG,scan,HEG Ltd,RESTRUCTURING,PROMISING
2026-09-24,CEATLTD,scan,Ceat Ltd,ORDER_WIN,PROMISING
2026-09-24,JUBLINGREA,scan,Jubilant Ingrevia Ltd,ACQUISITION,PROMISING
2026-09-24,PRICOLLTD,scan,Pricol Ltd,RESTRUCTURING,PROMISING
2026-09-24,JAGSNPHARM,scan,Jagsonpal Pharmaceuticals Ltd,ACQUISITION,PROMISING
2026-09-24,LUMAXTECH,scan,Lumax Auto Technologies Ltd,ACQUISITION,PROMISING
2026-09-24,ONWARDTEC,scan,Onward Technologies Ltd,ORDER_WIN,PROMISING
2026-09-24,ARIS,scan,ArisInfra Solutions Ltd,RESTRUCTURING,PROMISING
2026-09-24,ARSSBL,scan,Anand Rathi Share And Stock Brokers Ltd,ORDER_WIN,PROMISING
2026-09-24,GUFICBIO,scan,Gufic Biosciences Ltd,ACQUISITION,PROMISING
2026-09-24,SAMBHV,scan,Sambhv Steel Tubes Ltd,CAPITAL_RAISE,PROMISING
2026-09-24,NIITMTS,scan,NIIT Learning Systems Ltd,RESTRUCTURING,PROMISING
2026-09-24,ASIANTILES,scan,Asian Granito India Ltd,ACQUISITION,PROMISING
2026-09-24,ANURAS,scan,Anupam Rasayan India Ltd,ACQUISITION,PROMISING
2026-09-24,RITES,scan,RITES Ltd,ORDER_WIN,PROMISING
2026-09-24,GKENERGY,scan,GK Energy Ltd,ORDER_WIN,PROMISING
2026-09-24,TRIDENT,scan,Trident Ltd,ACQUISITION,PROMISING
2026-09-24,PROTEAN,scan,Protean eGov Technologies Ltd,ORDER_WIN,PROMISING
2026-09-24,PICCADIL,scan,Piccadily Agro Industries Ltd,RESTRUCTURING,PROMISING
2026-09-24,SURYAROSNI,scan,Surya Roshni Ltd,ORDER_WIN,PROMISING
2026-09-24,KIRLOSBROS,scan,Kirloskar Brothers Ltd,ORDER_WIN,PROMISING
2026-09-24,MMFL,scan,MM Forgings Ltd,RESTRUCTURING,PROMISING
2026-09-24,SANDHAR,scan,Sandhar Technologies Ltd,ACQUISITION,PROMISING
2026-09-24,GANESHHOU,scan,Ganesh Housing Ltd,RESTRUCTURING,PROMISING
2026-09-24,SMARTWORKS,scan,Smartworks Coworking Spaces Ltd,ACQUISITION,PROMISING
2026-09-24,DEEPINDS,scan,Deep Industries Ltd,ORDER_WIN,PROMISING
2026-09-24,EPIGRAL,scan,Epigral Ltd,ACQUISITION,PROMISING
2026-09-24,SILVERTUC,scan,Silver Touch Technologies Ltd,ORDER_WIN,PROMISING
2026-09-24,VARROC,scan,Varroc Engineering Ltd,ACQUISITION,PROMISING
2026-09-24,BLSE,scan,BLS E-Services Ltd,ACQUISITION,PROMISING
2026-09-24,JKLAKSHMI,scan,JK Lakshmi Cement Ltd,ACQUISITION,PROMISING
2026-09-24,TRIVENI,scan,Triveni Engineering & Industries Ltd,RESTRUCTURING,PROMISING
2026-09-24,SUDARSCHEM,scan,Sudarshan Chemical Industries Ltd,ACQUISITION,PROMISING
2026-09-24,SETL,scan,Standard Engineering Technology Ltd,ACQUISITION,PROMISING
2026-09-24,BBOX,scan,Black Box Ltd,ORDER_WIN,PROMISING
2026-09-24,DATAMATICS,scan,Datamatics Global Services Ltd,ACQUISITION,PROMISING
2026-09-24,SAMHI,scan,Samhi Hotels Ltd,ACQUISITION,PROMISING
2026-09-24,PARKHOSPS,scan,Park Medi World Ltd,ACQUISITION,PROMISING
2026-09-24,RATEGAIN,scan,RateGain Travel Technologies Ltd,DEBT_REDUCTION,PROMISING
2026-09-24,ICRA,scan,ICRA Ltd,ACQUISITION,PROMISING
2026-09-24,TRANSRAILL,scan,Transrail Lighting Ltd,CAPITAL_RAISE,PROMISING
2026-09-24,DBL,scan,Dilip Buildcon Ltd,ORDER_WIN,PROMISING
2026-09-24,ZUARI,scan,Zuari Agro Chemicals Ltd,ORDER_WIN,PROMISING
2026-09-24,ASHOKA,scan,Ashoka Buildcon Ltd,ORDER_WIN,PROMISING
2026-09-24,SOLEX,scan,Solex Energy Ltd,ORDER_WIN,PROMISING
2026-09-24,RPGLIFE,scan,RPG Life Sciences Ltd,ACQUISITION,PROMISING
2026-09-24,RAINBOW,scan,Rainbow Children's Medicare Ltd,ACQUISITION,PROMISING
2026-09-24,RANEHOLDIN,scan,Rane Holdings Ltd,CAPITAL_RAISE,PROMISING
2026-09-24,SWELECTES,scan,Swelect Energy Systems Ltd,ACQUISITION,PROMISING
2026-09-24,VESUVIUS,scan,Vesuvius India Ltd,RESTRUCTURING,PROMISING
2026-09-24,TANLA,scan,Tanla Platforms Ltd,ACQUISITION,PROMISING
2026-09-24,LEMONTREE,scan,Lemon Tree Hotels Ltd,ORDER_WIN,PROMISING
2026-09-24,DODLA,scan,Dodla Dairy Ltd,ACQUISITION,PROMISING
2026-09-24,SHK,scan,S H Kelkar and Company Ltd,RESTRUCTURING,PROMISING
2026-09-24,SIRCA,scan,Sirca Paints India Ltd,CAPITAL_RAISE,PROMISING
2026-09-24,SENORES,scan,Senores Pharmaceuticals Ltd,CAPITAL_RAISE,PROMISING
2026-09-24,HARIOMPIPE,scan,Hariom Pipe Industries Ltd,CAPITAL_RAISE,PROMISING
2026-09-24,AKUMS,scan,Akums Drugs and Pharmaceuticals Ltd,ACQUISITION,PROMISING
2026-09-24,SOMANYCERA,scan,Somany Ceramics Ltd,RESTRUCTURING,PROMISING
2026-09-24,VINCOFE,scan,Vintage Coffee And Beverages Ltd,ORDER_WIN,PROMISING
2026-09-24,SAREGAMA,scan,Saregama India Ltd,ACQUISITION,PROMISING
2026-09-24,VOGL,scan,Vedanta Oil and Gas Ltd,ORDER_WIN,PROMISING
2026-09-24,JAMNAAUTO,scan,Jamna Auto Industries Ltd,ACQUISITION,PROMISING
2026-09-24,HITECH,scan,Hi-Tech Pipes Ltd,CAPITAL_RAISE,PROMISING
2026-09-24,GREAVESCOT,scan,Greaves Cotton Ltd,ACQUISITION,PROMISING
2026-09-24,20MICRONS,scan,20 Microns Ltd,ACQUISITION,PROMISING
2026-09-24,TVSSRICHAK,scan,TVS Srichakra Ltd,ACQUISITION,PROMISING
2026-09-24,WABAG,scan,VA Tech Wabag Ltd,ORDER_WIN,PROMISING
2026-09-24,SGMART,scan,SG Mart Ltd,ACQUISITION,PROMISING
2026-09-24,TIIL,scan,Technocraft Industries (India) Ltd,ACQUISITION,PROMISING
2026-09-24,SOBHA,scan,Sobha Ltd,CAPITAL_RAISE,PROMISING
2026-09-24,PRECWIRE,scan,Precision Wires India Ltd,CAPITAL_RAISE,PROMISING
2026-09-24,WAAREERTL,scan,Waaree Renewable Technologies Ltd,ORDER_WIN,PROMISING
2026-09-24,FLAIR,scan,Flair Writing Industries Ltd,ORDER_WIN,PROMISING
2026-09-24,SHANTIGOLD,scan,Shanti Gold International Ltd,CAPITAL_RAISE,PROMISING
2026-09-24,PNCINFRA,scan,PNC Infratech Ltd,ORDER_WIN,PROMISING
2026-09-24,CYIENT,scan,Cyient Ltd,ACQUISITION,PROMISING
2026-09-24,HARDWYN,scan,Hardwyn India Ltd,ORDER_WIN,PROMISING
2026-09-24,HCG,scan,HealthCare Global Enterprises Ltd,CAPITAL_RAISE,PROMISING
2026-09-24,TINNARUBR,scan,Tinna Rubber and Infrastructure Ltd,ACQUISITION,PROMISING
2026-09-24,LXCHEM,scan,Laxmi Organic Industries Ltd,CAPITAL_RAISE,PROMISING
2026-09-24,AURUM,scan,Aurum PropTech Ltd,CAPITAL_RAISE,PROMISING
2026-09-24,ADFFOODS,scan,Adf Foods Ltd,ACQUISITION,PROMISING
2026-09-24,SIYSIL,scan,Siyaram Silk Mills Ltd,RESTRUCTURING,PROMISING
2026-09-24,KIRLPNU,scan,Kirloskar Pneumatic Company Ltd,ACQUISITION,PROMISING
2026-09-24,JLHL,scan,Jupiter Life Line Hospitals Ltd,ACQUISITION,PROMISING
2026-09-24,ENTERO,scan,Entero Healthcare Solutions Ltd,ACQUISITION,PROMISING
2026-09-24,MOREPENLAB,scan,Morepen Laboratories Ltd,ACQUISITION,PROMISING
2026-09-24,ADVENZYMES,scan,Advanced Enzyme Technologies Ltd,ACQUISITION,PROMISING
2026-09-24,EXCELSOFT,scan,Excelsoft Technologies Ltd,ACQUISITION,PROMISING
2026-09-24,CCAVENUE,scan,AvenuesAI Ltd,CAPITAL_RAISE,PROMISING
2026-09-24,CRIZAC,scan,Crizac Ltd,ACQUISITION,PROMISING
2026-09-24,IXIGO,scan,Le Travenues Technology Ltd,ORDER_WIN,PROMISING
2026-09-24,JKIL,scan,J. Kumar Infraprojects Ltd,ORDER_WIN,PROMISING
2026-09-24,STERTOOLS,scan,Sterling Tools Ltd,ACQUISITION+CAPITAL_RAISE,PROMISING
2026-09-24,KOLTEPATIL,scan,Kolte-Patil Developers Ltd,CAPITAL_RAISE,PROMISING
2026-09-24,BIKAJI,scan,Bikaji Foods International Ltd,ACQUISITION,PROMISING
2026-09-24,JKTYRE,scan,JK Tyre & Industries Ltd,ACQUISITION,PROMISING
2026-09-24,HGINFRA,scan,H.G. Infra Engineering Ltd,ORDER_WIN,PROMISING
2026-09-24,CEINSYS,scan,Ceinsys Tech Ltd,ORDER_WIN,PROMISING
2026-09-24,AVANTEL,scan,Avantel Ltd,ORDER_WIN,PROMISING
2026-09-25,IMFA,scan,Indian Metals & Ferro Alloys Ltd,ACQUISITION,PROMISING
2026-09-25,ZEEL,scan,Zee Entertainment Enterprises Ltd,CAPITAL_RAISE,PROMISING
2026-09-25,PARAS,scan,Paras Defence and Space Technologies Ltd,ORDER_WIN,PROMISING
2026-09-25,JUNIPER,scan,Juniper Hotels Ltd,ACQUISITION,PROMISING
2026-09-25,HAPPSTMNDS,scan,Happiest Minds Technologies Ltd,RESTRUCTURING,PROMISING
2026-09-25,VIYASH,scan,Viyash Scientific Ltd,ACQUISITION,PROMISING
2026-09-25,ACI,scan,Archean Chemical Industries Ltd,ACQUISITION,PROMISING
2026-09-25,ROHLTD,scan,Royal Orchid Hotels Ltd,ORDER_WIN,PROMISING
2026-09-25,RML,scan,Rane (Madras) Ltd,ACQUISITION,PROMISING
2026-09-25,DIAMONDYD,scan,Prataap Snacks Ltd,ACQUISITION,PROMISING
2026-09-25,JAYKAY,scan,Jaykay Enterprises Ltd,CAPITAL_RAISE,PROMISING
2026-09-25,CARYSIL,scan,Carysil Ltd,RESTRUCTURING,PROMISING
2026-09-25,MOL,scan,Meghmani Organics Ltd,RESTRUCTURING,PROMISING
2026-09-25,RKFORGE,scan,Ramkrishna Forgings Ltd,CAPITAL_RAISE,PROMISING
2026-09-25,ORCHPHARMA,scan,Orchid Pharma Ltd,ORDER_WIN,PROMISING
2026-09-25,CENTUM,scan,Centum Electronics Ltd,RESTRUCTURING,PROMISING
2026-09-25,TEAMLEASE,scan,TeamLease Services Ltd,ORDER_WIN,PROMISING
2026-09-25,PENIND,scan,Pennar Industries Ltd,CAPITAL_RAISE,PROMISING
2026-09-25,SIS,scan,SIS Ltd,ACQUISITION,PROMISING
2026-09-25,ARFIN,scan,Arfin India Ltd,ORDER_WIN,PROMISING
2026-09-25,KIRIINDUS,scan,Kiri Industries Ltd,ACQUISITION,PROMISING
2026-09-25,NITINSPIN,scan,Nitin Spinners Ltd,ACQUISITION,PROMISING
2026-09-25,NAVNETEDUL,scan,Navneet Education Ltd,RESTRUCTURING,PROMISING
2026-09-25,NIVABUPA,scan,Niva Bupa Health Insurance Company Ltd,ORDER_WIN,PROMISING
2026-09-25,MAHSEAMLES,scan,Maharashtra Seamless Ltd,RESTRUCTURING,PROMISING
2026-09-25,MHRIL,scan,Mahindra Holidays & Resorts India Ltd,ACQUISITION,PROMISING
2026-09-25,KIRLFER,scan,Kirloskar Ferrous Industries Ltd,ORDER_WIN,PROMISING
2026-09-25,MANINDS,scan,Man Industries (India) Ltd,ORDER_WIN,PROMISING
2026-09-25,SPORTKING,scan,Sportking India Ltd,ACQUISITION,PROMISING
2026-09-25,RAYMOND,scan,Raymond Ltd,CAPITAL_RAISE,PROMISING
2026-09-25,JKPAPER,scan,JK Paper Ltd,ACQUISITION,PROMISING
2026-09-25,SONATSOFTW,scan,Sonata Software Ltd,ORDER_WIN+RESTRUCTURING,PROMISING
2026-09-25,ISGEC,scan,ISGEC Heavy Engineering Ltd,RESTRUCTURING,PROMISING
2026-09-25,DIVGIITTS,scan,DIVGI TORQTRANSFER SYSTEMS Ltd,ACQUISITION,PROMISING
2026-09-25,WENDT,scan,Wendt (India) Ltd,ACQUISITION+CAPITAL_RAISE,PROMISING
2026-09-25,CLEAN,scan,Clean Science and Technology Ltd,ACQUISITION,PROMISING
2026-09-25,MEDIASSIST,scan,Medi Assist Healthcare Services Ltd,ACQUISITION,PROMISING
2026-09-25,TEXRAIL,scan,Texmaco Rail & Engineering Ltd,ACQUISITION,PROMISING
2026-09-25,STANLEY,scan,Stanley Lifestyles Ltd,ORDER_WIN,PROMISING
2026-09-25,POWERMECH,scan,Power Mech Projects Ltd,ORDER_WIN,PROMISING
2026-09-25,GOLDIAM,scan,Goldiam International Ltd,ORDER_WIN,PROMISING
2026-09-25,EPL,scan,EPL Ltd,ACQUISITION,PROMISING
2026-09-25,QPOWER,scan,Quality Power Electrical Equipments Ltd,ORDER_WIN,PROMISING
2026-09-25,HLEGLAS,scan,HLE Glascoat Ltd,ACQUISITION,PROMISING
2026-09-25,KRSNAA,scan,Krsnaa Diagnostics Ltd,CAPITAL_RAISE,PROMISING
2026-09-25,MARSONS,scan,Marsons Ltd,ORDER_WIN,PROMISING
2026-09-25,INDIANHUME,scan,Indian Hume Pipe Company Ltd,ORDER_WIN,PROMISING
2026-09-25,MANORAMA,scan,Manorama Industries Ltd,CAPITAL_RAISE,PROMISING
2026-09-25,SAIPARENT,scan,Sai Parenterals Ltd,ORDER_WIN,PROMISING
2026-09-25,ATLANTAELE,scan,Atlanta Electricals Ltd,ORDER_WIN,PROMISING
2026-09-25,EFCIL,scan,EFC (I) Ltd,ACQUISITION,PROMISING
2026-09-25,ASHIANA,scan,Ashiana Housing Ltd,ORDER_WIN,PROMISING
2026-09-25,SRM,scan,SRM Contractors Ltd,ORDER_WIN,PROMISING
2026-09-25,VIKRAMSOLR,scan,Vikram Solar Ltd,RESTRUCTURING,PROMISING
2026-09-25,GSPCROP,scan,GSP Crop Science Ltd,RESTRUCTURING,PROMISING
2026-09-25,BCLIND,scan,BCL Industries Ltd,ACQUISITION,PROMISING
2026-09-25,UGROCAP,scan,Ugro Capital Ltd,RESTRUCTURING,PROMISING
2026-09-25,HEG,scan,HEG Ltd,RESTRUCTURING,PROMISING
2026-09-25,CEATLTD,scan,Ceat Ltd,ORDER_WIN,PROMISING
2026-09-25,JUBLINGREA,scan,Jubilant Ingrevia Ltd,ACQUISITION,PROMISING
2026-09-25,PRICOLLTD,scan,Pricol Ltd,RESTRUCTURING,PROMISING
2026-09-25,JAGSNPHARM,scan,Jagsonpal Pharmaceuticals Ltd,ACQUISITION,PROMISING
2026-09-25,LUMAXTECH,scan,Lumax Auto Technologies Ltd,ACQUISITION,PROMISING
2026-09-25,ONWARDTEC,scan,Onward Technologies Ltd,ORDER_WIN,PROMISING
2026-09-25,ARIS,scan,ArisInfra Solutions Ltd,RESTRUCTURING,PROMISING
2026-09-25,ARSSBL,scan,Anand Rathi Share And Stock Brokers Ltd,ORDER_WIN,PROMISING
2026-09-25,GUFICBIO,scan,Gufic Biosciences Ltd,ACQUISITION,PROMISING
2026-09-25,SAMBHV,scan,Sambhv Steel Tubes Ltd,CAPITAL_RAISE,PROMISING
2026-09-25,NIITMTS,scan,NIIT Learning Systems Ltd,RESTRUCTURING,PROMISING
2026-09-25,ASIANTILES,scan,Asian Granito India Ltd,ACQUISITION,PROMISING
2026-09-25,ANURAS,scan,Anupam Rasayan India Ltd,ACQUISITION,PROMISING
2026-09-25,RITES,scan,RITES Ltd,ORDER_WIN,PROMISING
2026-09-25,GKENERGY,scan,GK Energy Ltd,ORDER_WIN,PROMISING
2026-09-25,TRIDENT,scan,Trident Ltd,ACQUISITION,PROMISING
2026-09-25,PROTEAN,scan,Protean eGov Technologies Ltd,ORDER_WIN,PROMISING
2026-09-25,PICCADIL,scan,Piccadily Agro Industries Ltd,RESTRUCTURING,PROMISING
2026-09-25,SURYAROSNI,scan,Surya Roshni Ltd,ORDER_WIN,PROMISING
2026-09-25,KIRLOSBROS,scan,Kirloskar Brothers Ltd,ORDER_WIN,PROMISING
2026-09-25,MMFL,scan,MM Forgings Ltd,RESTRUCTURING,PROMISING
2026-09-25,SANDHAR,scan,Sandhar Technologies Ltd,ACQUISITION,PROMISING
2026-09-25,GANESHHOU,scan,Ganesh Housing Ltd,RESTRUCTURING,PROMISING
2026-09-25,SMARTWORKS,scan,Smartworks Coworking Spaces Ltd,ACQUISITION,PROMISING
2026-09-25,DEEPINDS,scan,Deep Industries Ltd,ORDER_WIN,PROMISING
2026-09-25,EPIGRAL,scan,Epigral Ltd,ACQUISITION,PROMISING
2026-09-25,SILVERTUC,scan,Silver Touch Technologies Ltd,ORDER_WIN,PROMISING
2026-09-25,VARROC,scan,Varroc Engineering Ltd,ACQUISITION,PROMISING
2026-09-25,BLSE,scan,BLS E-Services Ltd,ACQUISITION,PROMISING
2026-09-25,JKLAKSHMI,scan,JK Lakshmi Cement Ltd,ACQUISITION,PROMISING
2026-09-25,TRIVENI,scan,Triveni Engineering & Industries Ltd,RESTRUCTURING,PROMISING
2026-09-25,SUDARSCHEM,scan,Sudarshan Chemical Industries Ltd,ACQUISITION,PROMISING
2026-09-25,SETL,scan,Standard Engineering Technology Ltd,ACQUISITION,PROMISING
2026-09-25,BBOX,scan,Black Box Ltd,ORDER_WIN,PROMISING
2026-09-25,DATAMATICS,scan,Datamatics Global Services Ltd,ACQUISITION,PROMISING
2026-09-25,SAMHI,scan,Samhi Hotels Ltd,ACQUISITION,PROMISING
2026-09-25,PARKHOSPS,scan,Park Medi World Ltd,ACQUISITION,PROMISING
2026-09-25,RATEGAIN,scan,RateGain Travel Technologies Ltd,DEBT_REDUCTION,PROMISING
2026-09-25,ICRA,scan,ICRA Ltd,ACQUISITION,PROMISING
2026-09-25,TRANSRAILL,scan,Transrail Lighting Ltd,CAPITAL_RAISE,PROMISING
2026-09-25,DBL,scan,Dilip Buildcon Ltd,ORDER_WIN,PROMISING
2026-09-25,ZUARI,scan,Zuari Agro Chemicals Ltd,ORDER_WIN,PROMISING
2026-09-25,ASHOKA,scan,Ashoka Buildcon Ltd,ORDER_WIN,PROMISING
2026-09-25,SOLEX,scan,Solex Energy Ltd,ORDER_WIN,PROMISING
2026-09-25,RPGLIFE,scan,RPG Life Sciences Ltd,ACQUISITION,PROMISING
2026-09-25,RAINBOW,scan,Rainbow Children's Medicare Ltd,ACQUISITION,PROMISING
2026-09-25,RANEHOLDIN,scan,Rane Holdings Ltd,CAPITAL_RAISE,PROMISING
2026-09-25,SWELECTES,scan,Swelect Energy Systems Ltd,ACQUISITION,PROMISING
2026-09-25,VESUVIUS,scan,Vesuvius India Ltd,RESTRUCTURING,PROMISING
2026-09-25,TANLA,scan,Tanla Platforms Ltd,ACQUISITION,PROMISING
2026-09-25,LEMONTREE,scan,Lemon Tree Hotels Ltd,ORDER_WIN,PROMISING
2026-09-25,DODLA,scan,Dodla Dairy Ltd,ACQUISITION,PROMISING
2026-09-25,SHK,scan,S H Kelkar and Company Ltd,RESTRUCTURING,PROMISING
2026-09-25,SIRCA,scan,Sirca Paints India Ltd,CAPITAL_RAISE,PROMISING
2026-09-25,SENORES,scan,Senores Pharmaceuticals Ltd,CAPITAL_RAISE,PROMISING
2026-09-25,HARIOMPIPE,scan,Hariom Pipe Industries Ltd,CAPITAL_RAISE,PROMISING
2026-09-25,AKUMS,scan,Akums Drugs and Pharmaceuticals Ltd,ACQUISITION,PROMISING
2026-09-25,SOMANYCERA,scan,Somany Ceramics Ltd,RESTRUCTURING,PROMISING
2026-09-25,VINCOFE,scan,Vintage Coffee And Beverages Ltd,ORDER_WIN,PROMISING
2026-09-25,SAREGAMA,scan,Saregama India Ltd,ACQUISITION,PROMISING
2026-09-25,VOGL,scan,Vedanta Oil and Gas Ltd,ORDER_WIN,PROMISING
2026-09-25,JAMNAAUTO,scan,Jamna Auto Industries Ltd,ACQUISITION,PROMISING
2026-09-25,HITECH,scan,Hi-Tech Pipes Ltd,CAPITAL_RAISE,PROMISING
2026-09-25,GREAVESCOT,scan,Greaves Cotton Ltd,ACQUISITION,PROMISING
2026-09-25,20MICRONS,scan,20 Microns Ltd,ACQUISITION,PROMISING
2026-09-25,TVSSRICHAK,scan,TVS Srichakra Ltd,ACQUISITION,PROMISING
2026-09-25,WABAG,scan,VA Tech Wabag Ltd,ORDER_WIN,PROMISING
2026-09-25,SGMART,scan,SG Mart Ltd,ACQUISITION,PROMISING
2026-09-25,TIIL,scan,Technocraft Industries (India) Ltd,ACQUISITION,PROMISING
2026-09-25,SOBHA,scan,Sobha Ltd,CAPITAL_RAISE,PROMISING
2026-09-25,PRECWIRE,scan,Precision Wires India Ltd,CAPITAL_RAISE,PROMISING
2026-09-25,WAAREERTL,scan,Waaree Renewable Technologies Ltd,ORDER_WIN,PROMISING
2026-09-25,FLAIR,scan,Flair Writing Industries Ltd,ORDER_WIN,PROMISING
2026-09-25,SHANTIGOLD,scan,Shanti Gold International Ltd,CAPITAL_RAISE,PROMISING
2026-09-25,PNCINFRA,scan,PNC Infratech Ltd,ORDER_WIN,PROMISING
2026-09-25,CYIENT,scan,Cyient Ltd,ACQUISITION,PROMISING
2026-09-25,HARDWYN,scan,Hardwyn India Ltd,ORDER_WIN,PROMISING
2026-09-25,HCG,scan,HealthCare Global Enterprises Ltd,CAPITAL_RAISE,PROMISING
2026-09-25,TINNARUBR,scan,Tinna Rubber and Infrastructure Ltd,ACQUISITION,PROMISING
2026-09-25,LXCHEM,scan,Laxmi Organic Industries Ltd,CAPITAL_RAISE,PROMISING
2026-09-25,AURUM,scan,Aurum PropTech Ltd,CAPITAL_RAISE,PROMISING
2026-09-25,ADFFOODS,scan,Adf Foods Ltd,ACQUISITION,PROMISING
2026-09-25,SIYSIL,scan,Siyaram Silk Mills Ltd,RESTRUCTURING,PROMISING
2026-09-25,KIRLPNU,scan,Kirloskar Pneumatic Company Ltd,ACQUISITION,PROMISING
2026-09-25,JLHL,scan,Jupiter Life Line Hospitals Ltd,ACQUISITION,PROMISING
2026-09-25,ENTERO,scan,Entero Healthcare Solutions Ltd,ACQUISITION,PROMISING
2026-09-25,MOREPENLAB,scan,Morepen Laboratories Ltd,ACQUISITION,PROMISING
2026-09-25,ADVENZYMES,scan,Advanced Enzyme Technologies Ltd,ACQUISITION,PROMISING
2026-09-25,EXCELSOFT,scan,Excelsoft Technologies Ltd,ACQUISITION,PROMISING
2026-09-25,CCAVENUE,scan,AvenuesAI Ltd,CAPITAL_RAISE,PROMISING
2026-09-25,CRIZAC,scan,Crizac Ltd,ACQUISITION,PROMISING
2026-09-25,IXIGO,scan,Le Travenues Technology Ltd,ORDER_WIN,PROMISING
2026-09-25,JKIL,scan,J. Kumar Infraprojects Ltd,ORDER_WIN,PROMISING
2026-09-25,STERTOOLS,scan,Sterling Tools Ltd,ACQUISITION+CAPITAL_RAISE,PROMISING
2026-09-25,KOLTEPATIL,scan,Kolte-Patil Developers Ltd,CAPITAL_RAISE,PROMISING
2026-09-25,BIKAJI,scan,Bikaji Foods International Ltd,ACQUISITION,PROMISING
2026-09-25,JKTYRE,scan,JK Tyre & Industries Ltd,ACQUISITION,PROMISING
2026-09-25,HGINFRA,scan,H.G. Infra Engineering Ltd,ORDER_WIN,PROMISING
2026-09-25,CEINSYS,scan,Ceinsys Tech Ltd,ORDER_WIN,PROMISING
2026-09-25,AVANTEL,scan,Avantel Ltd,ORDER_WIN,PROMISING
2026-09-26,IMFA,scan,Indian Metals & Ferro Alloys Ltd,ACQUISITION,PROMISING
2026-09-26,ZEEL,scan,Zee Entertainment Enterprises Ltd,CAPITAL_RAISE,PROMISING
2026-09-26,PARAS,scan,Paras Defence and Space Technologies Ltd,ORDER_WIN,PROMISING
2026-09-26,JUNIPER,scan,Juniper Hotels Ltd,ACQUISITION,PROMISING
2026-09-26,HAPPSTMNDS,scan,Happiest Minds Technologies Ltd,RESTRUCTURING,PROMISING
2026-09-26,VIYASH,scan,Viyash Scientific Ltd,ACQUISITION,PROMISING
2026-09-26,ACI,scan,Archean Chemical Industries Ltd,ACQUISITION,PROMISING
2026-09-26,ROHLTD,scan,Royal Orchid Hotels Ltd,ORDER_WIN,PROMISING
2026-09-26,RML,scan,Rane (Madras) Ltd,ACQUISITION,PROMISING
2026-09-26,DIAMONDYD,scan,Prataap Snacks Ltd,ACQUISITION,PROMISING
2026-09-26,JAYKAY,scan,Jaykay Enterprises Ltd,CAPITAL_RAISE,PROMISING
2026-09-26,CARYSIL,scan,Carysil Ltd,RESTRUCTURING,PROMISING
2026-09-26,MOL,scan,Meghmani Organics Ltd,RESTRUCTURING,PROMISING
2026-09-26,RKFORGE,scan,Ramkrishna Forgings Ltd,CAPITAL_RAISE,PROMISING
2026-09-26,ORCHPHARMA,scan,Orchid Pharma Ltd,ORDER_WIN,PROMISING
2026-09-26,CENTUM,scan,Centum Electronics Ltd,RESTRUCTURING,PROMISING
2026-09-26,TEAMLEASE,scan,TeamLease Services Ltd,ORDER_WIN,PROMISING
2026-09-26,PENIND,scan,Pennar Industries Ltd,CAPITAL_RAISE,PROMISING
2026-09-26,SIS,scan,SIS Ltd,ACQUISITION,PROMISING
2026-09-26,ARFIN,scan,Arfin India Ltd,ORDER_WIN,PROMISING
2026-09-26,KIRIINDUS,scan,Kiri Industries Ltd,ACQUISITION,PROMISING
2026-09-26,NITINSPIN,scan,Nitin Spinners Ltd,ACQUISITION,PROMISING
2026-09-26,NAVNETEDUL,scan,Navneet Education Ltd,RESTRUCTURING,PROMISING
2026-09-26,NIVABUPA,scan,Niva Bupa Health Insurance Company Ltd,ORDER_WIN,PROMISING
2026-09-26,MAHSEAMLES,scan,Maharashtra Seamless Ltd,RESTRUCTURING,PROMISING
2026-09-26,MHRIL,scan,Mahindra Holidays & Resorts India Ltd,ACQUISITION,PROMISING
2026-09-26,KIRLFER,scan,Kirloskar Ferrous Industries Ltd,ORDER_WIN,PROMISING
2026-09-26,MANINDS,scan,Man Industries (India) Ltd,ORDER_WIN,PROMISING
2026-09-26,SPORTKING,scan,Sportking India Ltd,ACQUISITION,PROMISING
2026-09-26,RAYMOND,scan,Raymond Ltd,CAPITAL_RAISE,PROMISING
2026-09-26,JKPAPER,scan,JK Paper Ltd,ACQUISITION,PROMISING
2026-09-26,SONATSOFTW,scan,Sonata Software Ltd,ORDER_WIN+RESTRUCTURING,PROMISING
2026-09-26,ISGEC,scan,ISGEC Heavy Engineering Ltd,RESTRUCTURING,PROMISING
2026-09-26,DIVGIITTS,scan,DIVGI TORQTRANSFER SYSTEMS Ltd,ACQUISITION,PROMISING
2026-09-26,WENDT,scan,Wendt (India) Ltd,ACQUISITION+CAPITAL_RAISE,PROMISING
2026-09-26,CLEAN,scan,Clean Science and Technology Ltd,ACQUISITION,PROMISING
2026-09-26,MEDIASSIST,scan,Medi Assist Healthcare Services Ltd,ACQUISITION,PROMISING
2026-09-26,TEXRAIL,scan,Texmaco Rail & Engineering Ltd,ACQUISITION,PROMISING
2026-09-26,STANLEY,scan,Stanley Lifestyles Ltd,ORDER_WIN,PROMISING
2026-09-26,POWERMECH,scan,Power Mech Projects Ltd,ORDER_WIN,PROMISING
2026-09-26,GOLDIAM,scan,Goldiam International Ltd,ORDER_WIN,PROMISING
2026-09-26,EPL,scan,EPL Ltd,ACQUISITION,PROMISING
2026-09-26,QPOWER,scan,Quality Power Electrical Equipments Ltd,ORDER_WIN,PROMISING
2026-09-26,HLEGLAS,scan,HLE Glascoat Ltd,ACQUISITION,PROMISING
2026-09-26,KRSNAA,scan,Krsnaa Diagnostics Ltd,CAPITAL_RAISE,PROMISING
2026-09-26,MARSONS,scan,Marsons Ltd,ORDER_WIN,PROMISING
2026-09-26,INDIANHUME,scan,Indian Hume Pipe Company Ltd,ORDER_WIN,PROMISING
2026-09-26,MANORAMA,scan,Manorama Industries Ltd,CAPITAL_RAISE,PROMISING
2026-09-26,SAIPARENT,scan,Sai Parenterals Ltd,ORDER_WIN,PROMISING
2026-09-26,ATLANTAELE,scan,Atlanta Electricals Ltd,ORDER_WIN,PROMISING
2026-09-26,EFCIL,scan,EFC (I) Ltd,ACQUISITION,PROMISING
2026-09-26,ASHIANA,scan,Ashiana Housing Ltd,ORDER_WIN,PROMISING
2026-09-26,SRM,scan,SRM Contractors Ltd,ORDER_WIN,PROMISING
2026-09-26,VIKRAMSOLR,scan,Vikram Solar Ltd,RESTRUCTURING,PROMISING
2026-09-26,GSPCROP,scan,GSP Crop Science Ltd,RESTRUCTURING,PROMISING
2026-09-26,BCLIND,scan,BCL Industries Ltd,ACQUISITION,PROMISING
2026-09-26,UGROCAP,scan,Ugro Capital Ltd,RESTRUCTURING,PROMISING
2026-09-26,HEG,scan,HEG Ltd,RESTRUCTURING,PROMISING
2026-09-26,CEATLTD,scan,Ceat Ltd,ORDER_WIN,PROMISING
2026-09-26,JUBLINGREA,scan,Jubilant Ingrevia Ltd,ACQUISITION,PROMISING
2026-09-26,PRICOLLTD,scan,Pricol Ltd,RESTRUCTURING,PROMISING
2026-09-26,JAGSNPHARM,scan,Jagsonpal Pharmaceuticals Ltd,ACQUISITION,PROMISING
2026-09-26,LUMAXTECH,scan,Lumax Auto Technologies Ltd,ACQUISITION,PROMISING
2026-09-26,ONWARDTEC,scan,Onward Technologies Ltd,ORDER_WIN,PROMISING
2026-09-26,ARIS,scan,ArisInfra Solutions Ltd,RESTRUCTURING,PROMISING
2026-09-26,ARSSBL,scan,Anand Rathi Share And Stock Brokers Ltd,ORDER_WIN,PROMISING
2026-09-26,GUFICBIO,scan,Gufic Biosciences Ltd,ACQUISITION,PROMISING
2026-09-26,SAMBHV,scan,Sambhv Steel Tubes Ltd,CAPITAL_RAISE,PROMISING
2026-09-26,NIITMTS,scan,NIIT Learning Systems Ltd,RESTRUCTURING,PROMISING
2026-09-26,ASIANTILES,scan,Asian Granito India Ltd,ACQUISITION,PROMISING
2026-09-26,ANURAS,scan,Anupam Rasayan India Ltd,ACQUISITION,PROMISING
2026-09-26,RITES,scan,RITES Ltd,ORDER_WIN,PROMISING
2026-09-26,GKENERGY,scan,GK Energy Ltd,ORDER_WIN,PROMISING
2026-09-26,TRIDENT,scan,Trident Ltd,ACQUISITION,PROMISING
2026-09-26,PROTEAN,scan,Protean eGov Technologies Ltd,ORDER_WIN,PROMISING
2026-09-26,PICCADIL,scan,Piccadily Agro Industries Ltd,RESTRUCTURING,PROMISING
2026-09-26,SURYAROSNI,scan,Surya Roshni Ltd,ORDER_WIN,PROMISING
2026-09-26,KIRLOSBROS,scan,Kirloskar Brothers Ltd,ORDER_WIN,PROMISING
2026-09-26,MMFL,scan,MM Forgings Ltd,RESTRUCTURING,PROMISING
2026-09-26,SANDHAR,scan,Sandhar Technologies Ltd,ACQUISITION,PROMISING
2026-09-26,GANESHHOU,scan,Ganesh Housing Ltd,RESTRUCTURING,PROMISING
2026-09-26,SMARTWORKS,scan,Smartworks Coworking Spaces Ltd,ACQUISITION,PROMISING
2026-09-26,DEEPINDS,scan,Deep Industries Ltd,ORDER_WIN,PROMISING
2026-09-26,EPIGRAL,scan,Epigral Ltd,ACQUISITION,PROMISING
2026-09-26,SILVERTUC,scan,Silver Touch Technologies Ltd,ORDER_WIN,PROMISING
2026-09-26,VARROC,scan,Varroc Engineering Ltd,ACQUISITION,PROMISING
2026-09-26,BLSE,scan,BLS E-Services Ltd,ACQUISITION,PROMISING
2026-09-26,JKLAKSHMI,scan,JK Lakshmi Cement Ltd,ACQUISITION,PROMISING
2026-09-26,TRIVENI,scan,Triveni Engineering & Industries Ltd,RESTRUCTURING,PROMISING
2026-09-26,SUDARSCHEM,scan,Sudarshan Chemical Industries Ltd,ACQUISITION,PROMISING
2026-09-26,SETL,scan,Standard Engineering Technology Ltd,ACQUISITION,PROMISING
2026-09-26,BBOX,scan,Black Box Ltd,ORDER_WIN,PROMISING
2026-09-26,DATAMATICS,scan,Datamatics Global Services Ltd,ACQUISITION,PROMISING
2026-09-26,SAMHI,scan,Samhi Hotels Ltd,ACQUISITION,PROMISING
2026-09-26,PARKHOSPS,scan,Park Medi World Ltd,ACQUISITION,PROMISING
2026-09-26,RATEGAIN,scan,RateGain Travel Technologies Ltd,DEBT_REDUCTION,PROMISING
2026-09-26,ICRA,scan,ICRA Ltd,ACQUISITION,PROMISING
2026-09-26,TRANSRAILL,scan,Transrail Lighting Ltd,CAPITAL_RAISE,PROMISING
2026-09-26,DBL,scan,Dilip Buildcon Ltd,ORDER_WIN,PROMISING
2026-09-26,ZUARI,scan,Zuari Agro Chemicals Ltd,ORDER_WIN,PROMISING
2026-09-26,ASHOKA,scan,Ashoka Buildcon Ltd,ORDER_WIN,PROMISING
2026-09-26,SOLEX,scan,Solex Energy Ltd,ORDER_WIN,PROMISING
2026-09-26,RPGLIFE,scan,RPG Life Sciences Ltd,ACQUISITION,PROMISING
2026-09-26,RAINBOW,scan,Rainbow Children's Medicare Ltd,ACQUISITION,PROMISING
2026-09-26,RANEHOLDIN,scan,Rane Holdings Ltd,CAPITAL_RAISE,PROMISING
2026-09-26,SWELECTES,scan,Swelect Energy Systems Ltd,ACQUISITION,PROMISING
2026-09-26,VESUVIUS,scan,Vesuvius India Ltd,RESTRUCTURING,PROMISING
2026-09-26,TANLA,scan,Tanla Platforms Ltd,ACQUISITION,PROMISING
2026-09-26,LEMONTREE,scan,Lemon Tree Hotels Ltd,ORDER_WIN,PROMISING
2026-09-26,DODLA,scan,Dodla Dairy Ltd,ACQUISITION,PROMISING
2026-09-26,SHK,scan,S H Kelkar and Company Ltd,RESTRUCTURING,PROMISING
2026-09-26,SIRCA,scan,Sirca Paints India Ltd,CAPITAL_RAISE,PROMISING
2026-09-26,SENORES,scan,Senores Pharmaceuticals Ltd,CAPITAL_RAISE,PROMISING
2026-09-26,HARIOMPIPE,scan,Hariom Pipe Industries Ltd,CAPITAL_RAISE,PROMISING
2026-09-26,AKUMS,scan,Akums Drugs and Pharmaceuticals Ltd,ACQUISITION,PROMISING
2026-09-26,SOMANYCERA,scan,Somany Ceramics Ltd,RESTRUCTURING,PROMISING
2026-09-26,VINCOFE,scan,Vintage Coffee And Beverages Ltd,ORDER_WIN,PROMISING
2026-09-26,SAREGAMA,scan,Saregama India Ltd,ACQUISITION,PROMISING
2026-09-26,VOGL,scan,Vedanta Oil and Gas Ltd,ORDER_WIN,PROMISING
2026-09-26,JAMNAAUTO,scan,Jamna Auto Industries Ltd,ACQUISITION,PROMISING
2026-09-26,HITECH,scan,Hi-Tech Pipes Ltd,CAPITAL_RAISE,PROMISING
2026-09-26,GREAVESCOT,scan,Greaves Cotton Ltd,ACQUISITION,PROMISING
2026-09-26,20MICRONS,scan,20 Microns Ltd,ACQUISITION,PROMISING
2026-09-26,TVSSRICHAK,scan,TVS Srichakra Ltd,ACQUISITION,PROMISING
2026-09-26,WABAG,scan,VA Tech Wabag Ltd,ORDER_WIN,PROMISING
2026-09-26,SGMART,scan,SG Mart Ltd,ACQUISITION,PROMISING
2026-09-26,TIIL,scan,Technocraft Industries (India) Ltd,ACQUISITION,PROMISING
2026-09-26,SOBHA,scan,Sobha Ltd,CAPITAL_RAISE,PROMISING
2026-09-26,PRECWIRE,scan,Precision Wires India Ltd,CAPITAL_RAISE,PROMISING
2026-09-26,WAAREERTL,scan,Waaree Renewable Technologies Ltd,ORDER_WIN,PROMISING
2026-09-26,FLAIR,scan,Flair Writing Industries Ltd,ORDER_WIN,PROMISING
2026-09-26,SHANTIGOLD,scan,Shanti Gold International Ltd,CAPITAL_RAISE,PROMISING
2026-09-26,PNCINFRA,scan,PNC Infratech Ltd,ORDER_WIN,PROMISING
2026-09-26,CYIENT,scan,Cyient Ltd,ACQUISITION,PROMISING
2026-09-26,HARDWYN,scan,Hardwyn India Ltd,ORDER_WIN,PROMISING
2026-09-26,HCG,scan,HealthCare Global Enterprises Ltd,CAPITAL_RAISE,PROMISING
2026-09-26,TINNARUBR,scan,Tinna Rubber and Infrastructure Ltd,ACQUISITION,PROMISING
2026-09-26,LXCHEM,scan,Laxmi Organic Industries Ltd,CAPITAL_RAISE,PROMISING
2026-09-26,AURUM,scan,Aurum PropTech Ltd,CAPITAL_RAISE,PROMISING
2026-09-26,ADFFOODS,scan,Adf Foods Ltd,ACQUISITION,PROMISING
2026-09-26,SIYSIL,scan,Siyaram Silk Mills Ltd,RESTRUCTURING,PROMISING
2026-09-26,KIRLPNU,scan,Kirloskar Pneumatic Company Ltd,ACQUISITION,PROMISING
2026-09-26,JLHL,scan,Jupiter Life Line Hospitals Ltd,ACQUISITION,PROMISING
2026-09-26,ENTERO,scan,Entero Healthcare Solutions Ltd,ACQUISITION,PROMISING
2026-09-26,MOREPENLAB,scan,Morepen Laboratories Ltd,ACQUISITION,PROMISING
2026-09-26,ADVENZYMES,scan,Advanced Enzyme Technologies Ltd,ACQUISITION,PROMISING
2026-09-26,EXCELSOFT,scan,Excelsoft Technologies Ltd,ACQUISITION,PROMISING
2026-09-26,CCAVENUE,scan,AvenuesAI Ltd,CAPITAL_RAISE,PROMISING
2026-09-26,CRIZAC,scan,Crizac Ltd,ACQUISITION,PROMISING
2026-09-26,IXIGO,scan,Le Travenues Technology Ltd,ORDER_WIN,PROMISING
2026-09-26,JKIL,scan,J. Kumar Infraprojects Ltd,ORDER_WIN,PROMISING
2026-09-26,STERTOOLS,scan,Sterling Tools Ltd,ACQUISITION+CAPITAL_RAISE,PROMISING
2026-09-26,KOLTEPATIL,scan,Kolte-Patil Developers Ltd,CAPITAL_RAISE,PROMISING
2026-09-26,BIKAJI,scan,Bikaji Foods International Ltd,ACQUISITION,PROMISING
2026-09-26,JKTYRE,scan,JK Tyre & Industries Ltd,ACQUISITION,PROMISING
2026-09-26,HGINFRA,scan,H.G. Infra Engineering Ltd,ORDER_WIN,PROMISING
2026-09-26,CEINSYS,scan,Ceinsys Tech Ltd,ORDER_WIN,PROMISING
2026-09-26,AVANTEL,scan,Avantel Ltd,ORDER_WIN,PROMISING
2026-09-27,IMFA,scan,Indian Metals & Ferro Alloys Ltd,ACQUISITION,PROMISING
2026-09-27,ZEEL,scan,Zee Entertainment Enterprises Ltd,CAPITAL_RAISE,PROMISING
2026-09-27,PARAS,scan,Paras Defence and Space Technologies Ltd,ORDER_WIN,PROMISING
2026-09-27,JUNIPER,scan,Juniper Hotels Ltd,ACQUISITION,PROMISING
2026-09-27,HAPPSTMNDS,scan,Happiest Minds Technologies Ltd,RESTRUCTURING,PROMISING
2026-09-27,VIYASH,scan,Viyash Scientific Ltd,ACQUISITION,PROMISING
2026-09-27,ACI,scan,Archean Chemical Industries Ltd,ACQUISITION,PROMISING
2026-09-27,ROHLTD,scan,Royal Orchid Hotels Ltd,ORDER_WIN,PROMISING
2026-09-27,RML,scan,Rane (Madras) Ltd,ACQUISITION,PROMISING
2026-09-27,DIAMONDYD,scan,Prataap Snacks Ltd,ACQUISITION,PROMISING
2026-09-27,JAYKAY,scan,Jaykay Enterprises Ltd,CAPITAL_RAISE,PROMISING
2026-09-27,CARYSIL,scan,Carysil Ltd,RESTRUCTURING,PROMISING
2026-09-27,MOL,scan,Meghmani Organics Ltd,RESTRUCTURING,PROMISING
2026-09-27,RKFORGE,scan,Ramkrishna Forgings Ltd,CAPITAL_RAISE,PROMISING
2026-09-27,ORCHPHARMA,scan,Orchid Pharma Ltd,ORDER_WIN,PROMISING
2026-09-27,CENTUM,scan,Centum Electronics Ltd,RESTRUCTURING,PROMISING
2026-09-27,TEAMLEASE,scan,TeamLease Services Ltd,ORDER_WIN,PROMISING
2026-09-27,PENIND,scan,Pennar Industries Ltd,CAPITAL_RAISE,PROMISING
2026-09-27,SIS,scan,SIS Ltd,ACQUISITION,PROMISING
2026-09-27,ARFIN,scan,Arfin India Ltd,ORDER_WIN,PROMISING
2026-09-27,KIRIINDUS,scan,Kiri Industries Ltd,ACQUISITION,PROMISING
2026-09-27,NITINSPIN,scan,Nitin Spinners Ltd,ACQUISITION,PROMISING
2026-09-27,NAVNETEDUL,scan,Navneet Education Ltd,RESTRUCTURING,PROMISING
2026-09-27,NIVABUPA,scan,Niva Bupa Health Insurance Company Ltd,ORDER_WIN,PROMISING
2026-09-27,MAHSEAMLES,scan,Maharashtra Seamless Ltd,RESTRUCTURING,PROMISING
2026-09-27,MHRIL,scan,Mahindra Holidays & Resorts India Ltd,ACQUISITION,PROMISING
2026-09-27,KIRLFER,scan,Kirloskar Ferrous Industries Ltd,ORDER_WIN,PROMISING
2026-09-27,MANINDS,scan,Man Industries (India) Ltd,ORDER_WIN,PROMISING
2026-09-27,SPORTKING,scan,Sportking India Ltd,ACQUISITION,PROMISING
2026-09-27,RAYMOND,scan,Raymond Ltd,CAPITAL_RAISE,PROMISING
2026-09-27,JKPAPER,scan,JK Paper Ltd,ACQUISITION,PROMISING
2026-09-27,SONATSOFTW,scan,Sonata Software Ltd,ORDER_WIN+RESTRUCTURING,PROMISING
2026-09-27,ISGEC,scan,ISGEC Heavy Engineering Ltd,RESTRUCTURING,PROMISING
2026-09-27,DIVGIITTS,scan,DIVGI TORQTRANSFER SYSTEMS Ltd,ACQUISITION,PROMISING
2026-09-27,WENDT,scan,Wendt (India) Ltd,ACQUISITION+CAPITAL_RAISE,PROMISING
2026-09-27,CLEAN,scan,Clean Science and Technology Ltd,ACQUISITION,PROMISING
2026-09-27,MEDIASSIST,scan,Medi Assist Healthcare Services Ltd,ACQUISITION,PROMISING
2026-09-27,TEXRAIL,scan,Texmaco Rail & Engineering Ltd,ACQUISITION,PROMISING
2026-09-27,STANLEY,scan,Stanley Lifestyles Ltd,ORDER_WIN,PROMISING
2026-09-27,POWERMECH,scan,Power Mech Projects Ltd,ORDER_WIN,PROMISING
2026-09-27,GOLDIAM,scan,Goldiam International Ltd,ORDER_WIN,PROMISING
2026-09-27,EPL,scan,EPL Ltd,ACQUISITION,PROMISING
2026-09-27,QPOWER,scan,Quality Power Electrical Equipments Ltd,ORDER_WIN,PROMISING
2026-09-27,HLEGLAS,scan,HLE Glascoat Ltd,ACQUISITION,PROMISING
2026-09-27,KRSNAA,scan,Krsnaa Diagnostics Ltd,CAPITAL_RAISE,PROMISING
2026-09-27,MARSONS,scan,Marsons Ltd,ORDER_WIN,PROMISING
2026-09-27,INDIANHUME,scan,Indian Hume Pipe Company Ltd,ORDER_WIN,PROMISING
2026-09-27,MANORAMA,scan,Manorama Industries Ltd,CAPITAL_RAISE,PROMISING
2026-09-27,SAIPARENT,scan,Sai Parenterals Ltd,ORDER_WIN,PROMISING
2026-09-27,ATLANTAELE,scan,Atlanta Electricals Ltd,ORDER_WIN,PROMISING
2026-09-27,EFCIL,scan,EFC (I) Ltd,ACQUISITION,PROMISING
2026-09-27,ASHIANA,scan,Ashiana Housing Ltd,ORDER_WIN,PROMISING
2026-09-27,SRM,scan,SRM Contractors Ltd,ORDER_WIN,PROMISING
2026-09-27,VIKRAMSOLR,scan,Vikram Solar Ltd,RESTRUCTURING,PROMISING
2026-09-27,GSPCROP,scan,GSP Crop Science Ltd,RESTRUCTURING,PROMISING
2026-09-27,BCLIND,scan,BCL Industries Ltd,ACQUISITION,PROMISING
2026-09-27,UGROCAP,scan,Ugro Capital Ltd,RESTRUCTURING,PROMISING
2026-09-27,HEG,scan,HEG Ltd,RESTRUCTURING,PROMISING
2026-09-27,CEATLTD,scan,Ceat Ltd,ORDER_WIN,PROMISING
2026-09-27,JUBLINGREA,scan,Jubilant Ingrevia Ltd,ACQUISITION,PROMISING
2026-09-27,PRICOLLTD,scan,Pricol Ltd,RESTRUCTURING,PROMISING
2026-09-27,JAGSNPHARM,scan,Jagsonpal Pharmaceuticals Ltd,ACQUISITION,PROMISING
2026-09-27,LUMAXTECH,scan,Lumax Auto Technologies Ltd,ACQUISITION,PROMISING
2026-09-27,ONWARDTEC,scan,Onward Technologies Ltd,ORDER_WIN,PROMISING
2026-09-27,ARIS,scan,ArisInfra Solutions Ltd,RESTRUCTURING,PROMISING
2026-09-27,ARSSBL,scan,Anand Rathi Share And Stock Brokers Ltd,ORDER_WIN,PROMISING
2026-09-27,GUFICBIO,scan,Gufic Biosciences Ltd,ACQUISITION,PROMISING
2026-09-27,SAMBHV,scan,Sambhv Steel Tubes Ltd,CAPITAL_RAISE,PROMISING
2026-09-27,NIITMTS,scan,NIIT Learning Systems Ltd,RESTRUCTURING,PROMISING
2026-09-27,ASIANTILES,scan,Asian Granito India Ltd,ACQUISITION,PROMISING
2026-09-27,ANURAS,scan,Anupam Rasayan India Ltd,ACQUISITION,PROMISING
2026-09-27,RITES,scan,RITES Ltd,ORDER_WIN,PROMISING
2026-09-27,GKENERGY,scan,GK Energy Ltd,ORDER_WIN,PROMISING
2026-09-27,TRIDENT,scan,Trident Ltd,ACQUISITION,PROMISING
2026-09-27,PROTEAN,scan,Protean eGov Technologies Ltd,ORDER_WIN,PROMISING
2026-09-27,PICCADIL,scan,Piccadily Agro Industries Ltd,RESTRUCTURING,PROMISING
2026-09-27,SURYAROSNI,scan,Surya Roshni Ltd,ORDER_WIN,PROMISING
2026-09-27,KIRLOSBROS,scan,Kirloskar Brothers Ltd,ORDER_WIN,PROMISING
2026-09-27,MMFL,scan,MM Forgings Ltd,RESTRUCTURING,PROMISING
2026-09-27,SANDHAR,scan,Sandhar Technologies Ltd,ACQUISITION,PROMISING
2026-09-27,GANESHHOU,scan,Ganesh Housing Ltd,RESTRUCTURING,PROMISING
2026-09-27,SMARTWORKS,scan,Smartworks Coworking Spaces Ltd,ACQUISITION,PROMISING
2026-09-27,DEEPINDS,scan,Deep Industries Ltd,ORDER_WIN,PROMISING
2026-09-27,EPIGRAL,scan,Epigral Ltd,ACQUISITION,PROMISING
2026-09-27,SILVERTUC,scan,Silver Touch Technologies Ltd,ORDER_WIN,PROMISING
2026-09-27,VARROC,scan,Varroc Engineering Ltd,ACQUISITION,PROMISING
2026-09-27,BLSE,scan,BLS E-Services Ltd,ACQUISITION,PROMISING
2026-09-27,JKLAKSHMI,scan,JK Lakshmi Cement Ltd,ACQUISITION,PROMISING
2026-09-27,TRIVENI,scan,Triveni Engineering & Industries Ltd,RESTRUCTURING,PROMISING
2026-09-27,SUDARSCHEM,scan,Sudarshan Chemical Industries Ltd,ACQUISITION,PROMISING
2026-09-27,SETL,scan,Standard Engineering Technology Ltd,ACQUISITION,PROMISING
2026-09-27,BBOX,scan,Black Box Ltd,ORDER_WIN,PROMISING
2026-09-27,DATAMATICS,scan,Datamatics Global Services Ltd,ACQUISITION,PROMISING
2026-09-27,SAMHI,scan,Samhi Hotels Ltd,ACQUISITION,PROMISING
2026-09-27,PARKHOSPS,scan,Park Medi World Ltd,ACQUISITION,PROMISING
2026-09-27,RATEGAIN,scan,RateGain Travel Technologies Ltd,DEBT_REDUCTION,PROMISING
2026-09-27,ICRA,scan,ICRA Ltd,ACQUISITION,PROMISING
2026-09-27,TRANSRAILL,scan,Transrail Lighting Ltd,CAPITAL_RAISE,PROMISING
2026-09-27,DBL,scan,Dilip Buildcon Ltd,ORDER_WIN,PROMISING
2026-09-27,ZUARI,scan,Zuari Agro Chemicals Ltd,ORDER_WIN,PROMISING
2026-09-27,ASHOKA,scan,Ashoka Buildcon Ltd,ORDER_WIN,PROMISING
2026-09-27,SOLEX,scan,Solex Energy Ltd,ORDER_WIN,PROMISING
2026-09-27,RPGLIFE,scan,RPG Life Sciences Ltd,ACQUISITION,PROMISING
2026-09-27,RAINBOW,scan,Rainbow Children's Medicare Ltd,ACQUISITION,PROMISING
2026-09-27,RANEHOLDIN,scan,Rane Holdings Ltd,CAPITAL_RAISE,PROMISING
2026-09-27,SWELECTES,scan,Swelect Energy Systems Ltd,ACQUISITION,PROMISING
2026-09-27,VESUVIUS,scan,Vesuvius India Ltd,RESTRUCTURING,PROMISING
2026-09-27,TANLA,scan,Tanla Platforms Ltd,ACQUISITION,PROMISING
2026-09-27,LEMONTREE,scan,Lemon Tree Hotels Ltd,ORDER_WIN,PROMISING
2026-09-27,DODLA,scan,Dodla Dairy Ltd,ACQUISITION,PROMISING
2026-09-27,SHK,scan,S H Kelkar and Company Ltd,RESTRUCTURING,PROMISING
2026-09-27,SIRCA,scan,Sirca Paints India Ltd,CAPITAL_RAISE,PROMISING
2026-09-27,SENORES,scan,Senores Pharmaceuticals Ltd,CAPITAL_RAISE,PROMISING
2026-09-27,HARIOMPIPE,scan,Hariom Pipe Industries Ltd,CAPITAL_RAISE,PROMISING
2026-09-27,AKUMS,scan,Akums Drugs and Pharmaceuticals Ltd,ACQUISITION,PROMISING
2026-09-27,SOMANYCERA,scan,Somany Ceramics Ltd,RESTRUCTURING,PROMISING
2026-09-27,VINCOFE,scan,Vintage Coffee And Beverages Ltd,ORDER_WIN,PROMISING
2026-09-27,SAREGAMA,scan,Saregama India Ltd,ACQUISITION,PROMISING
2026-09-27,VOGL,scan,Vedanta Oil and Gas Ltd,ORDER_WIN,PROMISING
2026-09-27,JAMNAAUTO,scan,Jamna Auto Industries Ltd,ACQUISITION,PROMISING
2026-09-27,HITECH,scan,Hi-Tech Pipes Ltd,CAPITAL_RAISE,PROMISING
2026-09-27,GREAVESCOT,scan,Greaves Cotton Ltd,ACQUISITION,PROMISING
2026-09-27,20MICRONS,scan,20 Microns Ltd,ACQUISITION,PROMISING
2026-09-27,TVSSRICHAK,scan,TVS Srichakra Ltd,ACQUISITION,PROMISING
2026-09-27,WABAG,scan,VA Tech Wabag Ltd,ORDER_WIN,PROMISING
2026-09-27,SGMART,scan,SG Mart Ltd,ACQUISITION,PROMISING
2026-09-27,TIIL,scan,Technocraft Industries (India) Ltd,ACQUISITION,PROMISING
2026-09-27,SOBHA,scan,Sobha Ltd,CAPITAL_RAISE,PROMISING
2026-09-27,PRECWIRE,scan,Precision Wires India Ltd,CAPITAL_RAISE,PROMISING
2026-09-27,WAAREERTL,scan,Waaree Renewable Technologies Ltd,ORDER_WIN,PROMISING
2026-09-27,FLAIR,scan,Flair Writing Industries Ltd,ORDER_WIN,PROMISING
2026-09-27,SHANTIGOLD,scan,Shanti Gold International Ltd,CAPITAL_RAISE,PROMISING
2026-09-27,PNCINFRA,scan,PNC Infratech Ltd,ORDER_WIN,PROMISING
2026-09-27,CYIENT,scan,Cyient Ltd,ACQUISITION,PROMISING
2026-09-27,HARDWYN,scan,Hardwyn India Ltd,ORDER_WIN,PROMISING
2026-09-27,HCG,scan,HealthCare Global Enterprises Ltd,CAPITAL_RAISE,PROMISING
2026-09-27,TINNARUBR,scan,Tinna Rubber and Infrastructure Ltd,ACQUISITION,PROMISING
2026-09-27,LXCHEM,scan,Laxmi Organic Industries Ltd,CAPITAL_RAISE,PROMISING
2026-09-27,AURUM,scan,Aurum PropTech Ltd,CAPITAL_RAISE,PROMISING
2026-09-27,ADFFOODS,scan,Adf Foods Ltd,ACQUISITION,PROMISING
2026-09-27,SIYSIL,scan,Siyaram Silk Mills Ltd,RESTRUCTURING,PROMISING
2026-09-27,KIRLPNU,scan,Kirloskar Pneumatic Company Ltd,ACQUISITION,PROMISING
2026-09-27,JLHL,scan,Jupiter Life Line Hospitals Ltd,ACQUISITION,PROMISING
2026-09-27,ENTERO,scan,Entero Healthcare Solutions Ltd,ACQUISITION,PROMISING
2026-09-27,MOREPENLAB,scan,Morepen Laboratories Ltd,ACQUISITION,PROMISING
2026-09-27,ADVENZYMES,scan,Advanced Enzyme Technologies Ltd,ACQUISITION,PROMISING
2026-09-27,EXCELSOFT,scan,Excelsoft Technologies Ltd,ACQUISITION,PROMISING
2026-09-27,CCAVENUE,scan,AvenuesAI Ltd,CAPITAL_RAISE,PROMISING
2026-09-27,CRIZAC,scan,Crizac Ltd,ACQUISITION,PROMISING
2026-09-27,IXIGO,scan,Le Travenues Technology Ltd,ORDER_WIN,PROMISING
2026-09-27,JKIL,scan,J. Kumar Infraprojects Ltd,ORDER_WIN,PROMISING
2026-09-27,STERTOOLS,scan,Sterling Tools Ltd,ACQUISITION+CAPITAL_RAISE,PROMISING
2026-09-27,KOLTEPATIL,scan,Kolte-Patil Developers Ltd,CAPITAL_RAISE,PROMISING
2026-09-27,BIKAJI,scan,Bikaji Foods International Ltd,ACQUISITION,PROMISING
2026-09-27,JKTYRE,scan,JK Tyre & Industries Ltd,ACQUISITION,PROMISING
2026-09-27,HGINFRA,scan,H.G. Infra Engineering Ltd,ORDER_WIN,PROMISING
2026-09-27,CEINSYS,scan,Ceinsys Tech Ltd,ORDER_WIN,PROMISING
2026-09-27,AVANTEL,scan,Avantel Ltd,ORDER_WIN,PROMISING
2026-09-28,IMFA,scan,Indian Metals & Ferro Alloys Ltd,ACQUISITION,PROMISING
2026-09-28,ZEEL,scan,Zee Entertainment Enterprises Ltd,CAPITAL_RAISE,PROMISING
2026-09-28,PARAS,scan,Paras Defence and Space Technologies Ltd,ORDER_WIN,PROMISING
2026-09-28,JUNIPER,scan,Juniper Hotels Ltd,ACQUISITION,PROMISING
2026-09-28,HAPPSTMNDS,scan,Happiest Minds Technologies Ltd,RESTRUCTURING,PROMISING
2026-09-28,VIYASH,scan,Viyash Scientific Ltd,ACQUISITION,PROMISING
2026-09-28,ACI,scan,Archean Chemical Industries Ltd,ACQUISITION,PROMISING
2026-09-28,ROHLTD,scan,Royal Orchid Hotels Ltd,ORDER_WIN,PROMISING
2026-09-28,RML,scan,Rane (Madras) Ltd,ACQUISITION,PROMISING
2026-09-28,DIAMONDYD,scan,Prataap Snacks Ltd,ACQUISITION,PROMISING
2026-09-28,JAYKAY,scan,Jaykay Enterprises Ltd,CAPITAL_RAISE,PROMISING
2026-09-28,CARYSIL,scan,Carysil Ltd,RESTRUCTURING,PROMISING
2026-09-28,MOL,scan,Meghmani Organics Ltd,RESTRUCTURING,PROMISING
2026-09-28,RKFORGE,scan,Ramkrishna Forgings Ltd,CAPITAL_RAISE,PROMISING
2026-09-28,ORCHPHARMA,scan,Orchid Pharma Ltd,ORDER_WIN,PROMISING
2026-09-28,CENTUM,scan,Centum Electronics Ltd,RESTRUCTURING,PROMISING
2026-09-28,TEAMLEASE,scan,TeamLease Services Ltd,ORDER_WIN,PROMISING
2026-09-28,PENIND,scan,Pennar Industries Ltd,CAPITAL_RAISE,PROMISING
2026-09-28,SIS,scan,SIS Ltd,ACQUISITION,PROMISING
2026-09-28,ARFIN,scan,Arfin India Ltd,ORDER_WIN,PROMISING
2026-09-28,KIRIINDUS,scan,Kiri Industries Ltd,ACQUISITION,PROMISING
2026-09-28,NITINSPIN,scan,Nitin Spinners Ltd,ACQUISITION,PROMISING
2026-09-28,NAVNETEDUL,scan,Navneet Education Ltd,RESTRUCTURING,PROMISING
2026-09-28,NIVABUPA,scan,Niva Bupa Health Insurance Company Ltd,ORDER_WIN,PROMISING
2026-09-28,MAHSEAMLES,scan,Maharashtra Seamless Ltd,RESTRUCTURING,PROMISING
2026-09-28,MHRIL,scan,Mahindra Holidays & Resorts India Ltd,ACQUISITION,PROMISING
2026-09-28,KIRLFER,scan,Kirloskar Ferrous Industries Ltd,ORDER_WIN,PROMISING
2026-09-28,MANINDS,scan,Man Industries (India) Ltd,ORDER_WIN,PROMISING
2026-09-28,SPORTKING,scan,Sportking India Ltd,ACQUISITION,PROMISING
2026-09-28,RAYMOND,scan,Raymond Ltd,CAPITAL_RAISE,PROMISING
2026-09-28,JKPAPER,scan,JK Paper Ltd,ACQUISITION,PROMISING
2026-09-28,SONATSOFTW,scan,Sonata Software Ltd,ORDER_WIN+RESTRUCTURING,PROMISING
2026-09-28,ISGEC,scan,ISGEC Heavy Engineering Ltd,RESTRUCTURING,PROMISING
2026-09-28,DIVGIITTS,scan,DIVGI TORQTRANSFER SYSTEMS Ltd,ACQUISITION,PROMISING
2026-09-28,WENDT,scan,Wendt (India) Ltd,ACQUISITION+CAPITAL_RAISE,PROMISING
2026-09-28,CLEAN,scan,Clean Science and Technology Ltd,ACQUISITION,PROMISING
2026-09-28,MEDIASSIST,scan,Medi Assist Healthcare Services Ltd,ACQUISITION,PROMISING
2026-09-28,TEXRAIL,scan,Texmaco Rail & Engineering Ltd,ACQUISITION,PROMISING
2026-09-28,STANLEY,scan,Stanley Lifestyles Ltd,ORDER_WIN,PROMISING
2026-09-28,POWERMECH,scan,Power Mech Projects Ltd,ORDER_WIN,PROMISING
2026-09-28,GOLDIAM,scan,Goldiam International Ltd,ORDER_WIN,PROMISING
2026-09-28,EPL,scan,EPL Ltd,ACQUISITION,PROMISING
2026-09-28,QPOWER,scan,Quality Power Electrical Equipments Ltd,ORDER_WIN,PROMISING
2026-09-28,HLEGLAS,scan,HLE Glascoat Ltd,ACQUISITION,PROMISING
2026-09-28,KRSNAA,scan,Krsnaa Diagnostics Ltd,CAPITAL_RAISE,PROMISING
2026-09-28,MARSONS,scan,Marsons Ltd,ORDER_WIN,PROMISING
2026-09-28,INDIANHUME,scan,Indian Hume Pipe Company Ltd,ORDER_WIN,PROMISING
2026-09-28,MANORAMA,scan,Manorama Industries Ltd,CAPITAL_RAISE,PROMISING
2026-09-28,SAIPARENT,scan,Sai Parenterals Ltd,ORDER_WIN,PROMISING
2026-09-28,ATLANTAELE,scan,Atlanta Electricals Ltd,ORDER_WIN,PROMISING
2026-09-28,EFCIL,scan,EFC (I) Ltd,ACQUISITION,PROMISING
2026-09-28,ASHIANA,scan,Ashiana Housing Ltd,ORDER_WIN,PROMISING
2026-09-28,SRM,scan,SRM Contractors Ltd,ORDER_WIN,PROMISING
2026-09-28,VIKRAMSOLR,scan,Vikram Solar Ltd,RESTRUCTURING,PROMISING
2026-09-28,GSPCROP,scan,GSP Crop Science Ltd,RESTRUCTURING,PROMISING
2026-09-28,BCLIND,scan,BCL Industries Ltd,ACQUISITION,PROMISING
2026-09-28,UGROCAP,scan,Ugro Capital Ltd,RESTRUCTURING,PROMISING
2026-09-28,HEG,scan,HEG Ltd,RESTRUCTURING,PROMISING
2026-09-28,CEATLTD,scan,Ceat Ltd,ORDER_WIN,PROMISING
2026-09-28,JUBLINGREA,scan,Jubilant Ingrevia Ltd,ACQUISITION,PROMISING
2026-09-28,PRICOLLTD,scan,Pricol Ltd,RESTRUCTURING,PROMISING
2026-09-28,JAGSNPHARM,scan,Jagsonpal Pharmaceuticals Ltd,ACQUISITION,PROMISING
2026-09-28,LUMAXTECH,scan,Lumax Auto Technologies Ltd,ACQUISITION,PROMISING
2026-09-28,ONWARDTEC,scan,Onward Technologies Ltd,ORDER_WIN,PROMISING
2026-09-28,ARIS,scan,ArisInfra Solutions Ltd,RESTRUCTURING,PROMISING
2026-09-28,ARSSBL,scan,Anand Rathi Share And Stock Brokers Ltd,ORDER_WIN,PROMISING
2026-09-28,GUFICBIO,scan,Gufic Biosciences Ltd,ACQUISITION,PROMISING
2026-09-28,SAMBHV,scan,Sambhv Steel Tubes Ltd,CAPITAL_RAISE,PROMISING
2026-09-28,NIITMTS,scan,NIIT Learning Systems Ltd,RESTRUCTURING,PROMISING
2026-09-28,ASIANTILES,scan,Asian Granito India Ltd,ACQUISITION,PROMISING
2026-09-28,ANURAS,scan,Anupam Rasayan India Ltd,ACQUISITION,PROMISING
2026-09-28,RITES,scan,RITES Ltd,ORDER_WIN,PROMISING
2026-09-28,GKENERGY,scan,GK Energy Ltd,ORDER_WIN,PROMISING
2026-09-28,TRIDENT,scan,Trident Ltd,ACQUISITION,PROMISING
2026-09-28,PROTEAN,scan,Protean eGov Technologies Ltd,ORDER_WIN,PROMISING
2026-09-28,PICCADIL,scan,Piccadily Agro Industries Ltd,RESTRUCTURING,PROMISING
2026-09-28,SURYAROSNI,scan,Surya Roshni Ltd,ORDER_WIN,PROMISING
2026-09-28,KIRLOSBROS,scan,Kirloskar Brothers Ltd,ORDER_WIN,PROMISING
2026-09-28,MMFL,scan,MM Forgings Ltd,RESTRUCTURING,PROMISING
2026-09-28,SANDHAR,scan,Sandhar Technologies Ltd,ACQUISITION,PROMISING
2026-09-28,GANESHHOU,scan,Ganesh Housing Ltd,RESTRUCTURING,PROMISING
2026-09-28,SMARTWORKS,scan,Smartworks Coworking Spaces Ltd,ACQUISITION,PROMISING
2026-09-28,DEEPINDS,scan,Deep Industries Ltd,ORDER_WIN,PROMISING
2026-09-28,EPIGRAL,scan,Epigral Ltd,ACQUISITION,PROMISING
2026-09-28,SILVERTUC,scan,Silver Touch Technologies Ltd,ORDER_WIN,PROMISING
2026-09-28,VARROC,scan,Varroc Engineering Ltd,ACQUISITION,PROMISING
2026-09-28,BLSE,scan,BLS E-Services Ltd,ACQUISITION,PROMISING
2026-09-28,JKLAKSHMI,scan,JK Lakshmi Cement Ltd,ACQUISITION,PROMISING
2026-09-28,TRIVENI,scan,Triveni Engineering & Industries Ltd,RESTRUCTURING,PROMISING
2026-09-28,SUDARSCHEM,scan,Sudarshan Chemical Industries Ltd,ACQUISITION,PROMISING
2026-09-28,SETL,scan,Standard Engineering Technology Ltd,ACQUISITION,PROMISING
2026-09-28,BBOX,scan,Black Box Ltd,ORDER_WIN,PROMISING
2026-09-28,DATAMATICS,scan,Datamatics Global Services Ltd,ACQUISITION,PROMISING
2026-09-28,SAMHI,scan,Samhi Hotels Ltd,ACQUISITION,PROMISING
2026-09-28,PARKHOSPS,scan,Park Medi World Ltd,ACQUISITION,PROMISING
2026-09-28,RATEGAIN,scan,RateGain Travel Technologies Ltd,DEBT_REDUCTION,PROMISING
2026-09-28,ICRA,scan,ICRA Ltd,ACQUISITION,PROMISING
2026-09-28,TRANSRAILL,scan,Transrail Lighting Ltd,CAPITAL_RAISE,PROMISING
2026-09-28,DBL,scan,Dilip Buildcon Ltd,ORDER_WIN,PROMISING
2026-09-28,ZUARI,scan,Zuari Agro Chemicals Ltd,ORDER_WIN,PROMISING
2026-09-28,ASHOKA,scan,Ashoka Buildcon Ltd,ORDER_WIN,PROMISING
2026-09-28,SOLEX,scan,Solex Energy Ltd,ORDER_WIN,PROMISING
2026-09-28,RPGLIFE,scan,RPG Life Sciences Ltd,ACQUISITION,PROMISING
2026-09-28,RAINBOW,scan,Rainbow Children's Medicare Ltd,ACQUISITION,PROMISING
2026-09-28,RANEHOLDIN,scan,Rane Holdings Ltd,CAPITAL_RAISE,PROMISING
2026-09-28,SWELECTES,scan,Swelect Energy Systems Ltd,ACQUISITION,PROMISING
2026-09-28,VESUVIUS,scan,Vesuvius India Ltd,RESTRUCTURING,PROMISING
2026-09-28,TANLA,scan,Tanla Platforms Ltd,ACQUISITION,PROMISING
2026-09-28,LEMONTREE,scan,Lemon Tree Hotels Ltd,ORDER_WIN,PROMISING
2026-09-28,DODLA,scan,Dodla Dairy Ltd,ACQUISITION,PROMISING
2026-09-28,SHK,scan,S H Kelkar and Company Ltd,RESTRUCTURING,PROMISING
2026-09-28,SIRCA,scan,Sirca Paints India Ltd,CAPITAL_RAISE,PROMISING
2026-09-28,SENORES,scan,Senores Pharmaceuticals Ltd,CAPITAL_RAISE,PROMISING
2026-09-28,HARIOMPIPE,scan,Hariom Pipe Industries Ltd,CAPITAL_RAISE,PROMISING
2026-09-28,AKUMS,scan,Akums Drugs and Pharmaceuticals Ltd,ACQUISITION,PROMISING
2026-09-28,SOMANYCERA,scan,Somany Ceramics Ltd,RESTRUCTURING,PROMISING
2026-09-28,VINCOFE,scan,Vintage Coffee And Beverages Ltd,ORDER_WIN,PROMISING
2026-09-28,SAREGAMA,scan,Saregama India Ltd,ACQUISITION,PROMISING
2026-09-28,VOGL,scan,Vedanta Oil and Gas Ltd,ORDER_WIN,PROMISING
2026-09-28,JAMNAAUTO,scan,Jamna Auto Industries Ltd,ACQUISITION,PROMISING
2026-09-28,HITECH,scan,Hi-Tech Pipes Ltd,CAPITAL_RAISE,PROMISING
2026-09-28,GREAVESCOT,scan,Greaves Cotton Ltd,ACQUISITION,PROMISING
2026-09-28,20MICRONS,scan,20 Microns Ltd,ACQUISITION,PROMISING
2026-09-28,TVSSRICHAK,scan,TVS Srichakra Ltd,ACQUISITION,PROMISING
2026-09-28,WABAG,scan,VA Tech Wabag Ltd,ORDER_WIN,PROMISING
2026-09-28,SGMART,scan,SG Mart Ltd,ACQUISITION,PROMISING
2026-09-28,TIIL,scan,Technocraft Industries (India) Ltd,ACQUISITION,PROMISING
2026-09-28,SOBHA,scan,Sobha Ltd,CAPITAL_RAISE,PROMISING
2026-09-28,PRECWIRE,scan,Precision Wires India Ltd,CAPITAL_RAISE,PROMISING
2026-09-28,WAAREERTL,scan,Waaree Renewable Technologies Ltd,ORDER_WIN,PROMISING
2026-09-28,FLAIR,scan,Flair Writing Industries Ltd,ORDER_WIN,PROMISING
2026-09-28,SHANTIGOLD,scan,Shanti Gold International Ltd,CAPITAL_RAISE,PROMISING
2026-09-28,PNCINFRA,scan,PNC Infratech Ltd,ORDER_WIN,PROMISING
2026-09-28,CYIENT,scan,Cyient Ltd,ACQUISITION,PROMISING
2026-09-28,HARDWYN,scan,Hardwyn India Ltd,ORDER_WIN,PROMISING
2026-09-28,HCG,scan,HealthCare Global Enterprises Ltd,CAPITAL_RAISE,PROMISING
2026-09-28,TINNARUBR,scan,Tinna Rubber and Infrastructure Ltd,ACQUISITION,PROMISING
2026-09-28,LXCHEM,scan,Laxmi Organic Industries Ltd,CAPITAL_RAISE,PROMISING
2026-09-28,AURUM,scan,Aurum PropTech Ltd,CAPITAL_RAISE,PROMISING
2026-09-28,ADFFOODS,scan,Adf Foods Ltd,ACQUISITION,PROMISING
2026-09-28,SIYSIL,scan,Siyaram Silk Mills Ltd,RESTRUCTURING,PROMISING
2026-09-28,KIRLPNU,scan,Kirloskar Pneumatic Company Ltd,ACQUISITION,PROMISING
2026-09-28,JLHL,scan,Jupiter Life Line Hospitals Ltd,ACQUISITION,PROMISING
2026-09-28,ENTERO,scan,Entero Healthcare Solutions Ltd,ACQUISITION,PROMISING
2026-09-28,MOREPENLAB,scan,Morepen Laboratories Ltd,ACQUISITION,PROMISING
2026-09-28,ADVENZYMES,scan,Advanced Enzyme Technologies Ltd,ACQUISITION,PROMISING
2026-09-28,EXCELSOFT,scan,Excelsoft Technologies Ltd,ACQUISITION,PROMISING
2026-09-28,CCAVENUE,scan,AvenuesAI Ltd,CAPITAL_RAISE,PROMISING
2026-09-28,CRIZAC,scan,Crizac Ltd,ACQUISITION,PROMISING
2026-09-28,IXIGO,scan,Le Travenues Technology Ltd,ORDER_WIN,PROMISING
2026-09-28,JKIL,scan,J. Kumar Infraprojects Ltd,ORDER_WIN,PROMISING
2026-09-28,STERTOOLS,scan,Sterling Tools Ltd,ACQUISITION+CAPITAL_RAISE,PROMISING
2026-09-28,KOLTEPATIL,scan,Kolte-Patil Developers Ltd,CAPITAL_RAISE,PROMISING
2026-09-28,BIKAJI,scan,Bikaji Foods International Ltd,ACQUISITION,PROMISING
2026-09-28,JKTYRE,scan,JK Tyre & Industries Ltd,ACQUISITION,PROMISING
2026-09-28,HGINFRA,scan,H.G. Infra Engineering Ltd,ORDER_WIN,PROMISING
2026-09-28,CEINSYS,scan,Ceinsys Tech Ltd,ORDER_WIN,PROMISING
2026-09-28,AVANTEL,scan,Avantel Ltd,ORDER_WIN,PROMISING
2026-09-28,GENESYS,scan,Genesys International Corporation Ltd,CAPITAL_RAISE,PROMISING
2026-09-29,IMFA,scan,Indian Metals & Ferro Alloys Ltd,ACQUISITION,PROMISING
2026-09-29,ZEEL,scan,Zee Entertainment Enterprises Ltd,CAPITAL_RAISE,PROMISING
2026-09-29,PARAS,scan,Paras Defence and Space Technologies Ltd,ORDER_WIN,PROMISING
2026-09-29,JUNIPER,scan,Juniper Hotels Ltd,ACQUISITION,PROMISING
2026-09-29,HAPPSTMNDS,scan,Happiest Minds Technologies Ltd,RESTRUCTURING,PROMISING
2026-09-29,VIYASH,scan,Viyash Scientific Ltd,ACQUISITION,PROMISING
2026-09-29,ACI,scan,Archean Chemical Industries Ltd,ACQUISITION,PROMISING
2026-09-29,ROHLTD,scan,Royal Orchid Hotels Ltd,ORDER_WIN,PROMISING
2026-09-29,RML,scan,Rane (Madras) Ltd,ACQUISITION,PROMISING
2026-09-29,DIAMONDYD,scan,Prataap Snacks Ltd,ACQUISITION,PROMISING
2026-09-29,JAYKAY,scan,Jaykay Enterprises Ltd,CAPITAL_RAISE,PROMISING
2026-09-29,CARYSIL,scan,Carysil Ltd,RESTRUCTURING,PROMISING
2026-09-29,MOL,scan,Meghmani Organics Ltd,RESTRUCTURING,PROMISING
2026-09-29,RKFORGE,scan,Ramkrishna Forgings Ltd,CAPITAL_RAISE,PROMISING
2026-09-29,ORCHPHARMA,scan,Orchid Pharma Ltd,ORDER_WIN,PROMISING
2026-09-29,CENTUM,scan,Centum Electronics Ltd,RESTRUCTURING,PROMISING
2026-09-29,TEAMLEASE,scan,TeamLease Services Ltd,ORDER_WIN,PROMISING
2026-09-29,PENIND,scan,Pennar Industries Ltd,CAPITAL_RAISE,PROMISING
2026-09-29,SIS,scan,SIS Ltd,ACQUISITION,PROMISING
2026-09-29,ARFIN,scan,Arfin India Ltd,ORDER_WIN,PROMISING
2026-09-29,KIRIINDUS,scan,Kiri Industries Ltd,ACQUISITION,PROMISING
2026-09-29,NITINSPIN,scan,Nitin Spinners Ltd,ACQUISITION,PROMISING
2026-09-29,NAVNETEDUL,scan,Navneet Education Ltd,RESTRUCTURING,PROMISING
2026-09-29,NIVABUPA,scan,Niva Bupa Health Insurance Company Ltd,ORDER_WIN,PROMISING
2026-09-29,MAHSEAMLES,scan,Maharashtra Seamless Ltd,RESTRUCTURING,PROMISING
2026-09-29,MHRIL,scan,Mahindra Holidays & Resorts India Ltd,ACQUISITION,PROMISING
2026-09-29,KIRLFER,scan,Kirloskar Ferrous Industries Ltd,ORDER_WIN,PROMISING
2026-09-29,MANINDS,scan,Man Industries (India) Ltd,ORDER_WIN,PROMISING
2026-09-29,SPORTKING,scan,Sportking India Ltd,ACQUISITION,PROMISING
2026-09-29,RAYMOND,scan,Raymond Ltd,CAPITAL_RAISE,PROMISING
2026-09-29,JKPAPER,scan,JK Paper Ltd,ACQUISITION,PROMISING
2026-09-29,SONATSOFTW,scan,Sonata Software Ltd,ORDER_WIN+RESTRUCTURING,PROMISING
2026-09-29,ISGEC,scan,ISGEC Heavy Engineering Ltd,RESTRUCTURING,PROMISING
2026-09-29,DIVGIITTS,scan,DIVGI TORQTRANSFER SYSTEMS Ltd,ACQUISITION,PROMISING
2026-09-29,WENDT,scan,Wendt (India) Ltd,ACQUISITION+CAPITAL_RAISE,PROMISING
2026-09-29,CLEAN,scan,Clean Science and Technology Ltd,ACQUISITION,PROMISING
2026-09-29,MEDIASSIST,scan,Medi Assist Healthcare Services Ltd,ACQUISITION,PROMISING
2026-09-29,TEXRAIL,scan,Texmaco Rail & Engineering Ltd,ACQUISITION,PROMISING
2026-09-29,STANLEY,scan,Stanley Lifestyles Ltd,ORDER_WIN,PROMISING
2026-09-29,POWERMECH,scan,Power Mech Projects Ltd,ORDER_WIN,PROMISING
2026-09-29,GOLDIAM,scan,Goldiam International Ltd,ORDER_WIN,PROMISING
2026-09-29,EPL,scan,EPL Ltd,ACQUISITION,PROMISING
2026-09-29,QPOWER,scan,Quality Power Electrical Equipments Ltd,ORDER_WIN,PROMISING
2026-09-29,HLEGLAS,scan,HLE Glascoat Ltd,ACQUISITION,PROMISING
2026-09-29,KRSNAA,scan,Krsnaa Diagnostics Ltd,CAPITAL_RAISE,PROMISING
2026-09-29,MARSONS,scan,Marsons Ltd,ORDER_WIN,PROMISING
2026-09-29,INDIANHUME,scan,Indian Hume Pipe Company Ltd,ORDER_WIN,PROMISING
2026-09-29,MANORAMA,scan,Manorama Industries Ltd,CAPITAL_RAISE,PROMISING
2026-09-29,SAIPARENT,scan,Sai Parenterals Ltd,ORDER_WIN,PROMISING
2026-09-29,ATLANTAELE,scan,Atlanta Electricals Ltd,ORDER_WIN,PROMISING
2026-09-29,EFCIL,scan,EFC (I) Ltd,ACQUISITION,PROMISING
2026-09-29,ASHIANA,scan,Ashiana Housing Ltd,ORDER_WIN,PROMISING
2026-09-29,SRM,scan,SRM Contractors Ltd,ORDER_WIN,PROMISING
2026-09-29,VIKRAMSOLR,scan,Vikram Solar Ltd,RESTRUCTURING,PROMISING
2026-09-29,GSPCROP,scan,GSP Crop Science Ltd,RESTRUCTURING,PROMISING
2026-09-29,BCLIND,scan,BCL Industries Ltd,ACQUISITION,PROMISING
2026-09-29,UGROCAP,scan,Ugro Capital Ltd,RESTRUCTURING,PROMISING
2026-09-29,HEG,scan,HEG Ltd,RESTRUCTURING,PROMISING
2026-09-29,CEATLTD,scan,Ceat Ltd,ORDER_WIN,PROMISING
2026-09-29,JUBLINGREA,scan,Jubilant Ingrevia Ltd,ACQUISITION,PROMISING
2026-09-29,PRICOLLTD,scan,Pricol Ltd,RESTRUCTURING,PROMISING
2026-09-29,JAGSNPHARM,scan,Jagsonpal Pharmaceuticals Ltd,ACQUISITION,PROMISING
2026-09-29,LUMAXTECH,scan,Lumax Auto Technologies Ltd,ACQUISITION,PROMISING
2026-09-29,ONWARDTEC,scan,Onward Technologies Ltd,ORDER_WIN,PROMISING
2026-09-29,ARIS,scan,ArisInfra Solutions Ltd,RESTRUCTURING,PROMISING
2026-09-29,ARSSBL,scan,Anand Rathi Share And Stock Brokers Ltd,ORDER_WIN,PROMISING
2026-09-29,GUFICBIO,scan,Gufic Biosciences Ltd,ACQUISITION,PROMISING
2026-09-29,SAMBHV,scan,Sambhv Steel Tubes Ltd,CAPITAL_RAISE,PROMISING
2026-09-29,NIITMTS,scan,NIIT Learning Systems Ltd,RESTRUCTURING,PROMISING
2026-09-29,ASIANTILES,scan,Asian Granito India Ltd,ACQUISITION,PROMISING
2026-09-29,ANURAS,scan,Anupam Rasayan India Ltd,ACQUISITION,PROMISING
2026-09-29,RITES,scan,RITES Ltd,ORDER_WIN,PROMISING
2026-09-29,GKENERGY,scan,GK Energy Ltd,ORDER_WIN,PROMISING
2026-09-29,TRIDENT,scan,Trident Ltd,ACQUISITION,PROMISING
2026-09-29,PROTEAN,scan,Protean eGov Technologies Ltd,ORDER_WIN,PROMISING
2026-09-29,PICCADIL,scan,Piccadily Agro Industries Ltd,RESTRUCTURING,PROMISING
2026-09-29,SURYAROSNI,scan,Surya Roshni Ltd,ORDER_WIN,PROMISING
2026-09-29,KIRLOSBROS,scan,Kirloskar Brothers Ltd,ORDER_WIN,PROMISING
2026-09-29,MMFL,scan,MM Forgings Ltd,RESTRUCTURING,PROMISING
2026-09-29,SANDHAR,scan,Sandhar Technologies Ltd,ACQUISITION,PROMISING
2026-09-29,GANESHHOU,scan,Ganesh Housing Ltd,RESTRUCTURING,PROMISING
2026-09-29,SMARTWORKS,scan,Smartworks Coworking Spaces Ltd,ACQUISITION,PROMISING
2026-09-29,DEEPINDS,scan,Deep Industries Ltd,ORDER_WIN,PROMISING
2026-09-29,EPIGRAL,scan,Epigral Ltd,ACQUISITION,PROMISING
2026-09-29,SILVERTUC,scan,Silver Touch Technologies Ltd,ORDER_WIN,PROMISING
2026-09-29,VARROC,scan,Varroc Engineering Ltd,ACQUISITION,PROMISING
2026-09-29,BLSE,scan,BLS E-Services Ltd,ACQUISITION,PROMISING
2026-09-29,JKLAKSHMI,scan,JK Lakshmi Cement Ltd,ACQUISITION,PROMISING
2026-09-29,TRIVENI,scan,Triveni Engineering & Industries Ltd,RESTRUCTURING,PROMISING
2026-09-29,SUDARSCHEM,scan,Sudarshan Chemical Industries Ltd,ACQUISITION,PROMISING
2026-09-29,SETL,scan,Standard Engineering Technology Ltd,ACQUISITION,PROMISING
2026-09-29,BBOX,scan,Black Box Ltd,ORDER_WIN,PROMISING
2026-09-29,DATAMATICS,scan,Datamatics Global Services Ltd,ACQUISITION,PROMISING
2026-09-29,SAMHI,scan,Samhi Hotels Ltd,ACQUISITION,PROMISING
2026-09-29,PARKHOSPS,scan,Park Medi World Ltd,ACQUISITION,PROMISING
2026-09-29,RATEGAIN,scan,RateGain Travel Technologies Ltd,DEBT_REDUCTION,PROMISING
2026-09-29,ICRA,scan,ICRA Ltd,ACQUISITION,PROMISING
2026-09-29,TRANSRAILL,scan,Transrail Lighting Ltd,CAPITAL_RAISE,PROMISING
2026-09-29,DBL,scan,Dilip Buildcon Ltd,ORDER_WIN,PROMISING
2026-09-29,ZUARI,scan,Zuari Agro Chemicals Ltd,ORDER_WIN,PROMISING
2026-09-29,ASHOKA,scan,Ashoka Buildcon Ltd,ORDER_WIN,PROMISING
2026-09-29,SOLEX,scan,Solex Energy Ltd,ORDER_WIN,PROMISING
2026-09-29,RPGLIFE,scan,RPG Life Sciences Ltd,ACQUISITION,PROMISING
2026-09-29,RAINBOW,scan,Rainbow Children's Medicare Ltd,ACQUISITION,PROMISING
2026-09-29,RANEHOLDIN,scan,Rane Holdings Ltd,CAPITAL_RAISE,PROMISING
2026-09-29,SWELECTES,scan,Swelect Energy Systems Ltd,ACQUISITION,PROMISING
2026-09-29,VESUVIUS,scan,Vesuvius India Ltd,RESTRUCTURING,PROMISING
2026-09-29,TANLA,scan,Tanla Platforms Ltd,ACQUISITION,PROMISING
2026-09-29,LEMONTREE,scan,Lemon Tree Hotels Ltd,ORDER_WIN,PROMISING
2026-09-29,DODLA,scan,Dodla Dairy Ltd,ACQUISITION,PROMISING
2026-09-29,SHK,scan,S H Kelkar and Company Ltd,RESTRUCTURING,PROMISING
2026-09-29,SIRCA,scan,Sirca Paints India Ltd,CAPITAL_RAISE,PROMISING
2026-09-29,SENORES,scan,Senores Pharmaceuticals Ltd,CAPITAL_RAISE,PROMISING
2026-09-29,HARIOMPIPE,scan,Hariom Pipe Industries Ltd,CAPITAL_RAISE,PROMISING
2026-09-29,AKUMS,scan,Akums Drugs and Pharmaceuticals Ltd,ACQUISITION,PROMISING
2026-09-29,SOMANYCERA,scan,Somany Ceramics Ltd,RESTRUCTURING,PROMISING
2026-09-29,VINCOFE,scan,Vintage Coffee And Beverages Ltd,ORDER_WIN,PROMISING
2026-09-29,SAREGAMA,scan,Saregama India Ltd,ACQUISITION,PROMISING
2026-09-29,VOGL,scan,Vedanta Oil and Gas Ltd,ORDER_WIN,PROMISING
2026-09-29,JAMNAAUTO,scan,Jamna Auto Industries Ltd,ACQUISITION,PROMISING
2026-09-29,HITECH,scan,Hi-Tech Pipes Ltd,CAPITAL_RAISE,PROMISING
2026-09-29,GREAVESCOT,scan,Greaves Cotton Ltd,ACQUISITION,PROMISING
2026-09-29,20MICRONS,scan,20 Microns Ltd,ACQUISITION,PROMISING
2026-09-29,TVSSRICHAK,scan,TVS Srichakra Ltd,ACQUISITION,PROMISING
2026-09-29,WABAG,scan,VA Tech Wabag Ltd,ORDER_WIN,PROMISING
2026-09-29,SGMART,scan,SG Mart Ltd,ACQUISITION,PROMISING
2026-09-29,TIIL,scan,Technocraft Industries (India) Ltd,ACQUISITION,PROMISING
2026-09-29,SOBHA,scan,Sobha Ltd,CAPITAL_RAISE,PROMISING
2026-09-29,WAAREERTL,scan,Waaree Renewable Technologies Ltd,ORDER_WIN,PROMISING
2026-09-29,PRECWIRE,scan,Precision Wires India Ltd,CAPITAL_RAISE,PROMISING
2026-09-29,FLAIR,scan,Flair Writing Industries Ltd,ORDER_WIN,PROMISING
2026-09-29,SHANTIGOLD,scan,Shanti Gold International Ltd,CAPITAL_RAISE,PROMISING
2026-09-29,CRIZAC,scan,Crizac Ltd,ACQUISITION,PROMISING
2026-09-29,CYIENT,scan,Cyient Ltd,ACQUISITION,PROMISING
2026-09-29,PNCINFRA,scan,PNC Infratech Ltd,ORDER_WIN,PROMISING
2026-09-29,HARDWYN,scan,Hardwyn India Ltd,ORDER_WIN,PROMISING
2026-09-29,TINNARUBR,scan,Tinna Rubber and Infrastructure Ltd,ACQUISITION,PROMISING
2026-09-29,LXCHEM,scan,Laxmi Organic Industries Ltd,CAPITAL_RAISE,PROMISING
2026-09-29,AURUM,scan,Aurum PropTech Ltd,CAPITAL_RAISE,PROMISING
2026-09-29,ADFFOODS,scan,Adf Foods Ltd,ACQUISITION,PROMISING
2026-09-29,SIYSIL,scan,Siyaram Silk Mills Ltd,RESTRUCTURING,PROMISING
2026-09-29,KIRLPNU,scan,Kirloskar Pneumatic Company Ltd,ACQUISITION,PROMISING
2026-09-29,JLHL,scan,Jupiter Life Line Hospitals Ltd,ACQUISITION,PROMISING
2026-09-29,ENTERO,scan,Entero Healthcare Solutions Ltd,ACQUISITION,PROMISING
2026-09-29,MOREPENLAB,scan,Morepen Laboratories Ltd,ACQUISITION,PROMISING
2026-09-29,ADVENZYMES,scan,Advanced Enzyme Technologies Ltd,ACQUISITION,PROMISING
2026-09-29,EXCELSOFT,scan,Excelsoft Technologies Ltd,ACQUISITION,PROMISING
2026-09-29,GENESYS,scan,Genesys International Corporation Ltd,CAPITAL_RAISE,PROMISING
2026-09-29,CCAVENUE,scan,AvenuesAI Ltd,CAPITAL_RAISE,PROMISING
2026-09-29,IXIGO,scan,Le Travenues Technology Ltd,ORDER_WIN,PROMISING
2026-09-29,JKIL,scan,J. Kumar Infraprojects Ltd,ORDER_WIN,PROMISING
2026-09-29,HCG,scan,HealthCare Global Enterprises Ltd,CAPITAL_RAISE,PROMISING
2026-09-29,KOLTEPATIL,scan,Kolte-Patil Developers Ltd,CAPITAL_RAISE,PROMISING
2026-09-29,BIKAJI,scan,Bikaji Foods International Ltd,ACQUISITION,PROMISING
2026-09-29,JKTYRE,scan,JK Tyre & Industries Ltd,ACQUISITION,PROMISING
2026-09-29,HGINFRA,scan,H.G. Infra Engineering Ltd,ORDER_WIN,PROMISING
2026-09-29,CEINSYS,scan,Ceinsys Tech Ltd,ORDER_WIN,PROMISING
2026-09-29,AVANTEL,scan,Avantel Ltd,ORDER_WIN,PROMISING
2026-09-29,STERTOOLS,scan,Sterling Tools Ltd,ACQUISITION+CAPITAL_RAISE,PROMISING
2026-09-30,IMFA,scan,Indian Metals & Ferro Alloys Ltd,ACQUISITION,PROMISING
2026-09-30,ZEEL,scan,Zee Entertainment Enterprises Ltd,CAPITAL_RAISE,PROMISING
2026-09-30,PARAS,scan,Paras Defence and Space Technologies Ltd,ORDER_WIN,PROMISING
2026-09-30,JUNIPER,scan,Juniper Hotels Ltd,ACQUISITION,PROMISING
2026-09-30,HAPPSTMNDS,scan,Happiest Minds Technologies Ltd,RESTRUCTURING,PROMISING
2026-09-30,VIYASH,scan,Viyash Scientific Ltd,ACQUISITION,PROMISING
2026-09-30,ACI,scan,Archean Chemical Industries Ltd,ACQUISITION,PROMISING
2026-09-30,ROHLTD,scan,Royal Orchid Hotels Ltd,ORDER_WIN,PROMISING
2026-09-30,RML,scan,Rane (Madras) Ltd,ACQUISITION,PROMISING
2026-09-30,DIAMONDYD,scan,Prataap Snacks Ltd,ACQUISITION,PROMISING
2026-09-30,JAYKAY,scan,Jaykay Enterprises Ltd,CAPITAL_RAISE,PROMISING
2026-09-30,CARYSIL,scan,Carysil Ltd,RESTRUCTURING,PROMISING
2026-09-30,MOL,scan,Meghmani Organics Ltd,RESTRUCTURING,PROMISING
2026-09-30,RKFORGE,scan,Ramkrishna Forgings Ltd,CAPITAL_RAISE,PROMISING
2026-09-30,ORCHPHARMA,scan,Orchid Pharma Ltd,ORDER_WIN,PROMISING
2026-09-30,CENTUM,scan,Centum Electronics Ltd,RESTRUCTURING,PROMISING
2026-09-30,TEAMLEASE,scan,TeamLease Services Ltd,ORDER_WIN,PROMISING
2026-09-30,PENIND,scan,Pennar Industries Ltd,CAPITAL_RAISE,PROMISING
2026-09-30,SIS,scan,SIS Ltd,ACQUISITION,PROMISING
2026-09-30,ARFIN,scan,Arfin India Ltd,ORDER_WIN,PROMISING
2026-09-30,KIRIINDUS,scan,Kiri Industries Ltd,ACQUISITION,PROMISING
2026-09-30,NITINSPIN,scan,Nitin Spinners Ltd,ACQUISITION,PROMISING
2026-09-30,NAVNETEDUL,scan,Navneet Education Ltd,RESTRUCTURING,PROMISING
2026-09-30,NIVABUPA,scan,Niva Bupa Health Insurance Company Ltd,ORDER_WIN,PROMISING
2026-09-30,MAHSEAMLES,scan,Maharashtra Seamless Ltd,RESTRUCTURING,PROMISING
2026-09-30,MHRIL,scan,Mahindra Holidays & Resorts India Ltd,ACQUISITION,PROMISING
2026-09-30,KIRLFER,scan,Kirloskar Ferrous Industries Ltd,ORDER_WIN,PROMISING
2026-09-30,MANINDS,scan,Man Industries (India) Ltd,ORDER_WIN,PROMISING
2026-09-30,SPORTKING,scan,Sportking India Ltd,ACQUISITION,PROMISING
2026-09-30,RAYMOND,scan,Raymond Ltd,CAPITAL_RAISE,PROMISING
2026-09-30,JKPAPER,scan,JK Paper Ltd,ACQUISITION,PROMISING
2026-09-30,SONATSOFTW,scan,Sonata Software Ltd,ORDER_WIN+RESTRUCTURING,PROMISING
2026-09-30,ISGEC,scan,ISGEC Heavy Engineering Ltd,RESTRUCTURING,PROMISING
2026-09-30,DIVGIITTS,scan,DIVGI TORQTRANSFER SYSTEMS Ltd,ACQUISITION,PROMISING
2026-09-30,WENDT,scan,Wendt (India) Ltd,ACQUISITION+CAPITAL_RAISE,PROMISING
2026-09-30,CLEAN,scan,Clean Science and Technology Ltd,ACQUISITION,PROMISING
2026-09-30,MEDIASSIST,scan,Medi Assist Healthcare Services Ltd,ACQUISITION,PROMISING
2026-09-30,TEXRAIL,scan,Texmaco Rail & Engineering Ltd,ACQUISITION,PROMISING
2026-09-30,STANLEY,scan,Stanley Lifestyles Ltd,ORDER_WIN,PROMISING
2026-09-30,POWERMECH,scan,Power Mech Projects Ltd,ORDER_WIN,PROMISING
2026-09-30,GOLDIAM,scan,Goldiam International Ltd,ORDER_WIN,PROMISING
2026-09-30,EPL,scan,EPL Ltd,ACQUISITION,PROMISING
2026-09-30,QPOWER,scan,Quality Power Electrical Equipments Ltd,ORDER_WIN,PROMISING
2026-09-30,HLEGLAS,scan,HLE Glascoat Ltd,ACQUISITION,PROMISING
2026-09-30,KRSNAA,scan,Krsnaa Diagnostics Ltd,CAPITAL_RAISE,PROMISING
2026-09-30,MARSONS,scan,Marsons Ltd,ORDER_WIN,PROMISING
2026-09-30,INDIANHUME,scan,Indian Hume Pipe Company Ltd,ORDER_WIN,PROMISING
2026-09-30,MANORAMA,scan,Manorama Industries Ltd,CAPITAL_RAISE,PROMISING
2026-09-30,SAIPARENT,scan,Sai Parenterals Ltd,ORDER_WIN,PROMISING
2026-09-30,ATLANTAELE,scan,Atlanta Electricals Ltd,ORDER_WIN,PROMISING
2026-09-30,EFCIL,scan,EFC (I) Ltd,ACQUISITION,PROMISING
2026-09-30,ASHIANA,scan,Ashiana Housing Ltd,ORDER_WIN,PROMISING
2026-09-30,SRM,scan,SRM Contractors Ltd,ORDER_WIN,PROMISING
2026-09-30,VIKRAMSOLR,scan,Vikram Solar Ltd,RESTRUCTURING,PROMISING
2026-09-30,GSPCROP,scan,GSP Crop Science Ltd,RESTRUCTURING,PROMISING
2026-09-30,BCLIND,scan,BCL Industries Ltd,ACQUISITION,PROMISING
2026-09-30,UGROCAP,scan,Ugro Capital Ltd,RESTRUCTURING,PROMISING
2026-09-30,HEG,scan,HEG Ltd,RESTRUCTURING,PROMISING
2026-09-30,CEATLTD,scan,Ceat Ltd,ORDER_WIN,PROMISING
2026-09-30,JUBLINGREA,scan,Jubilant Ingrevia Ltd,ACQUISITION,PROMISING
2026-09-30,PRICOLLTD,scan,Pricol Ltd,RESTRUCTURING,PROMISING
2026-09-30,JAGSNPHARM,scan,Jagsonpal Pharmaceuticals Ltd,ACQUISITION,PROMISING
2026-09-30,LUMAXTECH,scan,Lumax Auto Technologies Ltd,ACQUISITION,PROMISING
2026-09-30,ONWARDTEC,scan,Onward Technologies Ltd,ORDER_WIN,PROMISING
2026-09-30,ARIS,scan,ArisInfra Solutions Ltd,RESTRUCTURING,PROMISING
2026-09-30,ARSSBL,scan,Anand Rathi Share And Stock Brokers Ltd,ORDER_WIN,PROMISING
2026-09-30,GUFICBIO,scan,Gufic Biosciences Ltd,ACQUISITION,PROMISING
2026-09-30,SAMBHV,scan,Sambhv Steel Tubes Ltd,CAPITAL_RAISE,PROMISING
2026-09-30,NIITMTS,scan,NIIT Learning Systems Ltd,RESTRUCTURING,PROMISING
2026-09-30,ASIANTILES,scan,Asian Granito India Ltd,ACQUISITION,PROMISING
2026-09-30,ANURAS,scan,Anupam Rasayan India Ltd,ACQUISITION,PROMISING
2026-09-30,RITES,scan,RITES Ltd,ORDER_WIN,PROMISING
2026-09-30,GKENERGY,scan,GK Energy Ltd,ORDER_WIN,PROMISING
2026-09-30,TRIDENT,scan,Trident Ltd,ACQUISITION,PROMISING
2026-09-30,PROTEAN,scan,Protean eGov Technologies Ltd,ORDER_WIN,PROMISING
2026-09-30,PICCADIL,scan,Piccadily Agro Industries Ltd,RESTRUCTURING,PROMISING
2026-09-30,SURYAROSNI,scan,Surya Roshni Ltd,ORDER_WIN,PROMISING
2026-09-30,KIRLOSBROS,scan,Kirloskar Brothers Ltd,ORDER_WIN,PROMISING
2026-09-30,MMFL,scan,MM Forgings Ltd,RESTRUCTURING,PROMISING
2026-09-30,SANDHAR,scan,Sandhar Technologies Ltd,ACQUISITION,PROMISING
2026-09-30,GANESHHOU,scan,Ganesh Housing Ltd,RESTRUCTURING,PROMISING
2026-09-30,SMARTWORKS,scan,Smartworks Coworking Spaces Ltd,ACQUISITION,PROMISING
2026-09-30,DEEPINDS,scan,Deep Industries Ltd,ORDER_WIN,PROMISING
2026-09-30,EPIGRAL,scan,Epigral Ltd,ACQUISITION,PROMISING
2026-09-30,SILVERTUC,scan,Silver Touch Technologies Ltd,ORDER_WIN,PROMISING
2026-09-30,VARROC,scan,Varroc Engineering Ltd,ACQUISITION,PROMISING
2026-09-30,BLSE,scan,BLS E-Services Ltd,ACQUISITION,PROMISING
2026-09-30,JKLAKSHMI,scan,JK Lakshmi Cement Ltd,ACQUISITION,PROMISING
2026-09-30,TRIVENI,scan,Triveni Engineering & Industries Ltd,RESTRUCTURING,PROMISING
2026-09-30,SUDARSCHEM,scan,Sudarshan Chemical Industries Ltd,ACQUISITION,PROMISING
2026-09-30,SETL,scan,Standard Engineering Technology Ltd,ACQUISITION,PROMISING
2026-09-30,BBOX,scan,Black Box Ltd,ORDER_WIN,PROMISING
2026-09-30,DATAMATICS,scan,Datamatics Global Services Ltd,ACQUISITION,PROMISING
2026-09-30,SAMHI,scan,Samhi Hotels Ltd,ACQUISITION,PROMISING
2026-09-30,PARKHOSPS,scan,Park Medi World Ltd,ACQUISITION,PROMISING
2026-09-30,RATEGAIN,scan,RateGain Travel Technologies Ltd,DEBT_REDUCTION,PROMISING
2026-09-30,ICRA,scan,ICRA Ltd,ACQUISITION,PROMISING
2026-09-30,TRANSRAILL,scan,Transrail Lighting Ltd,CAPITAL_RAISE,PROMISING
2026-09-30,DBL,scan,Dilip Buildcon Ltd,ORDER_WIN,PROMISING
2026-09-30,ZUARI,scan,Zuari Agro Chemicals Ltd,ORDER_WIN,PROMISING
2026-09-30,ASHOKA,scan,Ashoka Buildcon Ltd,ORDER_WIN,PROMISING
2026-09-30,SOLEX,scan,Solex Energy Ltd,ORDER_WIN,PROMISING
2026-09-30,RPGLIFE,scan,RPG Life Sciences Ltd,ACQUISITION,PROMISING
2026-09-30,RAINBOW,scan,Rainbow Children's Medicare Ltd,ACQUISITION,PROMISING
2026-09-30,RANEHOLDIN,scan,Rane Holdings Ltd,CAPITAL_RAISE,PROMISING
2026-09-30,SWELECTES,scan,Swelect Energy Systems Ltd,ACQUISITION,PROMISING
2026-09-30,VESUVIUS,scan,Vesuvius India Ltd,RESTRUCTURING,PROMISING
2026-09-30,TANLA,scan,Tanla Platforms Ltd,ACQUISITION,PROMISING
2026-09-30,LEMONTREE,scan,Lemon Tree Hotels Ltd,ORDER_WIN,PROMISING
2026-09-30,DODLA,scan,Dodla Dairy Ltd,ACQUISITION,PROMISING
2026-09-30,SHK,scan,S H Kelkar and Company Ltd,RESTRUCTURING,PROMISING
2026-09-30,SIRCA,scan,Sirca Paints India Ltd,CAPITAL_RAISE,PROMISING
2026-09-30,SENORES,scan,Senores Pharmaceuticals Ltd,CAPITAL_RAISE,PROMISING
2026-09-30,HARIOMPIPE,scan,Hariom Pipe Industries Ltd,CAPITAL_RAISE,PROMISING
2026-09-30,AKUMS,scan,Akums Drugs and Pharmaceuticals Ltd,ACQUISITION,PROMISING
2026-09-30,SOMANYCERA,scan,Somany Ceramics Ltd,RESTRUCTURING,PROMISING
2026-09-30,VINCOFE,scan,Vintage Coffee And Beverages Ltd,ORDER_WIN,PROMISING
2026-09-30,SAREGAMA,scan,Saregama India Ltd,ACQUISITION,PROMISING
2026-09-30,VOGL,scan,Vedanta Oil and Gas Ltd,ORDER_WIN,PROMISING
2026-09-30,JAMNAAUTO,scan,Jamna Auto Industries Ltd,ACQUISITION,PROMISING
2026-09-30,HITECH,scan,Hi-Tech Pipes Ltd,CAPITAL_RAISE,PROMISING
2026-09-30,GREAVESCOT,scan,Greaves Cotton Ltd,ACQUISITION,PROMISING
2026-09-30,20MICRONS,scan,20 Microns Ltd,ACQUISITION,PROMISING
2026-09-30,TVSSRICHAK,scan,TVS Srichakra Ltd,ACQUISITION,PROMISING
2026-09-30,WABAG,scan,VA Tech Wabag Ltd,ORDER_WIN,PROMISING
2026-09-30,SGMART,scan,SG Mart Ltd,ACQUISITION,PROMISING
2026-09-30,TIIL,scan,Technocraft Industries (India) Ltd,ACQUISITION,PROMISING
2026-09-30,SOBHA,scan,Sobha Ltd,CAPITAL_RAISE,PROMISING
2026-09-30,WAAREERTL,scan,Waaree Renewable Technologies Ltd,ORDER_WIN,PROMISING
2026-09-30,PRECWIRE,scan,Precision Wires India Ltd,CAPITAL_RAISE,PROMISING
2026-09-30,FLAIR,scan,Flair Writing Industries Ltd,ORDER_WIN,PROMISING
2026-09-30,SHANTIGOLD,scan,Shanti Gold International Ltd,CAPITAL_RAISE,PROMISING
2026-09-30,CRIZAC,scan,Crizac Ltd,ACQUISITION,PROMISING
2026-09-30,CYIENT,scan,Cyient Ltd,ACQUISITION,PROMISING
2026-09-30,PNCINFRA,scan,PNC Infratech Ltd,ORDER_WIN,PROMISING
2026-09-30,HARDWYN,scan,Hardwyn India Ltd,ORDER_WIN,PROMISING
2026-09-30,TINNARUBR,scan,Tinna Rubber and Infrastructure Ltd,ACQUISITION,PROMISING
2026-09-30,LXCHEM,scan,Laxmi Organic Industries Ltd,CAPITAL_RAISE,PROMISING
2026-09-30,AURUM,scan,Aurum PropTech Ltd,CAPITAL_RAISE,PROMISING
2026-09-30,ADFFOODS,scan,Adf Foods Ltd,ACQUISITION,PROMISING
2026-09-30,SIYSIL,scan,Siyaram Silk Mills Ltd,RESTRUCTURING,PROMISING
2026-09-30,KIRLPNU,scan,Kirloskar Pneumatic Company Ltd,ACQUISITION,PROMISING
2026-09-30,JLHL,scan,Jupiter Life Line Hospitals Ltd,ACQUISITION,PROMISING
2026-09-30,ENTERO,scan,Entero Healthcare Solutions Ltd,ACQUISITION,PROMISING
2026-09-30,MOREPENLAB,scan,Morepen Laboratories Ltd,ACQUISITION,PROMISING
2026-09-30,ADVENZYMES,scan,Advanced Enzyme Technologies Ltd,ACQUISITION,PROMISING
2026-09-30,EXCELSOFT,scan,Excelsoft Technologies Ltd,ACQUISITION,PROMISING
2026-09-30,GENESYS,scan,Genesys International Corporation Ltd,CAPITAL_RAISE,PROMISING
2026-09-30,CCAVENUE,scan,AvenuesAI Ltd,CAPITAL_RAISE,PROMISING
2026-09-30,IXIGO,scan,Le Travenues Technology Ltd,ORDER_WIN,PROMISING
2026-09-30,JKIL,scan,J. Kumar Infraprojects Ltd,ORDER_WIN,PROMISING
2026-09-30,HCG,scan,HealthCare Global Enterprises Ltd,CAPITAL_RAISE,PROMISING
2026-09-30,KOLTEPATIL,scan,Kolte-Patil Developers Ltd,CAPITAL_RAISE,PROMISING
2026-09-30,BIKAJI,scan,Bikaji Foods International Ltd,ACQUISITION,PROMISING
2026-09-30,JKTYRE,scan,JK Tyre & Industries Ltd,ACQUISITION,PROMISING
2026-09-30,HGINFRA,scan,H.G. Infra Engineering Ltd,ORDER_WIN,PROMISING
2026-09-30,CEINSYS,scan,Ceinsys Tech Ltd,ORDER_WIN,PROMISING
2026-09-30,AVANTEL,scan,Avantel Ltd,ORDER_WIN,PROMISING
2026-09-30,STERTOOLS,scan,Sterling Tools Ltd,ACQUISITION+CAPITAL_RAISE,PROMISING
2026-10-01,IMFA,scan,Indian Metals & Ferro Alloys Ltd,ACQUISITION,PROMISING
2026-10-01,ZEEL,scan,Zee Entertainment Enterprises Ltd,CAPITAL_RAISE,PROMISING
2026-10-01,PARAS,scan,Paras Defence and Space Technologies Ltd,ORDER_WIN,PROMISING
2026-10-01,JUNIPER,scan,Juniper Hotels Ltd,ACQUISITION,PROMISING
2026-10-01,HAPPSTMNDS,scan,Happiest Minds Technologies Ltd,RESTRUCTURING,PROMISING
2026-10-01,VIYASH,scan,Viyash Scientific Ltd,ACQUISITION,PROMISING
2026-10-01,ACI,scan,Archean Chemical Industries Ltd,ACQUISITION,PROMISING
2026-10-01,ROHLTD,scan,Royal Orchid Hotels Ltd,ORDER_WIN,PROMISING
2026-10-01,RML,scan,Rane (Madras) Ltd,ACQUISITION,PROMISING
2026-10-01,DIAMONDYD,scan,Prataap Snacks Ltd,ACQUISITION,PROMISING
2026-10-01,JAYKAY,scan,Jaykay Enterprises Ltd,CAPITAL_RAISE,PROMISING
2026-10-01,CARYSIL,scan,Carysil Ltd,RESTRUCTURING,PROMISING
2026-10-01,MOL,scan,Meghmani Organics Ltd,RESTRUCTURING,PROMISING
2026-10-01,RKFORGE,scan,Ramkrishna Forgings Ltd,CAPITAL_RAISE,PROMISING
2026-10-01,ORCHPHARMA,scan,Orchid Pharma Ltd,ORDER_WIN,PROMISING
2026-10-01,CENTUM,scan,Centum Electronics Ltd,RESTRUCTURING,PROMISING
2026-10-01,TEAMLEASE,scan,TeamLease Services Ltd,ORDER_WIN,PROMISING
2026-10-01,PENIND,scan,Pennar Industries Ltd,CAPITAL_RAISE,PROMISING
2026-10-01,SIS,scan,SIS Ltd,ACQUISITION,PROMISING
2026-10-01,ARFIN,scan,Arfin India Ltd,ORDER_WIN,PROMISING
2026-10-01,KIRIINDUS,scan,Kiri Industries Ltd,ACQUISITION,PROMISING
2026-10-01,NITINSPIN,scan,Nitin Spinners Ltd,ACQUISITION,PROMISING
2026-10-01,NAVNETEDUL,scan,Navneet Education Ltd,RESTRUCTURING,PROMISING
2026-10-01,NIVABUPA,scan,Niva Bupa Health Insurance Company Ltd,ORDER_WIN,PROMISING
2026-10-01,MAHSEAMLES,scan,Maharashtra Seamless Ltd,RESTRUCTURING,PROMISING
2026-10-01,MHRIL,scan,Mahindra Holidays & Resorts India Ltd,ACQUISITION,PROMISING
2026-10-01,KIRLFER,scan,Kirloskar Ferrous Industries Ltd,ORDER_WIN,PROMISING
2026-10-01,MANINDS,scan,Man Industries (India) Ltd,ORDER_WIN,PROMISING
2026-10-01,SPORTKING,scan,Sportking India Ltd,ACQUISITION,PROMISING
2026-10-01,RAYMOND,scan,Raymond Ltd,CAPITAL_RAISE,PROMISING
2026-10-01,JKPAPER,scan,JK Paper Ltd,ACQUISITION,PROMISING
2026-10-01,SONATSOFTW,scan,Sonata Software Ltd,ORDER_WIN+RESTRUCTURING,PROMISING
2026-10-01,ISGEC,scan,ISGEC Heavy Engineering Ltd,RESTRUCTURING,PROMISING
2026-10-01,DIVGIITTS,scan,DIVGI TORQTRANSFER SYSTEMS Ltd,ACQUISITION,PROMISING
2026-10-01,WENDT,scan,Wendt (India) Ltd,ACQUISITION+CAPITAL_RAISE,PROMISING
2026-10-01,CLEAN,scan,Clean Science and Technology Ltd,ACQUISITION,PROMISING
2026-10-01,MEDIASSIST,scan,Medi Assist Healthcare Services Ltd,ACQUISITION,PROMISING
2026-10-01,TEXRAIL,scan,Texmaco Rail & Engineering Ltd,ACQUISITION,PROMISING
2026-10-01,STANLEY,scan,Stanley Lifestyles Ltd,ORDER_WIN,PROMISING
2026-10-01,POWERMECH,scan,Power Mech Projects Ltd,ORDER_WIN,PROMISING
2026-10-01,GOLDIAM,scan,Goldiam International Ltd,ORDER_WIN,PROMISING
2026-10-01,EPL,scan,EPL Ltd,ACQUISITION,PROMISING
2026-10-01,QPOWER,scan,Quality Power Electrical Equipments Ltd,ORDER_WIN,PROMISING
2026-10-01,HLEGLAS,scan,HLE Glascoat Ltd,ACQUISITION,PROMISING
2026-10-01,KRSNAA,scan,Krsnaa Diagnostics Ltd,CAPITAL_RAISE,PROMISING
2026-10-01,MARSONS,scan,Marsons Ltd,ORDER_WIN,PROMISING
2026-10-01,INDIANHUME,scan,Indian Hume Pipe Company Ltd,ORDER_WIN,PROMISING
2026-10-01,MANORAMA,scan,Manorama Industries Ltd,CAPITAL_RAISE,PROMISING
2026-10-01,SAIPARENT,scan,Sai Parenterals Ltd,ORDER_WIN,PROMISING
2026-10-01,ATLANTAELE,scan,Atlanta Electricals Ltd,ORDER_WIN,PROMISING
2026-10-01,EFCIL,scan,EFC (I) Ltd,ACQUISITION,PROMISING
2026-10-01,ASHIANA,scan,Ashiana Housing Ltd,ORDER_WIN,PROMISING
2026-10-01,SRM,scan,SRM Contractors Ltd,ORDER_WIN,PROMISING
2026-10-01,VIKRAMSOLR,scan,Vikram Solar Ltd,RESTRUCTURING,PROMISING
2026-10-01,GSPCROP,scan,GSP Crop Science Ltd,RESTRUCTURING,PROMISING
2026-10-01,BCLIND,scan,BCL Industries Ltd,ACQUISITION,PROMISING
2026-10-01,UGROCAP,scan,Ugro Capital Ltd,RESTRUCTURING,PROMISING
2026-10-01,HEG,scan,HEG Ltd,RESTRUCTURING,PROMISING
2026-10-01,CEATLTD,scan,Ceat Ltd,ORDER_WIN,PROMISING
2026-10-01,JUBLINGREA,scan,Jubilant Ingrevia Ltd,ACQUISITION,PROMISING
2026-10-01,PRICOLLTD,scan,Pricol Ltd,RESTRUCTURING,PROMISING
2026-10-01,JAGSNPHARM,scan,Jagsonpal Pharmaceuticals Ltd,ACQUISITION,PROMISING
2026-10-01,LUMAXTECH,scan,Lumax Auto Technologies Ltd,ACQUISITION,PROMISING
2026-10-01,ONWARDTEC,scan,Onward Technologies Ltd,ORDER_WIN,PROMISING
2026-10-01,ARIS,scan,ArisInfra Solutions Ltd,RESTRUCTURING,PROMISING
2026-10-01,ARSSBL,scan,Anand Rathi Share And Stock Brokers Ltd,ORDER_WIN,PROMISING
2026-10-01,GUFICBIO,scan,Gufic Biosciences Ltd,ACQUISITION,PROMISING
2026-10-01,SAMBHV,scan,Sambhv Steel Tubes Ltd,CAPITAL_RAISE,PROMISING
2026-10-01,NIITMTS,scan,NIIT Learning Systems Ltd,RESTRUCTURING,PROMISING
2026-10-01,ASIANTILES,scan,Asian Granito India Ltd,ACQUISITION,PROMISING
2026-10-01,ANURAS,scan,Anupam Rasayan India Ltd,ACQUISITION,PROMISING
2026-10-01,RITES,scan,RITES Ltd,ORDER_WIN,PROMISING
2026-10-01,GKENERGY,scan,GK Energy Ltd,ORDER_WIN,PROMISING
2026-10-01,TRIDENT,scan,Trident Ltd,ACQUISITION,PROMISING
2026-10-01,PROTEAN,scan,Protean eGov Technologies Ltd,ORDER_WIN,PROMISING
2026-10-01,PICCADIL,scan,Piccadily Agro Industries Ltd,RESTRUCTURING,PROMISING
2026-10-01,SURYAROSNI,scan,Surya Roshni Ltd,ORDER_WIN,PROMISING
2026-10-01,KIRLOSBROS,scan,Kirloskar Brothers Ltd,ORDER_WIN,PROMISING
2026-10-01,MMFL,scan,MM Forgings Ltd,RESTRUCTURING,PROMISING
2026-10-01,SANDHAR,scan,Sandhar Technologies Ltd,ACQUISITION,PROMISING
2026-10-01,GANESHHOU,scan,Ganesh Housing Ltd,RESTRUCTURING,PROMISING
2026-10-01,SMARTWORKS,scan,Smartworks Coworking Spaces Ltd,ACQUISITION,PROMISING
2026-10-01,DEEPINDS,scan,Deep Industries Ltd,ORDER_WIN,PROMISING
2026-10-01,EPIGRAL,scan,Epigral Ltd,ACQUISITION,PROMISING
2026-10-01,SILVERTUC,scan,Silver Touch Technologies Ltd,ORDER_WIN,PROMISING
2026-10-01,VARROC,scan,Varroc Engineering Ltd,ACQUISITION,PROMISING
2026-10-01,BLSE,scan,BLS E-Services Ltd,ACQUISITION,PROMISING
2026-10-01,JKLAKSHMI,scan,JK Lakshmi Cement Ltd,ACQUISITION,PROMISING
2026-10-01,TRIVENI,scan,Triveni Engineering & Industries Ltd,RESTRUCTURING,PROMISING
2026-10-01,SUDARSCHEM,scan,Sudarshan Chemical Industries Ltd,ACQUISITION,PROMISING
2026-10-01,SETL,scan,Standard Engineering Technology Ltd,ACQUISITION,PROMISING
2026-10-01,BBOX,scan,Black Box Ltd,ORDER_WIN,PROMISING
2026-10-01,DATAMATICS,scan,Datamatics Global Services Ltd,ACQUISITION,PROMISING
2026-10-01,SAMHI,scan,Samhi Hotels Ltd,ACQUISITION,PROMISING
2026-10-01,PARKHOSPS,scan,Park Medi World Ltd,ACQUISITION,PROMISING
2026-10-01,RATEGAIN,scan,RateGain Travel Technologies Ltd,DEBT_REDUCTION,PROMISING
2026-10-01,ICRA,scan,ICRA Ltd,ACQUISITION,PROMISING
2026-10-01,TRANSRAILL,scan,Transrail Lighting Ltd,CAPITAL_RAISE,PROMISING
2026-10-01,DBL,scan,Dilip Buildcon Ltd,ORDER_WIN,PROMISING
2026-10-01,ZUARI,scan,Zuari Agro Chemicals Ltd,ORDER_WIN,PROMISING
2026-10-01,ASHOKA,scan,Ashoka Buildcon Ltd,ORDER_WIN,PROMISING
2026-10-01,SOLEX,scan,Solex Energy Ltd,ORDER_WIN,PROMISING
2026-10-01,RPGLIFE,scan,RPG Life Sciences Ltd,ACQUISITION,PROMISING
2026-10-01,RAINBOW,scan,Rainbow Children's Medicare Ltd,ACQUISITION,PROMISING
2026-10-01,RANEHOLDIN,scan,Rane Holdings Ltd,CAPITAL_RAISE,PROMISING
2026-10-01,SWELECTES,scan,Swelect Energy Systems Ltd,ACQUISITION,PROMISING
2026-10-01,VESUVIUS,scan,Vesuvius India Ltd,RESTRUCTURING,PROMISING
2026-10-01,TANLA,scan,Tanla Platforms Ltd,ACQUISITION,PROMISING
2026-10-01,LEMONTREE,scan,Lemon Tree Hotels Ltd,ORDER_WIN,PROMISING
2026-10-01,DODLA,scan,Dodla Dairy Ltd,ACQUISITION,PROMISING
2026-10-01,SHK,scan,S H Kelkar and Company Ltd,RESTRUCTURING,PROMISING
2026-10-01,SIRCA,scan,Sirca Paints India Ltd,CAPITAL_RAISE,PROMISING
2026-10-01,SENORES,scan,Senores Pharmaceuticals Ltd,CAPITAL_RAISE,PROMISING
2026-10-01,HARIOMPIPE,scan,Hariom Pipe Industries Ltd,CAPITAL_RAISE,PROMISING
2026-10-01,AKUMS,scan,Akums Drugs and Pharmaceuticals Ltd,ACQUISITION,PROMISING
2026-10-01,SOMANYCERA,scan,Somany Ceramics Ltd,RESTRUCTURING,PROMISING
2026-10-01,VINCOFE,scan,Vintage Coffee And Beverages Ltd,ORDER_WIN,PROMISING
2026-10-01,SAREGAMA,scan,Saregama India Ltd,ACQUISITION,PROMISING
2026-10-01,VOGL,scan,Vedanta Oil and Gas Ltd,ORDER_WIN,PROMISING
2026-10-01,JAMNAAUTO,scan,Jamna Auto Industries Ltd,ACQUISITION,PROMISING
2026-10-01,HITECH,scan,Hi-Tech Pipes Ltd,CAPITAL_RAISE,PROMISING
2026-10-01,GREAVESCOT,scan,Greaves Cotton Ltd,ACQUISITION,PROMISING
2026-10-01,20MICRONS,scan,20 Microns Ltd,ACQUISITION,PROMISING
2026-10-01,TVSSRICHAK,scan,TVS Srichakra Ltd,ACQUISITION,PROMISING
2026-10-01,WABAG,scan,VA Tech Wabag Ltd,ORDER_WIN,PROMISING
2026-10-01,SGMART,scan,SG Mart Ltd,ACQUISITION,PROMISING
2026-10-01,TIIL,scan,Technocraft Industries (India) Ltd,ACQUISITION,PROMISING
2026-10-01,SOBHA,scan,Sobha Ltd,CAPITAL_RAISE,PROMISING
2026-10-01,WAAREERTL,scan,Waaree Renewable Technologies Ltd,ORDER_WIN,PROMISING
2026-10-01,PRECWIRE,scan,Precision Wires India Ltd,CAPITAL_RAISE,PROMISING
2026-10-01,FLAIR,scan,Flair Writing Industries Ltd,ORDER_WIN,PROMISING
2026-10-01,SHANTIGOLD,scan,Shanti Gold International Ltd,CAPITAL_RAISE,PROMISING
2026-10-01,CRIZAC,scan,Crizac Ltd,ACQUISITION,PROMISING
2026-10-01,CYIENT,scan,Cyient Ltd,ACQUISITION,PROMISING
2026-10-01,PNCINFRA,scan,PNC Infratech Ltd,ORDER_WIN,PROMISING
2026-10-01,HARDWYN,scan,Hardwyn India Ltd,ORDER_WIN,PROMISING
2026-10-01,TINNARUBR,scan,Tinna Rubber and Infrastructure Ltd,ACQUISITION,PROMISING
2026-10-01,LXCHEM,scan,Laxmi Organic Industries Ltd,CAPITAL_RAISE,PROMISING
2026-10-01,AURUM,scan,Aurum PropTech Ltd,CAPITAL_RAISE,PROMISING
2026-10-01,ADFFOODS,scan,Adf Foods Ltd,ACQUISITION,PROMISING
2026-10-01,SIYSIL,scan,Siyaram Silk Mills Ltd,RESTRUCTURING,PROMISING
2026-10-01,KIRLPNU,scan,Kirloskar Pneumatic Company Ltd,ACQUISITION,PROMISING
2026-10-01,JLHL,scan,Jupiter Life Line Hospitals Ltd,ACQUISITION,PROMISING
2026-10-01,ENTERO,scan,Entero Healthcare Solutions Ltd,ACQUISITION,PROMISING
2026-10-01,MOREPENLAB,scan,Morepen Laboratories Ltd,ACQUISITION,PROMISING
2026-10-01,ADVENZYMES,scan,Advanced Enzyme Technologies Ltd,ACQUISITION,PROMISING
2026-10-01,EXCELSOFT,scan,Excelsoft Technologies Ltd,ACQUISITION,PROMISING
2026-10-01,GENESYS,scan,Genesys International Corporation Ltd,CAPITAL_RAISE,PROMISING
2026-10-01,CCAVENUE,scan,AvenuesAI Ltd,CAPITAL_RAISE,PROMISING
2026-10-01,IXIGO,scan,Le Travenues Technology Ltd,ORDER_WIN,PROMISING
2026-10-01,JKIL,scan,J. Kumar Infraprojects Ltd,ORDER_WIN,PROMISING
2026-10-01,HCG,scan,HealthCare Global Enterprises Ltd,CAPITAL_RAISE,PROMISING
2026-10-01,KOLTEPATIL,scan,Kolte-Patil Developers Ltd,CAPITAL_RAISE,PROMISING
2026-10-01,BIKAJI,scan,Bikaji Foods International Ltd,ACQUISITION,PROMISING
2026-10-01,JKTYRE,scan,JK Tyre & Industries Ltd,ACQUISITION,PROMISING
2026-10-01,HGINFRA,scan,H.G. Infra Engineering Ltd,ORDER_WIN,PROMISING
2026-10-01,CEINSYS,scan,Ceinsys Tech Ltd,ORDER_WIN,PROMISING
2026-10-01,AVANTEL,scan,Avantel Ltd,ORDER_WIN,PROMISING
2026-10-01,STERTOOLS,scan,Sterling Tools Ltd,ACQUISITION+CAPITAL_RAISE,PROMISING
2026-10-03,IMFA,scan,Indian Metals & Ferro Alloys Ltd,ACQUISITION,PROMISING
2026-10-03,ZEEL,scan,Zee Entertainment Enterprises Ltd,CAPITAL_RAISE,PROMISING
2026-10-03,PARAS,scan,Paras Defence and Space Technologies Ltd,ORDER_WIN,PROMISING
2026-10-03,JUNIPER,scan,Juniper Hotels Ltd,ACQUISITION,PROMISING
2026-10-03,HAPPSTMNDS,scan,Happiest Minds Technologies Ltd,RESTRUCTURING,PROMISING
2026-10-03,VIYASH,scan,Viyash Scientific Ltd,ACQUISITION,PROMISING
2026-10-03,ACI,scan,Archean Chemical Industries Ltd,ACQUISITION,PROMISING
2026-10-03,ROHLTD,scan,Royal Orchid Hotels Ltd,ORDER_WIN,PROMISING
2026-10-03,RML,scan,Rane (Madras) Ltd,ACQUISITION,PROMISING
2026-10-03,DIAMONDYD,scan,Prataap Snacks Ltd,ACQUISITION,PROMISING
2026-10-03,JAYKAY,scan,Jaykay Enterprises Ltd,CAPITAL_RAISE,PROMISING
2026-10-03,CARYSIL,scan,Carysil Ltd,RESTRUCTURING,PROMISING
2026-10-03,MOL,scan,Meghmani Organics Ltd,RESTRUCTURING,PROMISING
2026-10-03,RKFORGE,scan,Ramkrishna Forgings Ltd,CAPITAL_RAISE,PROMISING
2026-10-03,ORCHPHARMA,scan,Orchid Pharma Ltd,ORDER_WIN,PROMISING
2026-10-03,CENTUM,scan,Centum Electronics Ltd,RESTRUCTURING,PROMISING
2026-10-03,TEAMLEASE,scan,TeamLease Services Ltd,ORDER_WIN,PROMISING
2026-10-03,PENIND,scan,Pennar Industries Ltd,CAPITAL_RAISE,PROMISING
2026-10-03,SIS,scan,SIS Ltd,ACQUISITION,PROMISING
2026-10-03,ARFIN,scan,Arfin India Ltd,ORDER_WIN,PROMISING
2026-10-03,KIRIINDUS,scan,Kiri Industries Ltd,ACQUISITION,PROMISING
2026-10-03,NITINSPIN,scan,Nitin Spinners Ltd,ACQUISITION,PROMISING
2026-10-03,NAVNETEDUL,scan,Navneet Education Ltd,RESTRUCTURING,PROMISING
2026-10-03,NIVABUPA,scan,Niva Bupa Health Insurance Company Ltd,ORDER_WIN,PROMISING
2026-10-03,MAHSEAMLES,scan,Maharashtra Seamless Ltd,RESTRUCTURING,PROMISING
2026-10-03,MHRIL,scan,Mahindra Holidays & Resorts India Ltd,ACQUISITION,PROMISING
2026-10-03,KIRLFER,scan,Kirloskar Ferrous Industries Ltd,ORDER_WIN,PROMISING
2026-10-03,MANINDS,scan,Man Industries (India) Ltd,ORDER_WIN,PROMISING
2026-10-03,SPORTKING,scan,Sportking India Ltd,ACQUISITION,PROMISING
2026-10-03,RAYMOND,scan,Raymond Ltd,CAPITAL_RAISE,PROMISING
2026-10-03,JKPAPER,scan,JK Paper Ltd,ACQUISITION,PROMISING
2026-10-03,SONATSOFTW,scan,Sonata Software Ltd,ORDER_WIN+RESTRUCTURING,PROMISING
2026-10-03,ISGEC,scan,ISGEC Heavy Engineering Ltd,RESTRUCTURING,PROMISING
2026-10-03,DIVGIITTS,scan,DIVGI TORQTRANSFER SYSTEMS Ltd,ACQUISITION,PROMISING
2026-10-03,WENDT,scan,Wendt (India) Ltd,ACQUISITION+CAPITAL_RAISE,PROMISING
2026-10-03,CLEAN,scan,Clean Science and Technology Ltd,ACQUISITION,PROMISING
2026-10-03,MEDIASSIST,scan,Medi Assist Healthcare Services Ltd,ACQUISITION,PROMISING
2026-10-03,TEXRAIL,scan,Texmaco Rail & Engineering Ltd,ACQUISITION,PROMISING
2026-10-03,STANLEY,scan,Stanley Lifestyles Ltd,ORDER_WIN,PROMISING
2026-10-03,POWERMECH,scan,Power Mech Projects Ltd,ORDER_WIN,PROMISING
2026-10-03,GOLDIAM,scan,Goldiam International Ltd,ORDER_WIN,PROMISING
2026-10-03,EPL,scan,EPL Ltd,ACQUISITION,PROMISING
2026-10-03,QPOWER,scan,Quality Power Electrical Equipments Ltd,ORDER_WIN,PROMISING
2026-10-03,HLEGLAS,scan,HLE Glascoat Ltd,ACQUISITION,PROMISING
2026-10-03,KRSNAA,scan,Krsnaa Diagnostics Ltd,CAPITAL_RAISE,PROMISING
2026-10-03,MARSONS,scan,Marsons Ltd,ORDER_WIN,PROMISING
2026-10-03,INDIANHUME,scan,Indian Hume Pipe Company Ltd,ORDER_WIN,PROMISING
2026-10-03,MANORAMA,scan,Manorama Industries Ltd,CAPITAL_RAISE,PROMISING
2026-10-03,SAIPARENT,scan,Sai Parenterals Ltd,ORDER_WIN,PROMISING
2026-10-03,ATLANTAELE,scan,Atlanta Electricals Ltd,ORDER_WIN,PROMISING
2026-10-03,EFCIL,scan,EFC (I) Ltd,ACQUISITION,PROMISING
2026-10-03,ASHIANA,scan,Ashiana Housing Ltd,ORDER_WIN,PROMISING
2026-10-03,SRM,scan,SRM Contractors Ltd,ORDER_WIN,PROMISING
2026-10-03,VIKRAMSOLR,scan,Vikram Solar Ltd,RESTRUCTURING,PROMISING
2026-10-03,GSPCROP,scan,GSP Crop Science Ltd,RESTRUCTURING,PROMISING
2026-10-03,BCLIND,scan,BCL Industries Ltd,ACQUISITION,PROMISING
2026-10-03,UGROCAP,scan,Ugro Capital Ltd,RESTRUCTURING,PROMISING
2026-10-03,HEG,scan,HEG Ltd,RESTRUCTURING,PROMISING
2026-10-03,CEATLTD,scan,Ceat Ltd,ORDER_WIN,PROMISING
2026-10-03,JUBLINGREA,scan,Jubilant Ingrevia Ltd,ACQUISITION,PROMISING
2026-10-03,PRICOLLTD,scan,Pricol Ltd,RESTRUCTURING,PROMISING
2026-10-03,JAGSNPHARM,scan,Jagsonpal Pharmaceuticals Ltd,ACQUISITION,PROMISING
2026-10-03,LUMAXTECH,scan,Lumax Auto Technologies Ltd,ACQUISITION,PROMISING
2026-10-03,ONWARDTEC,scan,Onward Technologies Ltd,ORDER_WIN,PROMISING
2026-10-03,ARIS,scan,ArisInfra Solutions Ltd,RESTRUCTURING,PROMISING
2026-10-03,ARSSBL,scan,Anand Rathi Share And Stock Brokers Ltd,ORDER_WIN,PROMISING
2026-10-03,GUFICBIO,scan,Gufic Biosciences Ltd,ACQUISITION,PROMISING
2026-10-03,SAMBHV,scan,Sambhv Steel Tubes Ltd,CAPITAL_RAISE,PROMISING
2026-10-03,NIITMTS,scan,NIIT Learning Systems Ltd,RESTRUCTURING,PROMISING
2026-10-03,ASIANTILES,scan,Asian Granito India Ltd,ACQUISITION,PROMISING
2026-10-03,ANURAS,scan,Anupam Rasayan India Ltd,ACQUISITION,PROMISING
2026-10-03,RITES,scan,RITES Ltd,ORDER_WIN,PROMISING
2026-10-03,GKENERGY,scan,GK Energy Ltd,ORDER_WIN,PROMISING
2026-10-03,TRIDENT,scan,Trident Ltd,ACQUISITION,PROMISING
2026-10-03,PROTEAN,scan,Protean eGov Technologies Ltd,ORDER_WIN,PROMISING
2026-10-03,PICCADIL,scan,Piccadily Agro Industries Ltd,RESTRUCTURING,PROMISING
2026-10-03,SURYAROSNI,scan,Surya Roshni Ltd,ORDER_WIN,PROMISING
2026-10-03,KIRLOSBROS,scan,Kirloskar Brothers Ltd,ORDER_WIN,PROMISING
2026-10-03,MMFL,scan,MM Forgings Ltd,RESTRUCTURING,PROMISING
2026-10-03,SANDHAR,scan,Sandhar Technologies Ltd,ACQUISITION,PROMISING
2026-10-03,GANESHHOU,scan,Ganesh Housing Ltd,RESTRUCTURING,PROMISING
2026-10-03,SMARTWORKS,scan,Smartworks Coworking Spaces Ltd,ACQUISITION,PROMISING
2026-10-03,DEEPINDS,scan,Deep Industries Ltd,ORDER_WIN,PROMISING
2026-10-03,EPIGRAL,scan,Epigral Ltd,ACQUISITION,PROMISING
2026-10-03,SILVERTUC,scan,Silver Touch Technologies Ltd,ORDER_WIN,PROMISING
2026-10-03,VARROC,scan,Varroc Engineering Ltd,ACQUISITION,PROMISING
2026-10-03,BLSE,scan,BLS E-Services Ltd,ACQUISITION,PROMISING
2026-10-03,JKLAKSHMI,scan,JK Lakshmi Cement Ltd,ACQUISITION,PROMISING
2026-10-03,TRIVENI,scan,Triveni Engineering & Industries Ltd,RESTRUCTURING,PROMISING
2026-10-03,SUDARSCHEM,scan,Sudarshan Chemical Industries Ltd,ACQUISITION,PROMISING
2026-10-03,SETL,scan,Standard Engineering Technology Ltd,ACQUISITION,PROMISING
2026-10-03,BBOX,scan,Black Box Ltd,ORDER_WIN,PROMISING
2026-10-03,DATAMATICS,scan,Datamatics Global Services Ltd,ACQUISITION,PROMISING
2026-10-03,SAMHI,scan,Samhi Hotels Ltd,ACQUISITION,PROMISING
2026-10-03,PARKHOSPS,scan,Park Medi World Ltd,ACQUISITION,PROMISING
2026-10-03,RATEGAIN,scan,RateGain Travel Technologies Ltd,DEBT_REDUCTION,PROMISING
2026-10-03,ICRA,scan,ICRA Ltd,ACQUISITION,PROMISING
2026-10-03,TRANSRAILL,scan,Transrail Lighting Ltd,CAPITAL_RAISE,PROMISING
2026-10-03,DBL,scan,Dilip Buildcon Ltd,ORDER_WIN,PROMISING
2026-10-03,ZUARI,scan,Zuari Agro Chemicals Ltd,ORDER_WIN,PROMISING
2026-10-03,ASHOKA,scan,Ashoka Buildcon Ltd,ORDER_WIN,PROMISING
2026-10-03,SOLEX,scan,Solex Energy Ltd,ORDER_WIN,PROMISING
2026-10-03,RPGLIFE,scan,RPG Life Sciences Ltd,ACQUISITION,PROMISING
2026-10-03,RAINBOW,scan,Rainbow Children's Medicare Ltd,ACQUISITION,PROMISING
2026-10-03,RANEHOLDIN,scan,Rane Holdings Ltd,CAPITAL_RAISE,PROMISING
2026-10-03,SWELECTES,scan,Swelect Energy Systems Ltd,ACQUISITION,PROMISING
2026-10-03,VESUVIUS,scan,Vesuvius India Ltd,RESTRUCTURING,PROMISING
2026-10-03,TANLA,scan,Tanla Platforms Ltd,ACQUISITION,PROMISING
2026-10-03,LEMONTREE,scan,Lemon Tree Hotels Ltd,ORDER_WIN,PROMISING
2026-10-03,DODLA,scan,Dodla Dairy Ltd,ACQUISITION,PROMISING
2026-10-03,SHK,scan,S H Kelkar and Company Ltd,RESTRUCTURING,PROMISING
2026-10-03,SIRCA,scan,Sirca Paints India Ltd,CAPITAL_RAISE,PROMISING
2026-10-03,SENORES,scan,Senores Pharmaceuticals Ltd,CAPITAL_RAISE,PROMISING
2026-10-03,HARIOMPIPE,scan,Hariom Pipe Industries Ltd,CAPITAL_RAISE,PROMISING
2026-10-03,AKUMS,scan,Akums Drugs and Pharmaceuticals Ltd,ACQUISITION,PROMISING
2026-10-03,SOMANYCERA,scan,Somany Ceramics Ltd,RESTRUCTURING,PROMISING
2026-10-03,VINCOFE,scan,Vintage Coffee And Beverages Ltd,ORDER_WIN,PROMISING
2026-10-03,SAREGAMA,scan,Saregama India Ltd,ACQUISITION,PROMISING
2026-10-03,VOGL,scan,Vedanta Oil and Gas Ltd,ORDER_WIN,PROMISING
2026-10-03,JAMNAAUTO,scan,Jamna Auto Industries Ltd,ACQUISITION,PROMISING
2026-10-03,HITECH,scan,Hi-Tech Pipes Ltd,CAPITAL_RAISE,PROMISING
2026-10-03,GREAVESCOT,scan,Greaves Cotton Ltd,ACQUISITION,PROMISING
2026-10-03,20MICRONS,scan,20 Microns Ltd,ACQUISITION,PROMISING
2026-10-03,TVSSRICHAK,scan,TVS Srichakra Ltd,ACQUISITION,PROMISING
2026-10-03,WABAG,scan,VA Tech Wabag Ltd,ORDER_WIN,PROMISING
2026-10-03,SGMART,scan,SG Mart Ltd,ACQUISITION,PROMISING
2026-10-03,TIIL,scan,Technocraft Industries (India) Ltd,ACQUISITION,PROMISING
2026-10-03,SOBHA,scan,Sobha Ltd,CAPITAL_RAISE,PROMISING
2026-10-03,WAAREERTL,scan,Waaree Renewable Technologies Ltd,ORDER_WIN,PROMISING
2026-10-03,PRECWIRE,scan,Precision Wires India Ltd,CAPITAL_RAISE,PROMISING
2026-10-03,FLAIR,scan,Flair Writing Industries Ltd,ORDER_WIN,PROMISING
2026-10-03,SHANTIGOLD,scan,Shanti Gold International Ltd,CAPITAL_RAISE,PROMISING
2026-10-03,CRIZAC,scan,Crizac Ltd,ACQUISITION,PROMISING
2026-10-03,CYIENT,scan,Cyient Ltd,ACQUISITION,PROMISING
2026-10-03,PNCINFRA,scan,PNC Infratech Ltd,ORDER_WIN,PROMISING
2026-10-03,HARDWYN,scan,Hardwyn India Ltd,ORDER_WIN,PROMISING
2026-10-03,TINNARUBR,scan,Tinna Rubber and Infrastructure Ltd,ACQUISITION,PROMISING
2026-10-03,LXCHEM,scan,Laxmi Organic Industries Ltd,CAPITAL_RAISE,PROMISING
2026-10-03,AURUM,scan,Aurum PropTech Ltd,CAPITAL_RAISE,PROMISING
2026-10-03,ADFFOODS,scan,Adf Foods Ltd,ACQUISITION,PROMISING
2026-10-03,SIYSIL,scan,Siyaram Silk Mills Ltd,RESTRUCTURING,PROMISING
2026-10-03,KIRLPNU,scan,Kirloskar Pneumatic Company Ltd,ACQUISITION,PROMISING
2026-10-03,JLHL,scan,Jupiter Life Line Hospitals Ltd,ACQUISITION,PROMISING
2026-10-03,ENTERO,scan,Entero Healthcare Solutions Ltd,ACQUISITION,PROMISING
2026-10-03,MOREPENLAB,scan,Morepen Laboratories Ltd,ACQUISITION,PROMISING
2026-10-03,ADVENZYMES,scan,Advanced Enzyme Technologies Ltd,ACQUISITION,PROMISING
2026-10-03,EXCELSOFT,scan,Excelsoft Technologies Ltd,ACQUISITION,PROMISING
2026-10-03,GENESYS,scan,Genesys International Corporation Ltd,CAPITAL_RAISE,PROMISING
2026-10-03,CCAVENUE,scan,AvenuesAI Ltd,CAPITAL_RAISE,PROMISING
2026-10-03,IXIGO,scan,Le Travenues Technology Ltd,ORDER_WIN,PROMISING
2026-10-03,JKIL,scan,J. Kumar Infraprojects Ltd,ORDER_WIN,PROMISING
2026-10-03,HCG,scan,HealthCare Global Enterprises Ltd,CAPITAL_RAISE,PROMISING
2026-10-03,KOLTEPATIL,scan,Kolte-Patil Developers Ltd,CAPITAL_RAISE,PROMISING
2026-10-03,BIKAJI,scan,Bikaji Foods International Ltd,ACQUISITION,PROMISING
2026-10-03,JKTYRE,scan,JK Tyre & Industries Ltd,ACQUISITION,PROMISING
2026-10-03,HGINFRA,scan,H.G. Infra Engineering Ltd,ORDER_WIN,PROMISING
2026-10-03,CEINSYS,scan,Ceinsys Tech Ltd,ORDER_WIN,PROMISING
2026-10-03,AVANTEL,scan,Avantel Ltd,ORDER_WIN,PROMISING
2026-10-03,STERTOOLS,scan,Sterling Tools Ltd,ACQUISITION+CAPITAL_RAISE,PROMISING
2026-10-04,IMFA,scan,Indian Metals & Ferro Alloys Ltd,ACQUISITION,PROMISING
2026-10-04,ZEEL,scan,Zee Entertainment Enterprises Ltd,CAPITAL_RAISE,PROMISING
2026-10-04,PARAS,scan,Paras Defence and Space Technologies Ltd,ORDER_WIN,PROMISING
2026-10-04,JUNIPER,scan,Juniper Hotels Ltd,ACQUISITION,PROMISING
2026-10-04,HAPPSTMNDS,scan,Happiest Minds Technologies Ltd,RESTRUCTURING,PROMISING
2026-10-04,VIYASH,scan,Viyash Scientific Ltd,ACQUISITION,PROMISING
2026-10-04,ACI,scan,Archean Chemical Industries Ltd,ACQUISITION,PROMISING
2026-10-04,ROHLTD,scan,Royal Orchid Hotels Ltd,ORDER_WIN,PROMISING
2026-10-04,RML,scan,Rane (Madras) Ltd,ACQUISITION,PROMISING
2026-10-04,DIAMONDYD,scan,Prataap Snacks Ltd,ACQUISITION,PROMISING
2026-10-04,JAYKAY,scan,Jaykay Enterprises Ltd,CAPITAL_RAISE,PROMISING
2026-10-04,CARYSIL,scan,Carysil Ltd,RESTRUCTURING,PROMISING
2026-10-04,MOL,scan,Meghmani Organics Ltd,RESTRUCTURING,PROMISING
2026-10-04,RKFORGE,scan,Ramkrishna Forgings Ltd,CAPITAL_RAISE,PROMISING
2026-10-04,ORCHPHARMA,scan,Orchid Pharma Ltd,ORDER_WIN,PROMISING
2026-10-04,CENTUM,scan,Centum Electronics Ltd,RESTRUCTURING,PROMISING
2026-10-04,TEAMLEASE,scan,TeamLease Services Ltd,ORDER_WIN,PROMISING
2026-10-04,PENIND,scan,Pennar Industries Ltd,CAPITAL_RAISE,PROMISING
2026-10-04,SIS,scan,SIS Ltd,ACQUISITION,PROMISING
2026-10-04,ARFIN,scan,Arfin India Ltd,ORDER_WIN,PROMISING
2026-10-04,KIRIINDUS,scan,Kiri Industries Ltd,ACQUISITION,PROMISING
2026-10-04,NITINSPIN,scan,Nitin Spinners Ltd,ACQUISITION,PROMISING
2026-10-04,NAVNETEDUL,scan,Navneet Education Ltd,RESTRUCTURING,PROMISING
2026-10-04,NIVABUPA,scan,Niva Bupa Health Insurance Company Ltd,ORDER_WIN,PROMISING
2026-10-04,MAHSEAMLES,scan,Maharashtra Seamless Ltd,RESTRUCTURING,PROMISING
2026-10-04,MHRIL,scan,Mahindra Holidays & Resorts India Ltd,ACQUISITION,PROMISING
2026-10-04,KIRLFER,scan,Kirloskar Ferrous Industries Ltd,ORDER_WIN,PROMISING
2026-10-04,MANINDS,scan,Man Industries (India) Ltd,ORDER_WIN,PROMISING
2026-10-04,SPORTKING,scan,Sportking India Ltd,ACQUISITION,PROMISING
2026-10-04,RAYMOND,scan,Raymond Ltd,CAPITAL_RAISE,PROMISING
2026-10-04,JKPAPER,scan,JK Paper Ltd,ACQUISITION,PROMISING
2026-10-04,SONATSOFTW,scan,Sonata Software Ltd,ORDER_WIN+RESTRUCTURING,PROMISING
2026-10-04,ISGEC,scan,ISGEC Heavy Engineering Ltd,RESTRUCTURING,PROMISING
2026-10-04,DIVGIITTS,scan,DIVGI TORQTRANSFER SYSTEMS Ltd,ACQUISITION,PROMISING
2026-10-04,WENDT,scan,Wendt (India) Ltd,ACQUISITION+CAPITAL_RAISE,PROMISING
2026-10-04,CLEAN,scan,Clean Science and Technology Ltd,ACQUISITION,PROMISING
2026-10-04,MEDIASSIST,scan,Medi Assist Healthcare Services Ltd,ACQUISITION,PROMISING
2026-10-04,TEXRAIL,scan,Texmaco Rail & Engineering Ltd,ACQUISITION,PROMISING
2026-10-04,STANLEY,scan,Stanley Lifestyles Ltd,ORDER_WIN,PROMISING
2026-10-04,POWERMECH,scan,Power Mech Projects Ltd,ORDER_WIN,PROMISING
2026-10-04,GOLDIAM,scan,Goldiam International Ltd,ORDER_WIN,PROMISING
2026-10-04,EPL,scan,EPL Ltd,ACQUISITION,PROMISING
2026-10-04,QPOWER,scan,Quality Power Electrical Equipments Ltd,ORDER_WIN,PROMISING
2026-10-04,HLEGLAS,scan,HLE Glascoat Ltd,ACQUISITION,PROMISING
2026-10-04,KRSNAA,scan,Krsnaa Diagnostics Ltd,CAPITAL_RAISE,PROMISING
2026-10-04,MARSONS,scan,Marsons Ltd,ORDER_WIN,PROMISING
2026-10-04,INDIANHUME,scan,Indian Hume Pipe Company Ltd,ORDER_WIN,PROMISING
2026-10-04,MANORAMA,scan,Manorama Industries Ltd,CAPITAL_RAISE,PROMISING
2026-10-04,SAIPARENT,scan,Sai Parenterals Ltd,ORDER_WIN,PROMISING
2026-10-04,ATLANTAELE,scan,Atlanta Electricals Ltd,ORDER_WIN,PROMISING
2026-10-04,EFCIL,scan,EFC (I) Ltd,ACQUISITION,PROMISING
2026-10-04,ASHIANA,scan,Ashiana Housing Ltd,ORDER_WIN,PROMISING
2026-10-04,SRM,scan,SRM Contractors Ltd,ORDER_WIN,PROMISING
2026-10-04,VIKRAMSOLR,scan,Vikram Solar Ltd,RESTRUCTURING,PROMISING
2026-10-04,GSPCROP,scan,GSP Crop Science Ltd,RESTRUCTURING,PROMISING
2026-10-04,BCLIND,scan,BCL Industries Ltd,ACQUISITION,PROMISING
2026-10-04,UGROCAP,scan,Ugro Capital Ltd,RESTRUCTURING,PROMISING
2026-10-04,HEG,scan,HEG Ltd,RESTRUCTURING,PROMISING
2026-10-04,CEATLTD,scan,Ceat Ltd,ORDER_WIN,PROMISING
2026-10-04,JUBLINGREA,scan,Jubilant Ingrevia Ltd,ACQUISITION,PROMISING
2026-10-04,PRICOLLTD,scan,Pricol Ltd,RESTRUCTURING,PROMISING
2026-10-04,JAGSNPHARM,scan,Jagsonpal Pharmaceuticals Ltd,ACQUISITION,PROMISING
2026-10-04,LUMAXTECH,scan,Lumax Auto Technologies Ltd,ACQUISITION,PROMISING
2026-10-04,ONWARDTEC,scan,Onward Technologies Ltd,ORDER_WIN,PROMISING
2026-10-04,ARIS,scan,ArisInfra Solutions Ltd,RESTRUCTURING,PROMISING
2026-10-04,ARSSBL,scan,Anand Rathi Share And Stock Brokers Ltd,ORDER_WIN,PROMISING
2026-10-04,GUFICBIO,scan,Gufic Biosciences Ltd,ACQUISITION,PROMISING
2026-10-04,SAMBHV,scan,Sambhv Steel Tubes Ltd,CAPITAL_RAISE,PROMISING
2026-10-04,NIITMTS,scan,NIIT Learning Systems Ltd,RESTRUCTURING,PROMISING
2026-10-04,ASIANTILES,scan,Asian Granito India Ltd,ACQUISITION,PROMISING
2026-10-04,ANURAS,scan,Anupam Rasayan India Ltd,ACQUISITION,PROMISING
2026-10-04,RITES,scan,RITES Ltd,ORDER_WIN,PROMISING
2026-10-04,GKENERGY,scan,GK Energy Ltd,ORDER_WIN,PROMISING
2026-10-04,TRIDENT,scan,Trident Ltd,ACQUISITION,PROMISING
2026-10-04,PROTEAN,scan,Protean eGov Technologies Ltd,ORDER_WIN,PROMISING
2026-10-04,PICCADIL,scan,Piccadily Agro Industries Ltd,RESTRUCTURING,PROMISING
2026-10-04,SURYAROSNI,scan,Surya Roshni Ltd,ORDER_WIN,PROMISING
2026-10-04,KIRLOSBROS,scan,Kirloskar Brothers Ltd,ORDER_WIN,PROMISING
2026-10-04,MMFL,scan,MM Forgings Ltd,RESTRUCTURING,PROMISING
2026-10-04,SANDHAR,scan,Sandhar Technologies Ltd,ACQUISITION,PROMISING
2026-10-04,GANESHHOU,scan,Ganesh Housing Ltd,RESTRUCTURING,PROMISING
2026-10-04,SMARTWORKS,scan,Smartworks Coworking Spaces Ltd,ACQUISITION,PROMISING
2026-10-04,DEEPINDS,scan,Deep Industries Ltd,ORDER_WIN,PROMISING
2026-10-04,EPIGRAL,scan,Epigral Ltd,ACQUISITION,PROMISING
2026-10-04,SILVERTUC,scan,Silver Touch Technologies Ltd,ORDER_WIN,PROMISING
2026-10-04,VARROC,scan,Varroc Engineering Ltd,ACQUISITION,PROMISING
2026-10-04,BLSE,scan,BLS E-Services Ltd,ACQUISITION,PROMISING
2026-10-04,JKLAKSHMI,scan,JK Lakshmi Cement Ltd,ACQUISITION,PROMISING
2026-10-04,TRIVENI,scan,Triveni Engineering & Industries Ltd,RESTRUCTURING,PROMISING
2026-10-04,SUDARSCHEM,scan,Sudarshan Chemical Industries Ltd,ACQUISITION,PROMISING
2026-10-04,SETL,scan,Standard Engineering Technology Ltd,ACQUISITION,PROMISING
2026-10-04,BBOX,scan,Black Box Ltd,ORDER_WIN,PROMISING
2026-10-04,DATAMATICS,scan,Datamatics Global Services Ltd,ACQUISITION,PROMISING
2026-10-04,SAMHI,scan,Samhi Hotels Ltd,ACQUISITION,PROMISING
2026-10-04,PARKHOSPS,scan,Park Medi World Ltd,ACQUISITION,PROMISING
2026-10-04,RATEGAIN,scan,RateGain Travel Technologies Ltd,DEBT_REDUCTION,PROMISING
2026-10-04,ICRA,scan,ICRA Ltd,ACQUISITION,PROMISING
2026-10-04,TRANSRAILL,scan,Transrail Lighting Ltd,CAPITAL_RAISE,PROMISING
2026-10-04,DBL,scan,Dilip Buildcon Ltd,ORDER_WIN,PROMISING
2026-10-04,ZUARI,scan,Zuari Agro Chemicals Ltd,ORDER_WIN,PROMISING
2026-10-04,ASHOKA,scan,Ashoka Buildcon Ltd,ORDER_WIN,PROMISING
2026-10-04,SOLEX,scan,Solex Energy Ltd,ORDER_WIN,PROMISING
2026-10-04,RPGLIFE,scan,RPG Life Sciences Ltd,ACQUISITION,PROMISING
2026-10-04,RAINBOW,scan,Rainbow Children's Medicare Ltd,ACQUISITION,PROMISING
2026-10-04,RANEHOLDIN,scan,Rane Holdings Ltd,CAPITAL_RAISE,PROMISING
2026-10-04,SWELECTES,scan,Swelect Energy Systems Ltd,ACQUISITION,PROMISING
2026-10-04,VESUVIUS,scan,Vesuvius India Ltd,RESTRUCTURING,PROMISING
2026-10-04,TANLA,scan,Tanla Platforms Ltd,ACQUISITION,PROMISING
2026-10-04,LEMONTREE,scan,Lemon Tree Hotels Ltd,ORDER_WIN,PROMISING
2026-10-04,DODLA,scan,Dodla Dairy Ltd,ACQUISITION,PROMISING
2026-10-04,SHK,scan,S H Kelkar and Company Ltd,RESTRUCTURING,PROMISING
2026-10-04,SIRCA,scan,Sirca Paints India Ltd,CAPITAL_RAISE,PROMISING
2026-10-04,SENORES,scan,Senores Pharmaceuticals Ltd,CAPITAL_RAISE,PROMISING
2026-10-04,HARIOMPIPE,scan,Hariom Pipe Industries Ltd,CAPITAL_RAISE,PROMISING
2026-10-04,AKUMS,scan,Akums Drugs and Pharmaceuticals Ltd,ACQUISITION,PROMISING
2026-10-04,SOMANYCERA,scan,Somany Ceramics Ltd,RESTRUCTURING,PROMISING
2026-10-04,VINCOFE,scan,Vintage Coffee And Beverages Ltd,ORDER_WIN,PROMISING
2026-10-04,SAREGAMA,scan,Saregama India Ltd,ACQUISITION,PROMISING
2026-10-04,VOGL,scan,Vedanta Oil and Gas Ltd,ORDER_WIN,PROMISING
2026-10-04,JAMNAAUTO,scan,Jamna Auto Industries Ltd,ACQUISITION,PROMISING
2026-10-04,HITECH,scan,Hi-Tech Pipes Ltd,CAPITAL_RAISE,PROMISING
2026-10-04,GREAVESCOT,scan,Greaves Cotton Ltd,ACQUISITION,PROMISING
2026-10-04,20MICRONS,scan,20 Microns Ltd,ACQUISITION,PROMISING
2026-10-04,TVSSRICHAK,scan,TVS Srichakra Ltd,ACQUISITION,PROMISING
2026-10-04,WABAG,scan,VA Tech Wabag Ltd,ORDER_WIN,PROMISING
2026-10-04,SGMART,scan,SG Mart Ltd,ACQUISITION,PROMISING
2026-10-04,TIIL,scan,Technocraft Industries (India) Ltd,ACQUISITION,PROMISING
2026-10-04,SOBHA,scan,Sobha Ltd,CAPITAL_RAISE,PROMISING
2026-10-04,WAAREERTL,scan,Waaree Renewable Technologies Ltd,ORDER_WIN,PROMISING
2026-10-04,PRECWIRE,scan,Precision Wires India Ltd,CAPITAL_RAISE,PROMISING
2026-10-04,FLAIR,scan,Flair Writing Industries Ltd,ORDER_WIN,PROMISING
2026-10-04,SHANTIGOLD,scan,Shanti Gold International Ltd,CAPITAL_RAISE,PROMISING
2026-10-04,CRIZAC,scan,Crizac Ltd,ACQUISITION,PROMISING
2026-10-04,CYIENT,scan,Cyient Ltd,ACQUISITION,PROMISING
2026-10-04,PNCINFRA,scan,PNC Infratech Ltd,ORDER_WIN,PROMISING
2026-10-04,HARDWYN,scan,Hardwyn India Ltd,ORDER_WIN,PROMISING
2026-10-04,TINNARUBR,scan,Tinna Rubber and Infrastructure Ltd,ACQUISITION,PROMISING
2026-10-04,LXCHEM,scan,Laxmi Organic Industries Ltd,CAPITAL_RAISE,PROMISING
2026-10-04,AURUM,scan,Aurum PropTech Ltd,CAPITAL_RAISE,PROMISING
2026-10-04,ADFFOODS,scan,Adf Foods Ltd,ACQUISITION,PROMISING
2026-10-04,SIYSIL,scan,Siyaram Silk Mills Ltd,RESTRUCTURING,PROMISING
2026-10-04,KIRLPNU,scan,Kirloskar Pneumatic Company Ltd,ACQUISITION,PROMISING
2026-10-04,JLHL,scan,Jupiter Life Line Hospitals Ltd,ACQUISITION,PROMISING
2026-10-04,ENTERO,scan,Entero Healthcare Solutions Ltd,ACQUISITION,PROMISING
2026-10-04,MOREPENLAB,scan,Morepen Laboratories Ltd,ACQUISITION,PROMISING
2026-10-04,ADVENZYMES,scan,Advanced Enzyme Technologies Ltd,ACQUISITION,PROMISING
2026-10-04,EXCELSOFT,scan,Excelsoft Technologies Ltd,ACQUISITION,PROMISING
2026-10-04,GENESYS,scan,Genesys International Corporation Ltd,CAPITAL_RAISE,PROMISING
2026-10-04,CCAVENUE,scan,AvenuesAI Ltd,CAPITAL_RAISE,PROMISING
2026-10-04,IXIGO,scan,Le Travenues Technology Ltd,ORDER_WIN,PROMISING
2026-10-04,JKIL,scan,J. Kumar Infraprojects Ltd,ORDER_WIN,PROMISING
2026-10-04,HCG,scan,HealthCare Global Enterprises Ltd,CAPITAL_RAISE,PROMISING
2026-10-04,KOLTEPATIL,scan,Kolte-Patil Developers Ltd,CAPITAL_RAISE,PROMISING
2026-10-04,BIKAJI,scan,Bikaji Foods International Ltd,ACQUISITION,PROMISING
2026-10-04,JKTYRE,scan,JK Tyre & Industries Ltd,ACQUISITION,PROMISING
2026-10-04,HGINFRA,scan,H.G. Infra Engineering Ltd,ORDER_WIN,PROMISING
2026-10-04,CEINSYS,scan,Ceinsys Tech Ltd,ORDER_WIN,PROMISING
2026-10-04,AVANTEL,scan,Avantel Ltd,ORDER_WIN,PROMISING
2026-10-04,STERTOOLS,scan,Sterling Tools Ltd,ACQUISITION+CAPITAL_RAISE,PROMISING
2026-10-05,IMFA,scan,Indian Metals & Ferro Alloys Ltd,ACQUISITION,PROMISING
2026-10-05,ZEEL,scan,Zee Entertainment Enterprises Ltd,CAPITAL_RAISE,PROMISING
2026-10-05,PARAS,scan,Paras Defence and Space Technologies Ltd,ORDER_WIN,PROMISING
2026-10-05,JUNIPER,scan,Juniper Hotels Ltd,ACQUISITION,PROMISING
2026-10-05,HAPPSTMNDS,scan,Happiest Minds Technologies Ltd,RESTRUCTURING,PROMISING
2026-10-05,VIYASH,scan,Viyash Scientific Ltd,ACQUISITION,PROMISING
2026-10-05,ACI,scan,Archean Chemical Industries Ltd,ACQUISITION,PROMISING
2026-10-05,ROHLTD,scan,Royal Orchid Hotels Ltd,ORDER_WIN,PROMISING
2026-10-05,RML,scan,Rane (Madras) Ltd,ACQUISITION,PROMISING
2026-10-05,DIAMONDYD,scan,Prataap Snacks Ltd,ACQUISITION,PROMISING
2026-10-05,JAYKAY,scan,Jaykay Enterprises Ltd,CAPITAL_RAISE,PROMISING
2026-10-05,CARYSIL,scan,Carysil Ltd,RESTRUCTURING,PROMISING
2026-10-05,MOL,scan,Meghmani Organics Ltd,RESTRUCTURING,PROMISING
2026-10-05,RKFORGE,scan,Ramkrishna Forgings Ltd,CAPITAL_RAISE,PROMISING
2026-10-05,ORCHPHARMA,scan,Orchid Pharma Ltd,ORDER_WIN,PROMISING
2026-10-05,CENTUM,scan,Centum Electronics Ltd,RESTRUCTURING,PROMISING
2026-10-05,TEAMLEASE,scan,TeamLease Services Ltd,ORDER_WIN,PROMISING
2026-10-05,PENIND,scan,Pennar Industries Ltd,CAPITAL_RAISE,PROMISING
2026-10-05,SIS,scan,SIS Ltd,ACQUISITION,PROMISING
2026-10-05,ARFIN,scan,Arfin India Ltd,ORDER_WIN,PROMISING
2026-10-05,KIRIINDUS,scan,Kiri Industries Ltd,ACQUISITION,PROMISING
2026-10-05,NITINSPIN,scan,Nitin Spinners Ltd,ACQUISITION,PROMISING
2026-10-05,NAVNETEDUL,scan,Navneet Education Ltd,RESTRUCTURING,PROMISING
2026-10-05,NIVABUPA,scan,Niva Bupa Health Insurance Company Ltd,ORDER_WIN,PROMISING
2026-10-05,MAHSEAMLES,scan,Maharashtra Seamless Ltd,RESTRUCTURING,PROMISING
2026-10-05,MHRIL,scan,Mahindra Holidays & Resorts India Ltd,ACQUISITION,PROMISING
2026-10-05,KIRLFER,scan,Kirloskar Ferrous Industries Ltd,ORDER_WIN,PROMISING
2026-10-05,MANINDS,scan,Man Industries (India) Ltd,ORDER_WIN,PROMISING
2026-10-05,SPORTKING,scan,Sportking India Ltd,ACQUISITION,PROMISING
2026-10-05,RAYMOND,scan,Raymond Ltd,CAPITAL_RAISE,PROMISING
2026-10-05,JKPAPER,scan,JK Paper Ltd,ACQUISITION,PROMISING
2026-10-05,SONATSOFTW,scan,Sonata Software Ltd,ORDER_WIN+RESTRUCTURING,PROMISING
2026-10-05,ISGEC,scan,ISGEC Heavy Engineering Ltd,RESTRUCTURING,PROMISING
2026-10-05,DIVGIITTS,scan,DIVGI TORQTRANSFER SYSTEMS Ltd,ACQUISITION,PROMISING
2026-10-05,WENDT,scan,Wendt (India) Ltd,ACQUISITION+CAPITAL_RAISE,PROMISING
2026-10-05,CLEAN,scan,Clean Science and Technology Ltd,ACQUISITION,PROMISING
2026-10-05,MEDIASSIST,scan,Medi Assist Healthcare Services Ltd,ACQUISITION,PROMISING
2026-10-05,TEXRAIL,scan,Texmaco Rail & Engineering Ltd,ACQUISITION,PROMISING
2026-10-05,STANLEY,scan,Stanley Lifestyles Ltd,ORDER_WIN,PROMISING
2026-10-05,POWERMECH,scan,Power Mech Projects Ltd,ORDER_WIN,PROMISING
2026-10-05,GOLDIAM,scan,Goldiam International Ltd,ORDER_WIN,PROMISING
2026-10-05,EPL,scan,EPL Ltd,ACQUISITION,PROMISING
2026-10-05,QPOWER,scan,Quality Power Electrical Equipments Ltd,ORDER_WIN,PROMISING
2026-10-05,HLEGLAS,scan,HLE Glascoat Ltd,ACQUISITION,PROMISING
2026-10-05,KRSNAA,scan,Krsnaa Diagnostics Ltd,CAPITAL_RAISE,PROMISING
2026-10-05,MARSONS,scan,Marsons Ltd,ORDER_WIN,PROMISING
2026-10-05,INDIANHUME,scan,Indian Hume Pipe Company Ltd,ORDER_WIN,PROMISING
2026-10-05,MANORAMA,scan,Manorama Industries Ltd,CAPITAL_RAISE,PROMISING
2026-10-05,SAIPARENT,scan,Sai Parenterals Ltd,ORDER_WIN,PROMISING
2026-10-05,ATLANTAELE,scan,Atlanta Electricals Ltd,ORDER_WIN,PROMISING
2026-10-05,EFCIL,scan,EFC (I) Ltd,ACQUISITION,PROMISING
2026-10-05,ASHIANA,scan,Ashiana Housing Ltd,ORDER_WIN,PROMISING
2026-10-05,SRM,scan,SRM Contractors Ltd,ORDER_WIN,PROMISING
2026-10-05,VIKRAMSOLR,scan,Vikram Solar Ltd,RESTRUCTURING,PROMISING
2026-10-05,GSPCROP,scan,GSP Crop Science Ltd,RESTRUCTURING,PROMISING
2026-10-05,BCLIND,scan,BCL Industries Ltd,ACQUISITION,PROMISING
2026-10-05,UGROCAP,scan,Ugro Capital Ltd,RESTRUCTURING,PROMISING
2026-10-05,HEG,scan,HEG Ltd,RESTRUCTURING,PROMISING
2026-10-05,CEATLTD,scan,Ceat Ltd,ORDER_WIN,PROMISING
2026-10-05,JUBLINGREA,scan,Jubilant Ingrevia Ltd,ACQUISITION,PROMISING
2026-10-05,PRICOLLTD,scan,Pricol Ltd,RESTRUCTURING,PROMISING
2026-10-05,JAGSNPHARM,scan,Jagsonpal Pharmaceuticals Ltd,ACQUISITION,PROMISING
2026-10-05,LUMAXTECH,scan,Lumax Auto Technologies Ltd,ACQUISITION,PROMISING
2026-10-05,ONWARDTEC,scan,Onward Technologies Ltd,ORDER_WIN,PROMISING
2026-10-05,ARIS,scan,ArisInfra Solutions Ltd,RESTRUCTURING,PROMISING
2026-10-05,ARSSBL,scan,Anand Rathi Share And Stock Brokers Ltd,ORDER_WIN,PROMISING
2026-10-05,GUFICBIO,scan,Gufic Biosciences Ltd,ACQUISITION,PROMISING
2026-10-05,SAMBHV,scan,Sambhv Steel Tubes Ltd,CAPITAL_RAISE,PROMISING
2026-10-05,NIITMTS,scan,NIIT Learning Systems Ltd,RESTRUCTURING,PROMISING
2026-10-05,ASIANTILES,scan,Asian Granito India Ltd,ACQUISITION,PROMISING
2026-10-05,ANURAS,scan,Anupam Rasayan India Ltd,ACQUISITION,PROMISING
2026-10-05,RITES,scan,RITES Ltd,ORDER_WIN,PROMISING
2026-10-05,GKENERGY,scan,GK Energy Ltd,ORDER_WIN,PROMISING
2026-10-05,TRIDENT,scan,Trident Ltd,ACQUISITION,PROMISING
2026-10-05,PROTEAN,scan,Protean eGov Technologies Ltd,ORDER_WIN,PROMISING
2026-10-05,PICCADIL,scan,Piccadily Agro Industries Ltd,RESTRUCTURING,PROMISING
2026-10-05,SURYAROSNI,scan,Surya Roshni Ltd,ORDER_WIN,PROMISING
2026-10-05,KIRLOSBROS,scan,Kirloskar Brothers Ltd,ORDER_WIN,PROMISING
2026-10-05,MMFL,scan,MM Forgings Ltd,RESTRUCTURING,PROMISING
2026-10-05,SANDHAR,scan,Sandhar Technologies Ltd,ACQUISITION,PROMISING
2026-10-05,GANESHHOU,scan,Ganesh Housing Ltd,RESTRUCTURING,PROMISING
2026-10-05,SMARTWORKS,scan,Smartworks Coworking Spaces Ltd,ACQUISITION,PROMISING
2026-10-05,DEEPINDS,scan,Deep Industries Ltd,ORDER_WIN,PROMISING
2026-10-05,EPIGRAL,scan,Epigral Ltd,ACQUISITION,PROMISING
2026-10-05,SILVERTUC,scan,Silver Touch Technologies Ltd,ORDER_WIN,PROMISING
2026-10-05,VARROC,scan,Varroc Engineering Ltd,ACQUISITION,PROMISING
2026-10-05,BLSE,scan,BLS E-Services Ltd,ACQUISITION,PROMISING
2026-10-05,JKLAKSHMI,scan,JK Lakshmi Cement Ltd,ACQUISITION,PROMISING
2026-10-05,TRIVENI,scan,Triveni Engineering & Industries Ltd,RESTRUCTURING,PROMISING
2026-10-05,SUDARSCHEM,scan,Sudarshan Chemical Industries Ltd,ACQUISITION,PROMISING
2026-10-05,SETL,scan,Standard Engineering Technology Ltd,ACQUISITION,PROMISING
2026-10-05,BBOX,scan,Black Box Ltd,ORDER_WIN,PROMISING
2026-10-05,DATAMATICS,scan,Datamatics Global Services Ltd,ACQUISITION,PROMISING
2026-10-05,SAMHI,scan,Samhi Hotels Ltd,ACQUISITION,PROMISING
2026-10-05,PARKHOSPS,scan,Park Medi World Ltd,ACQUISITION,PROMISING
2026-10-05,RATEGAIN,scan,RateGain Travel Technologies Ltd,DEBT_REDUCTION,PROMISING
2026-10-05,ICRA,scan,ICRA Ltd,ACQUISITION,PROMISING
2026-10-05,TRANSRAILL,scan,Transrail Lighting Ltd,CAPITAL_RAISE,PROMISING
2026-10-05,DBL,scan,Dilip Buildcon Ltd,ORDER_WIN,PROMISING
2026-10-05,ZUARI,scan,Zuari Agro Chemicals Ltd,ORDER_WIN,PROMISING
2026-10-05,ASHOKA,scan,Ashoka Buildcon Ltd,ORDER_WIN,PROMISING
2026-10-05,SOLEX,scan,Solex Energy Ltd,ORDER_WIN,PROMISING
2026-10-05,RPGLIFE,scan,RPG Life Sciences Ltd,ACQUISITION,PROMISING
2026-10-05,RAINBOW,scan,Rainbow Children's Medicare Ltd,ACQUISITION,PROMISING
2026-10-05,RANEHOLDIN,scan,Rane Holdings Ltd,CAPITAL_RAISE,PROMISING
2026-10-05,SWELECTES,scan,Swelect Energy Systems Ltd,ACQUISITION,PROMISING
2026-10-05,VESUVIUS,scan,Vesuvius India Ltd,RESTRUCTURING,PROMISING
2026-10-05,TANLA,scan,Tanla Platforms Ltd,ACQUISITION,PROMISING
2026-10-05,LEMONTREE,scan,Lemon Tree Hotels Ltd,ORDER_WIN,PROMISING
2026-10-05,DODLA,scan,Dodla Dairy Ltd,ACQUISITION,PROMISING
2026-10-05,SHK,scan,S H Kelkar and Company Ltd,RESTRUCTURING,PROMISING
2026-10-05,SIRCA,scan,Sirca Paints India Ltd,CAPITAL_RAISE,PROMISING
2026-10-05,SENORES,scan,Senores Pharmaceuticals Ltd,CAPITAL_RAISE,PROMISING
2026-10-05,HARIOMPIPE,scan,Hariom Pipe Industries Ltd,CAPITAL_RAISE,PROMISING
2026-10-05,AKUMS,scan,Akums Drugs and Pharmaceuticals Ltd,ACQUISITION,PROMISING
2026-10-05,SOMANYCERA,scan,Somany Ceramics Ltd,RESTRUCTURING,PROMISING
2026-10-05,VINCOFE,scan,Vintage Coffee And Beverages Ltd,ORDER_WIN,PROMISING
2026-10-05,SAREGAMA,scan,Saregama India Ltd,ACQUISITION,PROMISING
2026-10-05,VOGL,scan,Vedanta Oil and Gas Ltd,ORDER_WIN,PROMISING
2026-10-05,JAMNAAUTO,scan,Jamna Auto Industries Ltd,ACQUISITION,PROMISING
2026-10-05,HITECH,scan,Hi-Tech Pipes Ltd,CAPITAL_RAISE,PROMISING
2026-10-05,GREAVESCOT,scan,Greaves Cotton Ltd,ACQUISITION,PROMISING
2026-10-05,20MICRONS,scan,20 Microns Ltd,ACQUISITION,PROMISING
2026-10-05,TVSSRICHAK,scan,TVS Srichakra Ltd,ACQUISITION,PROMISING
2026-10-05,WABAG,scan,VA Tech Wabag Ltd,ORDER_WIN,PROMISING
2026-10-05,SGMART,scan,SG Mart Ltd,ACQUISITION,PROMISING
2026-10-05,TIIL,scan,Technocraft Industries (India) Ltd,ACQUISITION,PROMISING
2026-10-05,SOBHA,scan,Sobha Ltd,CAPITAL_RAISE,PROMISING
2026-10-05,WAAREERTL,scan,Waaree Renewable Technologies Ltd,ORDER_WIN,PROMISING
2026-10-05,PRECWIRE,scan,Precision Wires India Ltd,CAPITAL_RAISE,PROMISING
2026-10-05,FLAIR,scan,Flair Writing Industries Ltd,ORDER_WIN,PROMISING
2026-10-05,SHANTIGOLD,scan,Shanti Gold International Ltd,CAPITAL_RAISE,PROMISING
2026-10-05,CRIZAC,scan,Crizac Ltd,ACQUISITION,PROMISING
2026-10-05,CYIENT,scan,Cyient Ltd,ACQUISITION,PROMISING
2026-10-05,PNCINFRA,scan,PNC Infratech Ltd,ORDER_WIN,PROMISING
2026-10-05,HARDWYN,scan,Hardwyn India Ltd,ORDER_WIN,PROMISING
2026-10-05,TINNARUBR,scan,Tinna Rubber and Infrastructure Ltd,ACQUISITION,PROMISING
2026-10-05,LXCHEM,scan,Laxmi Organic Industries Ltd,CAPITAL_RAISE,PROMISING
2026-10-05,AURUM,scan,Aurum PropTech Ltd,CAPITAL_RAISE,PROMISING
2026-10-05,ADFFOODS,scan,Adf Foods Ltd,ACQUISITION,PROMISING
2026-10-05,SIYSIL,scan,Siyaram Silk Mills Ltd,RESTRUCTURING,PROMISING
2026-10-05,KIRLPNU,scan,Kirloskar Pneumatic Company Ltd,ACQUISITION,PROMISING
2026-10-05,JLHL,scan,Jupiter Life Line Hospitals Ltd,ACQUISITION,PROMISING
2026-10-05,ENTERO,scan,Entero Healthcare Solutions Ltd,ACQUISITION,PROMISING
2026-10-05,MOREPENLAB,scan,Morepen Laboratories Ltd,ACQUISITION,PROMISING
2026-10-05,ADVENZYMES,scan,Advanced Enzyme Technologies Ltd,ACQUISITION,PROMISING
2026-10-05,EXCELSOFT,scan,Excelsoft Technologies Ltd,ACQUISITION,PROMISING
2026-10-05,GENESYS,scan,Genesys International Corporation Ltd,CAPITAL_RAISE,PROMISING
2026-10-05,CCAVENUE,scan,AvenuesAI Ltd,CAPITAL_RAISE,PROMISING
2026-10-05,IXIGO,scan,Le Travenues Technology Ltd,ORDER_WIN,PROMISING
2026-10-05,JKIL,scan,J. Kumar Infraprojects Ltd,ORDER_WIN,PROMISING
2026-10-05,HCG,scan,HealthCare Global Enterprises Ltd,CAPITAL_RAISE,PROMISING
2026-10-05,KOLTEPATIL,scan,Kolte-Patil Developers Ltd,CAPITAL_RAISE,PROMISING
2026-10-05,BIKAJI,scan,Bikaji Foods International Ltd,ACQUISITION,PROMISING
2026-10-05,JKTYRE,scan,JK Tyre & Industries Ltd,ACQUISITION,PROMISING
2026-10-05,HGINFRA,scan,H.G. Infra Engineering Ltd,ORDER_WIN,PROMISING
2026-10-05,CEINSYS,scan,Ceinsys Tech Ltd,ORDER_WIN,PROMISING
2026-10-05,AVANTEL,scan,Avantel Ltd,ORDER_WIN,PROMISING
2026-10-05,STERTOOLS,scan,Sterling Tools Ltd,ACQUISITION+CAPITAL_RAISE,PROMISING
2026-10-06,IMFA,scan,Indian Metals & Ferro Alloys Ltd,ACQUISITION,PROMISING
2026-10-06,ZEEL,scan,Zee Entertainment Enterprises Ltd,CAPITAL_RAISE,PROMISING
2026-10-06,PARAS,scan,Paras Defence and Space Technologies Ltd,ORDER_WIN,PROMISING
2026-10-06,JUNIPER,scan,Juniper Hotels Ltd,ACQUISITION,PROMISING
2026-10-06,HAPPSTMNDS,scan,Happiest Minds Technologies Ltd,RESTRUCTURING,PROMISING
2026-10-06,VIYASH,scan,Viyash Scientific Ltd,ACQUISITION,PROMISING
2026-10-06,ACI,scan,Archean Chemical Industries Ltd,ACQUISITION,PROMISING
2026-10-06,ROHLTD,scan,Royal Orchid Hotels Ltd,ORDER_WIN,PROMISING
2026-10-06,RML,scan,Rane (Madras) Ltd,ACQUISITION,PROMISING
2026-10-06,DIAMONDYD,scan,Prataap Snacks Ltd,ACQUISITION,PROMISING
2026-10-06,JAYKAY,scan,Jaykay Enterprises Ltd,CAPITAL_RAISE,PROMISING
2026-10-06,CARYSIL,scan,Carysil Ltd,RESTRUCTURING,PROMISING
2026-10-06,MOL,scan,Meghmani Organics Ltd,RESTRUCTURING,PROMISING
2026-10-06,RKFORGE,scan,Ramkrishna Forgings Ltd,CAPITAL_RAISE,PROMISING
2026-10-06,ORCHPHARMA,scan,Orchid Pharma Ltd,ORDER_WIN,PROMISING
2026-10-06,CENTUM,scan,Centum Electronics Ltd,RESTRUCTURING,PROMISING
2026-10-06,TEAMLEASE,scan,TeamLease Services Ltd,ORDER_WIN,PROMISING
2026-10-06,PENIND,scan,Pennar Industries Ltd,CAPITAL_RAISE,PROMISING
2026-10-06,SIS,scan,SIS Ltd,ACQUISITION,PROMISING
2026-10-06,ARFIN,scan,Arfin India Ltd,ORDER_WIN,PROMISING
2026-10-06,KIRIINDUS,scan,Kiri Industries Ltd,ACQUISITION,PROMISING
2026-10-06,NITINSPIN,scan,Nitin Spinners Ltd,ACQUISITION,PROMISING
2026-10-06,NAVNETEDUL,scan,Navneet Education Ltd,RESTRUCTURING,PROMISING
2026-10-06,NIVABUPA,scan,Niva Bupa Health Insurance Company Ltd,ORDER_WIN,PROMISING
2026-10-06,MAHSEAMLES,scan,Maharashtra Seamless Ltd,RESTRUCTURING,PROMISING
2026-10-06,MHRIL,scan,Mahindra Holidays & Resorts India Ltd,ACQUISITION,PROMISING
2026-10-06,KIRLFER,scan,Kirloskar Ferrous Industries Ltd,ORDER_WIN,PROMISING
2026-10-06,MANINDS,scan,Man Industries (India) Ltd,ORDER_WIN,PROMISING
2026-10-06,SPORTKING,scan,Sportking India Ltd,ACQUISITION,PROMISING
2026-10-06,RAYMOND,scan,Raymond Ltd,CAPITAL_RAISE,PROMISING
2026-10-06,JKPAPER,scan,JK Paper Ltd,ACQUISITION,PROMISING
2026-10-06,SONATSOFTW,scan,Sonata Software Ltd,ORDER_WIN+RESTRUCTURING,PROMISING
2026-10-06,ISGEC,scan,ISGEC Heavy Engineering Ltd,RESTRUCTURING,PROMISING
2026-10-06,DIVGIITTS,scan,DIVGI TORQTRANSFER SYSTEMS Ltd,ACQUISITION,PROMISING
2026-10-06,WENDT,scan,Wendt (India) Ltd,ACQUISITION+CAPITAL_RAISE,PROMISING
2026-10-06,CLEAN,scan,Clean Science and Technology Ltd,ACQUISITION,PROMISING
2026-10-06,MEDIASSIST,scan,Medi Assist Healthcare Services Ltd,ACQUISITION,PROMISING
2026-10-06,TEXRAIL,scan,Texmaco Rail & Engineering Ltd,ACQUISITION,PROMISING
2026-10-06,STANLEY,scan,Stanley Lifestyles Ltd,ORDER_WIN,PROMISING
2026-10-06,POWERMECH,scan,Power Mech Projects Ltd,ORDER_WIN,PROMISING
2026-10-06,GOLDIAM,scan,Goldiam International Ltd,ORDER_WIN,PROMISING
2026-10-06,EPL,scan,EPL Ltd,ACQUISITION,PROMISING
2026-10-06,QPOWER,scan,Quality Power Electrical Equipments Ltd,ORDER_WIN,PROMISING
2026-10-06,HLEGLAS,scan,HLE Glascoat Ltd,ACQUISITION,PROMISING
2026-10-06,KRSNAA,scan,Krsnaa Diagnostics Ltd,CAPITAL_RAISE,PROMISING
2026-10-06,MARSONS,scan,Marsons Ltd,ORDER_WIN,PROMISING
2026-10-06,INDIANHUME,scan,Indian Hume Pipe Company Ltd,ORDER_WIN,PROMISING
2026-10-06,MANORAMA,scan,Manorama Industries Ltd,CAPITAL_RAISE,PROMISING
2026-10-06,SAIPARENT,scan,Sai Parenterals Ltd,ORDER_WIN,PROMISING
2026-10-06,ATLANTAELE,scan,Atlanta Electricals Ltd,ORDER_WIN,PROMISING
2026-10-06,EFCIL,scan,EFC (I) Ltd,ACQUISITION,PROMISING
2026-10-06,ASHIANA,scan,Ashiana Housing Ltd,ORDER_WIN,PROMISING
2026-10-06,SRM,scan,SRM Contractors Ltd,ORDER_WIN,PROMISING
2026-10-06,VIKRAMSOLR,scan,Vikram Solar Ltd,RESTRUCTURING,PROMISING
2026-10-06,GSPCROP,scan,GSP Crop Science Ltd,RESTRUCTURING,PROMISING
2026-10-06,BCLIND,scan,BCL Industries Ltd,ACQUISITION,PROMISING
2026-10-06,UGROCAP,scan,Ugro Capital Ltd,RESTRUCTURING,PROMISING
2026-10-06,HEG,scan,HEG Ltd,RESTRUCTURING,PROMISING
2026-10-06,CEATLTD,scan,Ceat Ltd,ORDER_WIN,PROMISING
2026-10-06,JUBLINGREA,scan,Jubilant Ingrevia Ltd,ACQUISITION,PROMISING
2026-10-06,PRICOLLTD,scan,Pricol Ltd,RESTRUCTURING,PROMISING
2026-10-06,JAGSNPHARM,scan,Jagsonpal Pharmaceuticals Ltd,ACQUISITION,PROMISING
2026-10-06,LUMAXTECH,scan,Lumax Auto Technologies Ltd,ACQUISITION,PROMISING
2026-10-06,ONWARDTEC,scan,Onward Technologies Ltd,ORDER_WIN,PROMISING
2026-10-06,ARIS,scan,ArisInfra Solutions Ltd,RESTRUCTURING,PROMISING
2026-10-06,ARSSBL,scan,Anand Rathi Share And Stock Brokers Ltd,ORDER_WIN,PROMISING
2026-10-06,GUFICBIO,scan,Gufic Biosciences Ltd,ACQUISITION,PROMISING
2026-10-06,SAMBHV,scan,Sambhv Steel Tubes Ltd,CAPITAL_RAISE,PROMISING
2026-10-06,NIITMTS,scan,NIIT Learning Systems Ltd,RESTRUCTURING,PROMISING
2026-10-06,ASIANTILES,scan,Asian Granito India Ltd,ACQUISITION,PROMISING
2026-10-06,ANURAS,scan,Anupam Rasayan India Ltd,ACQUISITION,PROMISING
2026-10-06,RITES,scan,RITES Ltd,ORDER_WIN,PROMISING
2026-10-06,GKENERGY,scan,GK Energy Ltd,ORDER_WIN,PROMISING
2026-10-06,TRIDENT,scan,Trident Ltd,ACQUISITION,PROMISING
2026-10-06,PROTEAN,scan,Protean eGov Technologies Ltd,ORDER_WIN,PROMISING
2026-10-06,PICCADIL,scan,Piccadily Agro Industries Ltd,RESTRUCTURING,PROMISING
2026-10-06,SURYAROSNI,scan,Surya Roshni Ltd,ORDER_WIN,PROMISING
2026-10-06,KIRLOSBROS,scan,Kirloskar Brothers Ltd,ORDER_WIN,PROMISING
2026-10-06,MMFL,scan,MM Forgings Ltd,RESTRUCTURING,PROMISING
2026-10-06,SANDHAR,scan,Sandhar Technologies Ltd,ACQUISITION,PROMISING
2026-10-06,GANESHHOU,scan,Ganesh Housing Ltd,RESTRUCTURING,PROMISING
2026-10-06,SMARTWORKS,scan,Smartworks Coworking Spaces Ltd,ACQUISITION,PROMISING
2026-10-06,DEEPINDS,scan,Deep Industries Ltd,ORDER_WIN,PROMISING
2026-10-06,EPIGRAL,scan,Epigral Ltd,ACQUISITION,PROMISING
2026-10-06,SILVERTUC,scan,Silver Touch Technologies Ltd,ORDER_WIN,PROMISING
2026-10-06,VARROC,scan,Varroc Engineering Ltd,ACQUISITION,PROMISING
2026-10-06,BLSE,scan,BLS E-Services Ltd,ACQUISITION,PROMISING
2026-10-06,JKLAKSHMI,scan,JK Lakshmi Cement Ltd,ACQUISITION,PROMISING
2026-10-06,TRIVENI,scan,Triveni Engineering & Industries Ltd,RESTRUCTURING,PROMISING
2026-10-06,SUDARSCHEM,scan,Sudarshan Chemical Industries Ltd,ACQUISITION,PROMISING
2026-10-06,SETL,scan,Standard Engineering Technology Ltd,ACQUISITION,PROMISING
2026-10-06,BBOX,scan,Black Box Ltd,ORDER_WIN,PROMISING
2026-10-06,DATAMATICS,scan,Datamatics Global Services Ltd,ACQUISITION,PROMISING
2026-10-06,SAMHI,scan,Samhi Hotels Ltd,ACQUISITION,PROMISING
2026-10-06,PARKHOSPS,scan,Park Medi World Ltd,ACQUISITION,PROMISING
2026-10-06,RATEGAIN,scan,RateGain Travel Technologies Ltd,DEBT_REDUCTION,PROMISING
2026-10-06,ICRA,scan,ICRA Ltd,ACQUISITION,PROMISING
2026-10-06,TRANSRAILL,scan,Transrail Lighting Ltd,CAPITAL_RAISE,PROMISING
2026-10-06,DBL,scan,Dilip Buildcon Ltd,ORDER_WIN,PROMISING
2026-10-06,ZUARI,scan,Zuari Agro Chemicals Ltd,ORDER_WIN,PROMISING
2026-10-06,ASHOKA,scan,Ashoka Buildcon Ltd,ORDER_WIN,PROMISING
2026-10-06,SOLEX,scan,Solex Energy Ltd,ORDER_WIN,PROMISING
2026-10-06,RPGLIFE,scan,RPG Life Sciences Ltd,ACQUISITION,PROMISING
2026-10-06,RAINBOW,scan,Rainbow Children's Medicare Ltd,ACQUISITION,PROMISING
2026-10-06,RANEHOLDIN,scan,Rane Holdings Ltd,CAPITAL_RAISE,PROMISING
2026-10-06,SWELECTES,scan,Swelect Energy Systems Ltd,ACQUISITION,PROMISING
2026-10-06,VESUVIUS,scan,Vesuvius India Ltd,RESTRUCTURING,PROMISING
2026-10-06,TANLA,scan,Tanla Platforms Ltd,ACQUISITION,PROMISING
2026-10-06,LEMONTREE,scan,Lemon Tree Hotels Ltd,ORDER_WIN,PROMISING
2026-10-06,DODLA,scan,Dodla Dairy Ltd,ACQUISITION,PROMISING
2026-10-06,SHK,scan,S H Kelkar and Company Ltd,RESTRUCTURING,PROMISING
2026-10-06,SIRCA,scan,Sirca Paints India Ltd,CAPITAL_RAISE,PROMISING
2026-10-06,SENORES,scan,Senores Pharmaceuticals Ltd,CAPITAL_RAISE,PROMISING
2026-10-06,HARIOMPIPE,scan,Hariom Pipe Industries Ltd,CAPITAL_RAISE,PROMISING
2026-10-06,AKUMS,scan,Akums Drugs and Pharmaceuticals Ltd,ACQUISITION,PROMISING
2026-10-06,SOMANYCERA,scan,Somany Ceramics Ltd,RESTRUCTURING,PROMISING
2026-10-06,VINCOFE,scan,Vintage Coffee And Beverages Ltd,ORDER_WIN,PROMISING
2026-10-06,SAREGAMA,scan,Saregama India Ltd,ACQUISITION,PROMISING
2026-10-06,VOGL,scan,Vedanta Oil and Gas Ltd,ORDER_WIN,PROMISING
2026-10-06,JAMNAAUTO,scan,Jamna Auto Industries Ltd,ACQUISITION,PROMISING
2026-10-06,HITECH,scan,Hi-Tech Pipes Ltd,CAPITAL_RAISE,PROMISING
2026-10-06,GREAVESCOT,scan,Greaves Cotton Ltd,ACQUISITION,PROMISING
2026-10-06,20MICRONS,scan,20 Microns Ltd,ACQUISITION,PROMISING
2026-10-06,TVSSRICHAK,scan,TVS Srichakra Ltd,ACQUISITION,PROMISING
2026-10-06,WABAG,scan,VA Tech Wabag Ltd,ORDER_WIN,PROMISING
2026-10-06,SGMART,scan,SG Mart Ltd,ACQUISITION,PROMISING
2026-10-06,TIIL,scan,Technocraft Industries (India) Ltd,ACQUISITION,PROMISING
2026-10-06,SOBHA,scan,Sobha Ltd,CAPITAL_RAISE,PROMISING
2026-10-06,WAAREERTL,scan,Waaree Renewable Technologies Ltd,ORDER_WIN,PROMISING
2026-10-06,PRECWIRE,scan,Precision Wires India Ltd,CAPITAL_RAISE,PROMISING
2026-10-06,FLAIR,scan,Flair Writing Industries Ltd,ORDER_WIN,PROMISING
2026-10-06,SHANTIGOLD,scan,Shanti Gold International Ltd,CAPITAL_RAISE,PROMISING
2026-10-06,CRIZAC,scan,Crizac Ltd,ACQUISITION,PROMISING
2026-10-06,CYIENT,scan,Cyient Ltd,ACQUISITION,PROMISING
2026-10-06,PNCINFRA,scan,PNC Infratech Ltd,ORDER_WIN,PROMISING
2026-10-06,HARDWYN,scan,Hardwyn India Ltd,ORDER_WIN,PROMISING
2026-10-06,TINNARUBR,scan,Tinna Rubber and Infrastructure Ltd,ACQUISITION,PROMISING
2026-10-06,LXCHEM,scan,Laxmi Organic Industries Ltd,CAPITAL_RAISE,PROMISING
2026-10-06,AURUM,scan,Aurum PropTech Ltd,CAPITAL_RAISE,PROMISING
2026-10-06,ADFFOODS,scan,Adf Foods Ltd,ACQUISITION,PROMISING
2026-10-06,SIYSIL,scan,Siyaram Silk Mills Ltd,RESTRUCTURING,PROMISING
2026-10-06,KIRLPNU,scan,Kirloskar Pneumatic Company Ltd,ACQUISITION,PROMISING
2026-10-06,JLHL,scan,Jupiter Life Line Hospitals Ltd,ACQUISITION,PROMISING
2026-10-06,ENTERO,scan,Entero Healthcare Solutions Ltd,ACQUISITION,PROMISING
2026-10-06,MOREPENLAB,scan,Morepen Laboratories Ltd,ACQUISITION,PROMISING
2026-10-06,ADVENZYMES,scan,Advanced Enzyme Technologies Ltd,ACQUISITION,PROMISING
2026-10-06,EXCELSOFT,scan,Excelsoft Technologies Ltd,ACQUISITION,PROMISING
2026-10-06,GENESYS,scan,Genesys International Corporation Ltd,CAPITAL_RAISE,PROMISING
2026-10-06,CCAVENUE,scan,AvenuesAI Ltd,CAPITAL_RAISE,PROMISING
2026-10-06,IXIGO,scan,Le Travenues Technology Ltd,ORDER_WIN,PROMISING
2026-10-06,JKIL,scan,J. Kumar Infraprojects Ltd,ORDER_WIN,PROMISING
2026-10-06,HCG,scan,HealthCare Global Enterprises Ltd,CAPITAL_RAISE,PROMISING
2026-10-06,KOLTEPATIL,scan,Kolte-Patil Developers Ltd,CAPITAL_RAISE,PROMISING
2026-10-06,BIKAJI,scan,Bikaji Foods International Ltd,ACQUISITION,PROMISING
2026-10-06,JKTYRE,scan,JK Tyre & Industries Ltd,ACQUISITION,PROMISING
2026-10-06,HGINFRA,scan,H.G. Infra Engineering Ltd,ORDER_WIN,PROMISING
2026-10-06,CEINSYS,scan,Ceinsys Tech Ltd,ORDER_WIN,PROMISING
2026-10-06,AVANTEL,scan,Avantel Ltd,ORDER_WIN,PROMISING
2026-10-06,STERTOOLS,scan,Sterling Tools Ltd,ACQUISITION+CAPITAL_RAISE,PROMISING
2026-10-07,IMFA,scan,Indian Metals & Ferro Alloys Ltd,ACQUISITION,PROMISING
2026-10-07,ZEEL,scan,Zee Entertainment Enterprises Ltd,CAPITAL_RAISE,PROMISING
2026-10-07,PARAS,scan,Paras Defence and Space Technologies Ltd,ORDER_WIN,PROMISING
2026-10-07,JUNIPER,scan,Juniper Hotels Ltd,ACQUISITION,PROMISING
2026-10-07,HAPPSTMNDS,scan,Happiest Minds Technologies Ltd,RESTRUCTURING,PROMISING
2026-10-07,VIYASH,scan,Viyash Scientific Ltd,ACQUISITION,PROMISING
2026-10-07,ACI,scan,Archean Chemical Industries Ltd,ACQUISITION,PROMISING
2026-10-07,ROHLTD,scan,Royal Orchid Hotels Ltd,ORDER_WIN,PROMISING
2026-10-07,RML,scan,Rane (Madras) Ltd,ACQUISITION,PROMISING
2026-10-07,DIAMONDYD,scan,Prataap Snacks Ltd,ACQUISITION,PROMISING
2026-10-07,JAYKAY,scan,Jaykay Enterprises Ltd,CAPITAL_RAISE,PROMISING
2026-10-07,CARYSIL,scan,Carysil Ltd,RESTRUCTURING,PROMISING
2026-10-07,MOL,scan,Meghmani Organics Ltd,RESTRUCTURING,PROMISING
2026-10-07,RKFORGE,scan,Ramkrishna Forgings Ltd,CAPITAL_RAISE,PROMISING
2026-10-07,ORCHPHARMA,scan,Orchid Pharma Ltd,ORDER_WIN,PROMISING
2026-10-07,CENTUM,scan,Centum Electronics Ltd,RESTRUCTURING,PROMISING
2026-10-07,TEAMLEASE,scan,TeamLease Services Ltd,ORDER_WIN,PROMISING
2026-10-07,PENIND,scan,Pennar Industries Ltd,CAPITAL_RAISE,PROMISING
2026-10-07,SIS,scan,SIS Ltd,ACQUISITION,PROMISING
2026-10-07,ARFIN,scan,Arfin India Ltd,ORDER_WIN,PROMISING
2026-10-07,KIRIINDUS,scan,Kiri Industries Ltd,ACQUISITION,PROMISING
2026-10-07,NITINSPIN,scan,Nitin Spinners Ltd,ACQUISITION,PROMISING
2026-10-07,NAVNETEDUL,scan,Navneet Education Ltd,RESTRUCTURING,PROMISING
2026-10-07,NIVABUPA,scan,Niva Bupa Health Insurance Company Ltd,ORDER_WIN,PROMISING
2026-10-07,MAHSEAMLES,scan,Maharashtra Seamless Ltd,RESTRUCTURING,PROMISING
2026-10-07,MHRIL,scan,Mahindra Holidays & Resorts India Ltd,ACQUISITION,PROMISING
2026-10-07,KIRLFER,scan,Kirloskar Ferrous Industries Ltd,ORDER_WIN,PROMISING
2026-10-07,MANINDS,scan,Man Industries (India) Ltd,ORDER_WIN,PROMISING
2026-10-07,SPORTKING,scan,Sportking India Ltd,ACQUISITION,PROMISING
2026-10-07,RAYMOND,scan,Raymond Ltd,CAPITAL_RAISE,PROMISING
2026-10-07,JKPAPER,scan,JK Paper Ltd,ACQUISITION,PROMISING
2026-10-07,SONATSOFTW,scan,Sonata Software Ltd,ORDER_WIN+RESTRUCTURING,PROMISING
2026-10-07,ISGEC,scan,ISGEC Heavy Engineering Ltd,RESTRUCTURING,PROMISING
2026-10-07,DIVGIITTS,scan,DIVGI TORQTRANSFER SYSTEMS Ltd,ACQUISITION,PROMISING
2026-10-07,WENDT,scan,Wendt (India) Ltd,ACQUISITION+CAPITAL_RAISE,PROMISING
2026-10-07,CLEAN,scan,Clean Science and Technology Ltd,ACQUISITION,PROMISING
2026-10-07,MEDIASSIST,scan,Medi Assist Healthcare Services Ltd,ACQUISITION,PROMISING
2026-10-07,TEXRAIL,scan,Texmaco Rail & Engineering Ltd,ACQUISITION,PROMISING
2026-10-07,STANLEY,scan,Stanley Lifestyles Ltd,ORDER_WIN,PROMISING
2026-10-07,POWERMECH,scan,Power Mech Projects Ltd,ORDER_WIN,PROMISING
2026-10-07,GOLDIAM,scan,Goldiam International Ltd,ORDER_WIN,PROMISING
2026-10-07,EPL,scan,EPL Ltd,ACQUISITION,PROMISING
2026-10-07,QPOWER,scan,Quality Power Electrical Equipments Ltd,ORDER_WIN,PROMISING
2026-10-07,HLEGLAS,scan,HLE Glascoat Ltd,ACQUISITION,PROMISING
2026-10-07,KRSNAA,scan,Krsnaa Diagnostics Ltd,CAPITAL_RAISE,PROMISING
2026-10-07,MARSONS,scan,Marsons Ltd,ORDER_WIN,PROMISING
2026-10-07,INDIANHUME,scan,Indian Hume Pipe Company Ltd,ORDER_WIN,PROMISING
2026-10-07,MANORAMA,scan,Manorama Industries Ltd,CAPITAL_RAISE,PROMISING
2026-10-07,SAIPARENT,scan,Sai Parenterals Ltd,ORDER_WIN,PROMISING
2026-10-07,ATLANTAELE,scan,Atlanta Electricals Ltd,ORDER_WIN,PROMISING
2026-10-07,EFCIL,scan,EFC (I) Ltd,ACQUISITION,PROMISING
2026-10-07,ASHIANA,scan,Ashiana Housing Ltd,ORDER_WIN,PROMISING
2026-10-07,SRM,scan,SRM Contractors Ltd,ORDER_WIN,PROMISING
2026-10-07,VIKRAMSOLR,scan,Vikram Solar Ltd,RESTRUCTURING,PROMISING
2026-10-07,GSPCROP,scan,GSP Crop Science Ltd,RESTRUCTURING,PROMISING
2026-10-07,BCLIND,scan,BCL Industries Ltd,ACQUISITION,PROMISING
2026-10-07,UGROCAP,scan,Ugro Capital Ltd,RESTRUCTURING,PROMISING
2026-10-07,HEG,scan,HEG Ltd,RESTRUCTURING,PROMISING
2026-10-07,CEATLTD,scan,Ceat Ltd,ORDER_WIN,PROMISING
2026-10-07,JUBLINGREA,scan,Jubilant Ingrevia Ltd,ACQUISITION,PROMISING
2026-10-07,PRICOLLTD,scan,Pricol Ltd,RESTRUCTURING,PROMISING
2026-10-07,JAGSNPHARM,scan,Jagsonpal Pharmaceuticals Ltd,ACQUISITION,PROMISING
2026-10-07,LUMAXTECH,scan,Lumax Auto Technologies Ltd,ACQUISITION,PROMISING
2026-10-07,ONWARDTEC,scan,Onward Technologies Ltd,ORDER_WIN,PROMISING
2026-10-07,ARIS,scan,ArisInfra Solutions Ltd,RESTRUCTURING,PROMISING
2026-10-07,ARSSBL,scan,Anand Rathi Share And Stock Brokers Ltd,ORDER_WIN,PROMISING
2026-10-07,GUFICBIO,scan,Gufic Biosciences Ltd,ACQUISITION,PROMISING
2026-10-07,SAMBHV,scan,Sambhv Steel Tubes Ltd,CAPITAL_RAISE,PROMISING
2026-10-07,NIITMTS,scan,NIIT Learning Systems Ltd,RESTRUCTURING,PROMISING
2026-10-07,ASIANTILES,scan,Asian Granito India Ltd,ACQUISITION,PROMISING
2026-10-07,ANURAS,scan,Anupam Rasayan India Ltd,ACQUISITION,PROMISING
2026-10-07,RITES,scan,RITES Ltd,ORDER_WIN,PROMISING
2026-10-07,GKENERGY,scan,GK Energy Ltd,ORDER_WIN,PROMISING
2026-10-07,TRIDENT,scan,Trident Ltd,ACQUISITION,PROMISING
2026-10-07,PROTEAN,scan,Protean eGov Technologies Ltd,ORDER_WIN,PROMISING
2026-10-07,PICCADIL,scan,Piccadily Agro Industries Ltd,RESTRUCTURING,PROMISING
2026-10-07,SURYAROSNI,scan,Surya Roshni Ltd,ORDER_WIN,PROMISING
2026-10-07,KIRLOSBROS,scan,Kirloskar Brothers Ltd,ORDER_WIN,PROMISING
2026-10-07,MMFL,scan,MM Forgings Ltd,RESTRUCTURING,PROMISING
2026-10-07,SANDHAR,scan,Sandhar Technologies Ltd,ACQUISITION,PROMISING
2026-10-07,GANESHHOU,scan,Ganesh Housing Ltd,RESTRUCTURING,PROMISING
2026-10-07,SMARTWORKS,scan,Smartworks Coworking Spaces Ltd,ACQUISITION,PROMISING
2026-10-07,DEEPINDS,scan,Deep Industries Ltd,ORDER_WIN,PROMISING
2026-10-07,EPIGRAL,scan,Epigral Ltd,ACQUISITION,PROMISING
2026-10-07,SILVERTUC,scan,Silver Touch Technologies Ltd,ORDER_WIN,PROMISING
2026-10-07,VARROC,scan,Varroc Engineering Ltd,ACQUISITION,PROMISING
2026-10-07,BLSE,scan,BLS E-Services Ltd,ACQUISITION,PROMISING
2026-10-07,JKLAKSHMI,scan,JK Lakshmi Cement Ltd,ACQUISITION,PROMISING
2026-10-07,TRIVENI,scan,Triveni Engineering & Industries Ltd,RESTRUCTURING,PROMISING
2026-10-07,SUDARSCHEM,scan,Sudarshan Chemical Industries Ltd,ACQUISITION,PROMISING
2026-10-07,SETL,scan,Standard Engineering Technology Ltd,ACQUISITION,PROMISING
2026-10-07,BBOX,scan,Black Box Ltd,ORDER_WIN,PROMISING
2026-10-07,DATAMATICS,scan,Datamatics Global Services Ltd,ACQUISITION,PROMISING
2026-10-07,SAMHI,scan,Samhi Hotels Ltd,ACQUISITION,PROMISING
2026-10-07,PARKHOSPS,scan,Park Medi World Ltd,ACQUISITION,PROMISING
2026-10-07,RATEGAIN,scan,RateGain Travel Technologies Ltd,DEBT_REDUCTION,PROMISING
2026-10-07,ICRA,scan,ICRA Ltd,ACQUISITION,PROMISING
2026-10-07,TRANSRAILL,scan,Transrail Lighting Ltd,CAPITAL_RAISE,PROMISING
2026-10-07,DBL,scan,Dilip Buildcon Ltd,ORDER_WIN,PROMISING
2026-10-07,ZUARI,scan,Zuari Agro Chemicals Ltd,ORDER_WIN,PROMISING
2026-10-07,ASHOKA,scan,Ashoka Buildcon Ltd,ORDER_WIN,PROMISING
2026-10-07,SOLEX,scan,Solex Energy Ltd,ORDER_WIN,PROMISING
2026-10-07,RPGLIFE,scan,RPG Life Sciences Ltd,ACQUISITION,PROMISING
2026-10-07,RAINBOW,scan,Rainbow Children's Medicare Ltd,ACQUISITION,PROMISING
2026-10-07,RANEHOLDIN,scan,Rane Holdings Ltd,CAPITAL_RAISE,PROMISING
2026-10-07,SWELECTES,scan,Swelect Energy Systems Ltd,ACQUISITION,PROMISING
2026-10-07,VESUVIUS,scan,Vesuvius India Ltd,RESTRUCTURING,PROMISING
2026-10-07,TANLA,scan,Tanla Platforms Ltd,ACQUISITION,PROMISING
2026-10-07,LEMONTREE,scan,Lemon Tree Hotels Ltd,ORDER_WIN,PROMISING
2026-10-07,DODLA,scan,Dodla Dairy Ltd,ACQUISITION,PROMISING
2026-10-07,SHK,scan,S H Kelkar and Company Ltd,RESTRUCTURING,PROMISING
2026-10-07,SIRCA,scan,Sirca Paints India Ltd,CAPITAL_RAISE,PROMISING
2026-10-07,SENORES,scan,Senores Pharmaceuticals Ltd,CAPITAL_RAISE,PROMISING
2026-10-07,HARIOMPIPE,scan,Hariom Pipe Industries Ltd,CAPITAL_RAISE,PROMISING
2026-10-07,AKUMS,scan,Akums Drugs and Pharmaceuticals Ltd,ACQUISITION,PROMISING
2026-10-07,SOMANYCERA,scan,Somany Ceramics Ltd,RESTRUCTURING,PROMISING
2026-10-07,VINCOFE,scan,Vintage Coffee And Beverages Ltd,ORDER_WIN,PROMISING
2026-10-07,SAREGAMA,scan,Saregama India Ltd,ACQUISITION,PROMISING
2026-10-07,VOGL,scan,Vedanta Oil and Gas Ltd,ORDER_WIN,PROMISING
2026-10-07,JAMNAAUTO,scan,Jamna Auto Industries Ltd,ACQUISITION,PROMISING
2026-10-07,HITECH,scan,Hi-Tech Pipes Ltd,CAPITAL_RAISE,PROMISING
2026-10-07,GREAVESCOT,scan,Greaves Cotton Ltd,ACQUISITION,PROMISING
2026-10-07,20MICRONS,scan,20 Microns Ltd,ACQUISITION,PROMISING
2026-10-07,TVSSRICHAK,scan,TVS Srichakra Ltd,ACQUISITION,PROMISING
2026-10-07,WABAG,scan,VA Tech Wabag Ltd,ORDER_WIN,PROMISING
2026-10-07,SGMART,scan,SG Mart Ltd,ACQUISITION,PROMISING
2026-10-07,TIIL,scan,Technocraft Industries (India) Ltd,ACQUISITION,PROMISING
2026-10-07,SOBHA,scan,Sobha Ltd,CAPITAL_RAISE,PROMISING
2026-10-07,WAAREERTL,scan,Waaree Renewable Technologies Ltd,ORDER_WIN,PROMISING
2026-10-07,PRECWIRE,scan,Precision Wires India Ltd,CAPITAL_RAISE,PROMISING
2026-10-07,FLAIR,scan,Flair Writing Industries Ltd,ORDER_WIN,PROMISING
2026-10-07,SHANTIGOLD,scan,Shanti Gold International Ltd,CAPITAL_RAISE,PROMISING
2026-10-07,CRIZAC,scan,Crizac Ltd,ACQUISITION,PROMISING
2026-10-07,CYIENT,scan,Cyient Ltd,ACQUISITION,PROMISING
2026-10-07,PNCINFRA,scan,PNC Infratech Ltd,ORDER_WIN,PROMISING
2026-10-07,HARDWYN,scan,Hardwyn India Ltd,ORDER_WIN,PROMISING
2026-10-07,TINNARUBR,scan,Tinna Rubber and Infrastructure Ltd,ACQUISITION,PROMISING
2026-10-07,LXCHEM,scan,Laxmi Organic Industries Ltd,CAPITAL_RAISE,PROMISING
2026-10-07,AURUM,scan,Aurum PropTech Ltd,CAPITAL_RAISE,PROMISING
2026-10-07,ADFFOODS,scan,Adf Foods Ltd,ACQUISITION,PROMISING
2026-10-07,SIYSIL,scan,Siyaram Silk Mills Ltd,RESTRUCTURING,PROMISING
2026-10-07,KIRLPNU,scan,Kirloskar Pneumatic Company Ltd,ACQUISITION,PROMISING
2026-10-07,JLHL,scan,Jupiter Life Line Hospitals Ltd,ACQUISITION,PROMISING
2026-10-07,ENTERO,scan,Entero Healthcare Solutions Ltd,ACQUISITION,PROMISING
2026-10-07,MOREPENLAB,scan,Morepen Laboratories Ltd,ACQUISITION,PROMISING
2026-10-07,ADVENZYMES,scan,Advanced Enzyme Technologies Ltd,ACQUISITION,PROMISING
2026-10-07,EXCELSOFT,scan,Excelsoft Technologies Ltd,ACQUISITION,PROMISING
2026-10-07,GENESYS,scan,Genesys International Corporation Ltd,CAPITAL_RAISE,PROMISING
2026-10-07,CCAVENUE,scan,AvenuesAI Ltd,CAPITAL_RAISE,PROMISING
2026-10-07,IXIGO,scan,Le Travenues Technology Ltd,ORDER_WIN,PROMISING
2026-10-07,JKIL,scan,J. Kumar Infraprojects Ltd,ORDER_WIN,PROMISING
2026-10-07,HCG,scan,HealthCare Global Enterprises Ltd,CAPITAL_RAISE,PROMISING
2026-10-07,KOLTEPATIL,scan,Kolte-Patil Developers Ltd,CAPITAL_RAISE,PROMISING
2026-10-07,BIKAJI,scan,Bikaji Foods International Ltd,ACQUISITION,PROMISING
2026-10-07,JKTYRE,scan,JK Tyre & Industries Ltd,ACQUISITION,PROMISING
2026-10-07,HGINFRA,scan,H.G. Infra Engineering Ltd,ORDER_WIN,PROMISING
2026-10-07,CEINSYS,scan,Ceinsys Tech Ltd,ORDER_WIN,PROMISING
2026-10-07,AVANTEL,scan,Avantel Ltd,ORDER_WIN,PROMISING
2026-10-07,STERTOOLS,scan,Sterling Tools Ltd,ACQUISITION+CAPITAL_RAISE,PROMISING
2026-10-07,NELCO,scan,Nelco Ltd,ACQUISITION,PROMISING
2026-10-07,DSSL,scan,Dynacons Systems & Solutions Ltd,ORDER_WIN,PROMISING
2026-10-08,IMFA,scan,Indian Metals & Ferro Alloys Ltd,ACQUISITION,PROMISING
2026-10-08,ZEEL,scan,Zee Entertainment Enterprises Ltd,CAPITAL_RAISE,PROMISING
2026-10-08,PARAS,scan,Paras Defence and Space Technologies Ltd,ORDER_WIN,PROMISING
2026-10-08,JUNIPER,scan,Juniper Hotels Ltd,ACQUISITION,PROMISING
2026-10-08,HAPPSTMNDS,scan,Happiest Minds Technologies Ltd,RESTRUCTURING,PROMISING
2026-10-08,VIYASH,scan,Viyash Scientific Ltd,ACQUISITION,PROMISING
2026-10-08,ACI,scan,Archean Chemical Industries Ltd,ACQUISITION,PROMISING
2026-10-08,ROHLTD,scan,Royal Orchid Hotels Ltd,ORDER_WIN,PROMISING
2026-10-08,RML,scan,Rane (Madras) Ltd,ACQUISITION,PROMISING
2026-10-08,DIAMONDYD,scan,Prataap Snacks Ltd,ACQUISITION,PROMISING
2026-10-08,JAYKAY,scan,Jaykay Enterprises Ltd,CAPITAL_RAISE,PROMISING
2026-10-08,CARYSIL,scan,Carysil Ltd,RESTRUCTURING,PROMISING
2026-10-08,MOL,scan,Meghmani Organics Ltd,RESTRUCTURING,PROMISING
2026-10-08,RKFORGE,scan,Ramkrishna Forgings Ltd,CAPITAL_RAISE,PROMISING
2026-10-08,ORCHPHARMA,scan,Orchid Pharma Ltd,ORDER_WIN,PROMISING
2026-10-08,CENTUM,scan,Centum Electronics Ltd,RESTRUCTURING,PROMISING
2026-10-08,TEAMLEASE,scan,TeamLease Services Ltd,ORDER_WIN,PROMISING
2026-10-08,PENIND,scan,Pennar Industries Ltd,CAPITAL_RAISE,PROMISING
2026-10-08,SIS,scan,SIS Ltd,ACQUISITION,PROMISING
2026-10-08,ARFIN,scan,Arfin India Ltd,ORDER_WIN,PROMISING
2026-10-08,KIRIINDUS,scan,Kiri Industries Ltd,ACQUISITION,PROMISING
2026-10-08,NITINSPIN,scan,Nitin Spinners Ltd,ACQUISITION,PROMISING
2026-10-08,NAVNETEDUL,scan,Navneet Education Ltd,RESTRUCTURING,PROMISING
2026-10-08,NIVABUPA,scan,Niva Bupa Health Insurance Company Ltd,ORDER_WIN,PROMISING
2026-10-08,MAHSEAMLES,scan,Maharashtra Seamless Ltd,RESTRUCTURING,PROMISING
2026-10-08,MHRIL,scan,Mahindra Holidays & Resorts India Ltd,ACQUISITION,PROMISING
2026-10-08,KIRLFER,scan,Kirloskar Ferrous Industries Ltd,ORDER_WIN,PROMISING
2026-10-08,MANINDS,scan,Man Industries (India) Ltd,ORDER_WIN,PROMISING
2026-10-08,SPORTKING,scan,Sportking India Ltd,ACQUISITION,PROMISING
2026-10-08,RAYMOND,scan,Raymond Ltd,CAPITAL_RAISE,PROMISING
2026-10-08,JKPAPER,scan,JK Paper Ltd,ACQUISITION,PROMISING
2026-10-08,SONATSOFTW,scan,Sonata Software Ltd,ORDER_WIN+RESTRUCTURING,PROMISING
2026-10-08,ISGEC,scan,ISGEC Heavy Engineering Ltd,RESTRUCTURING,PROMISING
2026-10-08,DIVGIITTS,scan,DIVGI TORQTRANSFER SYSTEMS Ltd,ACQUISITION,PROMISING
2026-10-08,WENDT,scan,Wendt (India) Ltd,ACQUISITION+CAPITAL_RAISE,PROMISING
2026-10-08,CLEAN,scan,Clean Science and Technology Ltd,ACQUISITION,PROMISING
2026-10-08,MEDIASSIST,scan,Medi Assist Healthcare Services Ltd,ACQUISITION,PROMISING
2026-10-08,TEXRAIL,scan,Texmaco Rail & Engineering Ltd,ACQUISITION,PROMISING
2026-10-08,STANLEY,scan,Stanley Lifestyles Ltd,ORDER_WIN,PROMISING
2026-10-08,POWERMECH,scan,Power Mech Projects Ltd,ORDER_WIN,PROMISING
2026-10-08,GOLDIAM,scan,Goldiam International Ltd,ORDER_WIN,PROMISING
2026-10-08,EPL,scan,EPL Ltd,ACQUISITION,PROMISING
2026-10-08,QPOWER,scan,Quality Power Electrical Equipments Ltd,ORDER_WIN,PROMISING
2026-10-08,HLEGLAS,scan,HLE Glascoat Ltd,ACQUISITION,PROMISING
2026-10-08,KRSNAA,scan,Krsnaa Diagnostics Ltd,CAPITAL_RAISE,PROMISING
2026-10-08,MARSONS,scan,Marsons Ltd,ORDER_WIN,PROMISING
2026-10-08,INDIANHUME,scan,Indian Hume Pipe Company Ltd,ORDER_WIN,PROMISING
2026-10-08,MANORAMA,scan,Manorama Industries Ltd,CAPITAL_RAISE,PROMISING
2026-10-08,SAIPARENT,scan,Sai Parenterals Ltd,ORDER_WIN,PROMISING
2026-10-08,ATLANTAELE,scan,Atlanta Electricals Ltd,ORDER_WIN,PROMISING
2026-10-08,EFCIL,scan,EFC (I) Ltd,ACQUISITION,PROMISING
2026-10-08,ASHIANA,scan,Ashiana Housing Ltd,ORDER_WIN,PROMISING
2026-10-08,SRM,scan,SRM Contractors Ltd,ORDER_WIN,PROMISING
2026-10-08,VIKRAMSOLR,scan,Vikram Solar Ltd,RESTRUCTURING,PROMISING
2026-10-08,GSPCROP,scan,GSP Crop Science Ltd,RESTRUCTURING,PROMISING
2026-10-08,BCLIND,scan,BCL Industries Ltd,ACQUISITION,PROMISING
2026-10-08,UGROCAP,scan,Ugro Capital Ltd,RESTRUCTURING,PROMISING
2026-10-08,HEG,scan,HEG Ltd,RESTRUCTURING,PROMISING
2026-10-08,CEATLTD,scan,Ceat Ltd,ORDER_WIN,PROMISING
2026-10-08,JUBLINGREA,scan,Jubilant Ingrevia Ltd,ACQUISITION,PROMISING
2026-10-08,PRICOLLTD,scan,Pricol Ltd,RESTRUCTURING,PROMISING
2026-10-08,JAGSNPHARM,scan,Jagsonpal Pharmaceuticals Ltd,ACQUISITION,PROMISING
2026-10-08,LUMAXTECH,scan,Lumax Auto Technologies Ltd,ACQUISITION,PROMISING
2026-10-08,ONWARDTEC,scan,Onward Technologies Ltd,ORDER_WIN,PROMISING
2026-10-08,ARIS,scan,ArisInfra Solutions Ltd,RESTRUCTURING,PROMISING
2026-10-08,MMFL,scan,MM Forgings Ltd,RESTRUCTURING,PROMISING
2026-10-08,GUFICBIO,scan,Gufic Biosciences Ltd,ACQUISITION,PROMISING
2026-10-08,SAMBHV,scan,Sambhv Steel Tubes Ltd,CAPITAL_RAISE,PROMISING
2026-10-08,NIITMTS,scan,NIIT Learning Systems Ltd,RESTRUCTURING,PROMISING
2026-10-08,ARSSBL,scan,Anand Rathi Share And Stock Brokers Ltd,ORDER_WIN,PROMISING
2026-10-08,ANURAS,scan,Anupam Rasayan India Ltd,ACQUISITION,PROMISING
2026-10-08,ASIANTILES,scan,Asian Granito India Ltd,ACQUISITION,PROMISING
2026-10-08,GKENERGY,scan,GK Energy Ltd,ORDER_WIN,PROMISING
2026-10-08,TRIDENT,scan,Trident Ltd,ACQUISITION,PROMISING
2026-10-08,PROTEAN,scan,Protean eGov Technologies Ltd,ORDER_WIN,PROMISING
2026-10-08,PICCADIL,scan,Piccadily Agro Industries Ltd,RESTRUCTURING,PROMISING
2026-10-08,NELCO,scan,Nelco Ltd,ACQUISITION,PROMISING
2026-10-08,SURYAROSNI,scan,Surya Roshni Ltd,ORDER_WIN,PROMISING
2026-10-08,KIRLOSBROS,scan,Kirloskar Brothers Ltd,ORDER_WIN,PROMISING
2026-10-08,RITES,scan,RITES Ltd,ORDER_WIN,PROMISING
2026-10-08,GANESHHOU,scan,Ganesh Housing Ltd,RESTRUCTURING,PROMISING
2026-10-08,SMARTWORKS,scan,Smartworks Coworking Spaces Ltd,ACQUISITION,PROMISING
2026-10-08,DEEPINDS,scan,Deep Industries Ltd,ORDER_WIN,PROMISING
2026-10-08,EPIGRAL,scan,Epigral Ltd,ACQUISITION,PROMISING
2026-10-08,SILVERTUC,scan,Silver Touch Technologies Ltd,ORDER_WIN,PROMISING
2026-10-08,VARROC,scan,Varroc Engineering Ltd,ACQUISITION,PROMISING
2026-10-08,BLSE,scan,BLS E-Services Ltd,ACQUISITION,PROMISING
2026-10-08,SANDHAR,scan,Sandhar Technologies Ltd,ACQUISITION,PROMISING
2026-10-08,TRIVENI,scan,Triveni Engineering & Industries Ltd,RESTRUCTURING,PROMISING
2026-10-08,SUDARSCHEM,scan,Sudarshan Chemical Industries Ltd,ACQUISITION,PROMISING
2026-10-08,SETL,scan,Standard Engineering Technology Ltd,ACQUISITION,PROMISING
2026-10-08,BBOX,scan,Black Box Ltd,ORDER_WIN,PROMISING
2026-10-08,DATAMATICS,scan,Datamatics Global Services Ltd,ACQUISITION,PROMISING
2026-10-08,SAMHI,scan,Samhi Hotels Ltd,ACQUISITION,PROMISING
2026-10-08,PARKHOSPS,scan,Park Medi World Ltd,ACQUISITION,PROMISING
2026-10-08,RATEGAIN,scan,RateGain Travel Technologies Ltd,DEBT_REDUCTION,PROMISING
2026-10-08,ICRA,scan,ICRA Ltd,ACQUISITION,PROMISING
2026-10-08,TRANSRAILL,scan,Transrail Lighting Ltd,CAPITAL_RAISE,PROMISING
2026-10-08,DBL,scan,Dilip Buildcon Ltd,ORDER_WIN,PROMISING
2026-10-08,ZUARI,scan,Zuari Agro Chemicals Ltd,ORDER_WIN,PROMISING
2026-10-08,ASHOKA,scan,Ashoka Buildcon Ltd,ORDER_WIN,PROMISING
2026-10-08,SOLEX,scan,Solex Energy Ltd,ORDER_WIN,PROMISING
2026-10-08,RPGLIFE,scan,RPG Life Sciences Ltd,ACQUISITION,PROMISING
2026-10-08,RAINBOW,scan,Rainbow Children's Medicare Ltd,ACQUISITION,PROMISING
2026-10-08,VESUVIUS,scan,Vesuvius India Ltd,RESTRUCTURING,PROMISING
2026-10-08,SWELECTES,scan,Swelect Energy Systems Ltd,ACQUISITION,PROMISING
2026-10-08,SHK,scan,S H Kelkar and Company Ltd,RESTRUCTURING,PROMISING
2026-10-08,TANLA,scan,Tanla Platforms Ltd,ACQUISITION,PROMISING
2026-10-08,LEMONTREE,scan,Lemon Tree Hotels Ltd,ORDER_WIN,PROMISING
2026-10-08,DODLA,scan,Dodla Dairy Ltd,ACQUISITION,PROMISING
2026-10-08,DSSL,scan,Dynacons Systems & Solutions Ltd,ORDER_WIN,PROMISING
2026-10-08,SIRCA,scan,Sirca Paints India Ltd,CAPITAL_RAISE,PROMISING
2026-10-08,SENORES,scan,Senores Pharmaceuticals Ltd,CAPITAL_RAISE,PROMISING
2026-10-08,HARIOMPIPE,scan,Hariom Pipe Industries Ltd,CAPITAL_RAISE,PROMISING
2026-10-08,AKUMS,scan,Akums Drugs and Pharmaceuticals Ltd,ACQUISITION,PROMISING
2026-10-08,SOMANYCERA,scan,Somany Ceramics Ltd,RESTRUCTURING,PROMISING
2026-10-08,VINCOFE,scan,Vintage Coffee And Beverages Ltd,ORDER_WIN,PROMISING
2026-10-08,SAREGAMA,scan,Saregama India Ltd,ACQUISITION,PROMISING
2026-10-08,VOGL,scan,Vedanta Oil and Gas Ltd,ORDER_WIN,PROMISING
2026-10-08,JAMNAAUTO,scan,Jamna Auto Industries Ltd,ACQUISITION,PROMISING
2026-10-08,HITECH,scan,Hi-Tech Pipes Ltd,CAPITAL_RAISE,PROMISING
2026-10-08,GREAVESCOT,scan,Greaves Cotton Ltd,ACQUISITION,PROMISING
2026-10-08,20MICRONS,scan,20 Microns Ltd,ACQUISITION,PROMISING
2026-10-08,TVSSRICHAK,scan,TVS Srichakra Ltd,ACQUISITION,PROMISING
2026-10-08,WABAG,scan,VA Tech Wabag Ltd,ORDER_WIN,PROMISING
2026-10-08,SGMART,scan,SG Mart Ltd,ACQUISITION,PROMISING
2026-10-08,TIIL,scan,Technocraft Industries (India) Ltd,ACQUISITION,PROMISING
2026-10-08,SOBHA,scan,Sobha Ltd,CAPITAL_RAISE,PROMISING
2026-10-08,WAAREERTL,scan,Waaree Renewable Technologies Ltd,ORDER_WIN,PROMISING
2026-10-08,PRECWIRE,scan,Precision Wires India Ltd,CAPITAL_RAISE,PROMISING
2026-10-08,FLAIR,scan,Flair Writing Industries Ltd,ORDER_WIN,PROMISING
2026-10-08,SHANTIGOLD,scan,Shanti Gold International Ltd,CAPITAL_RAISE,PROMISING
2026-10-08,CRIZAC,scan,Crizac Ltd,ACQUISITION,PROMISING
2026-10-08,CYIENT,scan,Cyient Ltd,ACQUISITION,PROMISING
2026-10-08,PNCINFRA,scan,PNC Infratech Ltd,ORDER_WIN,PROMISING
2026-10-08,HARDWYN,scan,Hardwyn India Ltd,ORDER_WIN,PROMISING
2026-10-08,MOREPENLAB,scan,Morepen Laboratories Ltd,ACQUISITION,PROMISING
2026-10-08,LXCHEM,scan,Laxmi Organic Industries Ltd,CAPITAL_RAISE,PROMISING
2026-10-08,AURUM,scan,Aurum PropTech Ltd,CAPITAL_RAISE,PROMISING
2026-10-08,ADFFOODS,scan,Adf Foods Ltd,ACQUISITION,PROMISING
2026-10-08,SIYSIL,scan,Siyaram Silk Mills Ltd,RESTRUCTURING,PROMISING
2026-10-08,KIRLPNU,scan,Kirloskar Pneumatic Company Ltd,ACQUISITION,PROMISING
2026-10-08,JLHL,scan,Jupiter Life Line Hospitals Ltd,ACQUISITION,PROMISING
2026-10-08,ENTERO,scan,Entero Healthcare Solutions Ltd,ACQUISITION,PROMISING
2026-10-08,JKLAKSHMI,scan,JK Lakshmi Cement Ltd,ACQUISITION,PROMISING
2026-10-08,ADVENZYMES,scan,Advanced Enzyme Technologies Ltd,ACQUISITION,PROMISING
2026-10-08,EXCELSOFT,scan,Excelsoft Technologies Ltd,ACQUISITION,PROMISING
2026-10-08,GENESYS,scan,Genesys International Corporation Ltd,CAPITAL_RAISE,PROMISING
2026-10-08,CCAVENUE,scan,AvenuesAI Ltd,CAPITAL_RAISE,PROMISING
2026-10-08,IXIGO,scan,Le Travenues Technology Ltd,ORDER_WIN,PROMISING
2026-10-08,JKIL,scan,J. Kumar Infraprojects Ltd,ORDER_WIN,PROMISING
2026-10-08,HCG,scan,HealthCare Global Enterprises Ltd,CAPITAL_RAISE,PROMISING
2026-10-08,TINNARUBR,scan,Tinna Rubber and Infrastructure Ltd,ACQUISITION,PROMISING
2026-10-08,BIKAJI,scan,Bikaji Foods International Ltd,ACQUISITION,PROMISING
2026-10-08,JKTYRE,scan,JK Tyre & Industries Ltd,ACQUISITION,PROMISING
2026-10-08,HGINFRA,scan,H.G. Infra Engineering Ltd,ORDER_WIN,PROMISING
2026-10-08,KOLTEPATIL,scan,Kolte-Patil Developers Ltd,CAPITAL_RAISE,PROMISING
2026-10-08,AVANTEL,scan,Avantel Ltd,ORDER_WIN,PROMISING
2026-10-08,CEINSYS,scan,Ceinsys Tech Ltd,ORDER_WIN,PROMISING
2026-10-08,STERTOOLS,scan,Sterling Tools Ltd,ACQUISITION+CAPITAL_RAISE,PROMISING
2026-10-08,RANEHOLDIN,scan,Rane Holdings Ltd,CAPITAL_RAISE,PROMISING
2026-10-09,IMFA,scan,Indian Metals & Ferro Alloys Ltd,ACQUISITION,PROMISING
2026-10-09,ZEEL,scan,Zee Entertainment Enterprises Ltd,CAPITAL_RAISE,PROMISING
2026-10-09,PARAS,scan,Paras Defence and Space Technologies Ltd,ORDER_WIN,PROMISING
2026-10-09,JUNIPER,scan,Juniper Hotels Ltd,ACQUISITION,PROMISING
2026-10-09,HAPPSTMNDS,scan,Happiest Minds Technologies Ltd,RESTRUCTURING,PROMISING
2026-10-09,VIYASH,scan,Viyash Scientific Ltd,ACQUISITION,PROMISING
2026-10-09,ACI,scan,Archean Chemical Industries Ltd,ACQUISITION,PROMISING
2026-10-09,ROHLTD,scan,Royal Orchid Hotels Ltd,ORDER_WIN,PROMISING
2026-10-09,RML,scan,Rane (Madras) Ltd,ACQUISITION,PROMISING
2026-10-09,DIAMONDYD,scan,Prataap Snacks Ltd,ACQUISITION,PROMISING
2026-10-09,JAYKAY,scan,Jaykay Enterprises Ltd,CAPITAL_RAISE,PROMISING
2026-10-09,CARYSIL,scan,Carysil Ltd,RESTRUCTURING,PROMISING
2026-10-09,MOL,scan,Meghmani Organics Ltd,RESTRUCTURING,PROMISING
2026-10-09,RKFORGE,scan,Ramkrishna Forgings Ltd,CAPITAL_RAISE,PROMISING
2026-10-09,ORCHPHARMA,scan,Orchid Pharma Ltd,ORDER_WIN,PROMISING
2026-10-09,CENTUM,scan,Centum Electronics Ltd,RESTRUCTURING,PROMISING
2026-10-09,TEAMLEASE,scan,TeamLease Services Ltd,ORDER_WIN,PROMISING
2026-10-09,PENIND,scan,Pennar Industries Ltd,CAPITAL_RAISE,PROMISING
2026-10-09,SIS,scan,SIS Ltd,ACQUISITION,PROMISING
2026-10-09,ARFIN,scan,Arfin India Ltd,ORDER_WIN,PROMISING
2026-10-09,KIRIINDUS,scan,Kiri Industries Ltd,ACQUISITION,PROMISING
2026-10-09,NITINSPIN,scan,Nitin Spinners Ltd,ACQUISITION,PROMISING
2026-10-09,NAVNETEDUL,scan,Navneet Education Ltd,RESTRUCTURING,PROMISING
2026-10-09,NIVABUPA,scan,Niva Bupa Health Insurance Company Ltd,ORDER_WIN,PROMISING
2026-10-09,MAHSEAMLES,scan,Maharashtra Seamless Ltd,RESTRUCTURING,PROMISING
2026-10-09,MHRIL,scan,Mahindra Holidays & Resorts India Ltd,ACQUISITION,PROMISING
2026-10-09,KIRLFER,scan,Kirloskar Ferrous Industries Ltd,ORDER_WIN,PROMISING
2026-10-09,MANINDS,scan,Man Industries (India) Ltd,ORDER_WIN,PROMISING
2026-10-09,SPORTKING,scan,Sportking India Ltd,ACQUISITION,PROMISING
2026-10-09,RAYMOND,scan,Raymond Ltd,CAPITAL_RAISE,PROMISING
2026-10-09,JKPAPER,scan,JK Paper Ltd,ACQUISITION,PROMISING
2026-10-09,SONATSOFTW,scan,Sonata Software Ltd,ORDER_WIN+RESTRUCTURING,PROMISING
2026-10-09,ISGEC,scan,ISGEC Heavy Engineering Ltd,RESTRUCTURING,PROMISING
2026-10-09,DIVGIITTS,scan,DIVGI TORQTRANSFER SYSTEMS Ltd,ACQUISITION,PROMISING
2026-10-09,WENDT,scan,Wendt (India) Ltd,ACQUISITION+CAPITAL_RAISE,PROMISING
2026-10-09,CLEAN,scan,Clean Science and Technology Ltd,ACQUISITION,PROMISING
2026-10-09,MEDIASSIST,scan,Medi Assist Healthcare Services Ltd,ACQUISITION,PROMISING
2026-10-09,TEXRAIL,scan,Texmaco Rail & Engineering Ltd,ACQUISITION,PROMISING
2026-10-09,STANLEY,scan,Stanley Lifestyles Ltd,ORDER_WIN,PROMISING
2026-10-09,POWERMECH,scan,Power Mech Projects Ltd,ORDER_WIN,PROMISING
2026-10-09,GOLDIAM,scan,Goldiam International Ltd,ORDER_WIN,PROMISING
2026-10-09,EPL,scan,EPL Ltd,ACQUISITION,PROMISING
2026-10-09,QPOWER,scan,Quality Power Electrical Equipments Ltd,ORDER_WIN,PROMISING
2026-10-09,HLEGLAS,scan,HLE Glascoat Ltd,ACQUISITION,PROMISING
2026-10-09,KRSNAA,scan,Krsnaa Diagnostics Ltd,CAPITAL_RAISE,PROMISING
2026-10-09,MARSONS,scan,Marsons Ltd,ORDER_WIN,PROMISING
2026-10-09,INDIANHUME,scan,Indian Hume Pipe Company Ltd,ORDER_WIN,PROMISING
2026-10-09,MANORAMA,scan,Manorama Industries Ltd,CAPITAL_RAISE,PROMISING
2026-10-09,SAIPARENT,scan,Sai Parenterals Ltd,ORDER_WIN,PROMISING
2026-10-09,ATLANTAELE,scan,Atlanta Electricals Ltd,ORDER_WIN,PROMISING
2026-10-09,EFCIL,scan,EFC (I) Ltd,ACQUISITION,PROMISING
2026-10-09,ASHIANA,scan,Ashiana Housing Ltd,ORDER_WIN,PROMISING
2026-10-09,SRM,scan,SRM Contractors Ltd,ORDER_WIN,PROMISING
2026-10-09,VIKRAMSOLR,scan,Vikram Solar Ltd,RESTRUCTURING,PROMISING
2026-10-09,GSPCROP,scan,GSP Crop Science Ltd,RESTRUCTURING,PROMISING
2026-10-09,BCLIND,scan,BCL Industries Ltd,ACQUISITION,PROMISING
2026-10-09,UGROCAP,scan,Ugro Capital Ltd,RESTRUCTURING,PROMISING
2026-10-09,HEG,scan,HEG Ltd,RESTRUCTURING,PROMISING
2026-10-09,CEATLTD,scan,Ceat Ltd,ORDER_WIN,PROMISING
2026-10-09,JUBLINGREA,scan,Jubilant Ingrevia Ltd,ACQUISITION,PROMISING
2026-10-09,PRICOLLTD,scan,Pricol Ltd,RESTRUCTURING,PROMISING
2026-10-09,JAGSNPHARM,scan,Jagsonpal Pharmaceuticals Ltd,ACQUISITION,PROMISING
2026-10-09,LUMAXTECH,scan,Lumax Auto Technologies Ltd,ACQUISITION,PROMISING
2026-10-09,ONWARDTEC,scan,Onward Technologies Ltd,ORDER_WIN,PROMISING
2026-10-09,ARIS,scan,ArisInfra Solutions Ltd,RESTRUCTURING,PROMISING
2026-10-09,MMFL,scan,MM Forgings Ltd,RESTRUCTURING,PROMISING
2026-10-09,GUFICBIO,scan,Gufic Biosciences Ltd,ACQUISITION,PROMISING
2026-10-09,SAMBHV,scan,Sambhv Steel Tubes Ltd,CAPITAL_RAISE,PROMISING
2026-10-09,NIITMTS,scan,NIIT Learning Systems Ltd,RESTRUCTURING,PROMISING
2026-10-09,ARSSBL,scan,Anand Rathi Share And Stock Brokers Ltd,ORDER_WIN,PROMISING
2026-10-09,ANURAS,scan,Anupam Rasayan India Ltd,ACQUISITION,PROMISING
2026-10-09,ASIANTILES,scan,Asian Granito India Ltd,ACQUISITION,PROMISING
2026-10-09,GKENERGY,scan,GK Energy Ltd,ORDER_WIN,PROMISING
2026-10-09,TRIDENT,scan,Trident Ltd,ACQUISITION,PROMISING
2026-10-09,PROTEAN,scan,Protean eGov Technologies Ltd,ORDER_WIN,PROMISING
2026-10-09,PICCADIL,scan,Piccadily Agro Industries Ltd,RESTRUCTURING,PROMISING
2026-10-09,NELCO,scan,Nelco Ltd,ACQUISITION,PROMISING
2026-10-09,SURYAROSNI,scan,Surya Roshni Ltd,ORDER_WIN,PROMISING
2026-10-09,KIRLOSBROS,scan,Kirloskar Brothers Ltd,ORDER_WIN,PROMISING
2026-10-09,RITES,scan,RITES Ltd,ORDER_WIN,PROMISING
2026-10-09,GANESHHOU,scan,Ganesh Housing Ltd,RESTRUCTURING,PROMISING
2026-10-09,SMARTWORKS,scan,Smartworks Coworking Spaces Ltd,ACQUISITION,PROMISING
2026-10-09,DEEPINDS,scan,Deep Industries Ltd,ORDER_WIN,PROMISING
2026-10-09,EPIGRAL,scan,Epigral Ltd,ACQUISITION,PROMISING
2026-10-09,SILVERTUC,scan,Silver Touch Technologies Ltd,ORDER_WIN,PROMISING
2026-10-09,VARROC,scan,Varroc Engineering Ltd,ACQUISITION,PROMISING
2026-10-09,BLSE,scan,BLS E-Services Ltd,ACQUISITION,PROMISING
2026-10-09,SANDHAR,scan,Sandhar Technologies Ltd,ACQUISITION,PROMISING
2026-10-09,TRIVENI,scan,Triveni Engineering & Industries Ltd,RESTRUCTURING,PROMISING
2026-10-09,SUDARSCHEM,scan,Sudarshan Chemical Industries Ltd,ACQUISITION,PROMISING
2026-10-09,SETL,scan,Standard Engineering Technology Ltd,ACQUISITION,PROMISING
2026-10-09,BBOX,scan,Black Box Ltd,ORDER_WIN,PROMISING
2026-10-09,DATAMATICS,scan,Datamatics Global Services Ltd,ACQUISITION,PROMISING
2026-10-09,SAMHI,scan,Samhi Hotels Ltd,ACQUISITION,PROMISING
2026-10-09,PARKHOSPS,scan,Park Medi World Ltd,ACQUISITION,PROMISING
2026-10-09,RATEGAIN,scan,RateGain Travel Technologies Ltd,DEBT_REDUCTION,PROMISING
2026-10-09,ICRA,scan,ICRA Ltd,ACQUISITION,PROMISING
2026-10-09,TRANSRAILL,scan,Transrail Lighting Ltd,CAPITAL_RAISE,PROMISING
2026-10-09,DBL,scan,Dilip Buildcon Ltd,ORDER_WIN,PROMISING
2026-10-09,ZUARI,scan,Zuari Agro Chemicals Ltd,ORDER_WIN,PROMISING
2026-10-09,ASHOKA,scan,Ashoka Buildcon Ltd,ORDER_WIN,PROMISING
2026-10-09,SOLEX,scan,Solex Energy Ltd,ORDER_WIN,PROMISING
2026-10-09,RPGLIFE,scan,RPG Life Sciences Ltd,ACQUISITION,PROMISING
2026-10-09,RAINBOW,scan,Rainbow Children's Medicare Ltd,ACQUISITION,PROMISING
2026-10-09,VESUVIUS,scan,Vesuvius India Ltd,RESTRUCTURING,PROMISING
2026-10-09,SWELECTES,scan,Swelect Energy Systems Ltd,ACQUISITION,PROMISING
2026-10-09,SHK,scan,S H Kelkar and Company Ltd,RESTRUCTURING,PROMISING
2026-10-09,TANLA,scan,Tanla Platforms Ltd,ACQUISITION,PROMISING
2026-10-09,LEMONTREE,scan,Lemon Tree Hotels Ltd,ORDER_WIN,PROMISING
2026-10-09,DODLA,scan,Dodla Dairy Ltd,ACQUISITION,PROMISING
2026-10-09,DSSL,scan,Dynacons Systems & Solutions Ltd,ORDER_WIN,PROMISING
2026-10-09,SIRCA,scan,Sirca Paints India Ltd,CAPITAL_RAISE,PROMISING
2026-10-09,SENORES,scan,Senores Pharmaceuticals Ltd,CAPITAL_RAISE,PROMISING
2026-10-09,HARIOMPIPE,scan,Hariom Pipe Industries Ltd,CAPITAL_RAISE,PROMISING
2026-10-09,AKUMS,scan,Akums Drugs and Pharmaceuticals Ltd,ACQUISITION,PROMISING
2026-10-09,SOMANYCERA,scan,Somany Ceramics Ltd,RESTRUCTURING,PROMISING
2026-10-09,VINCOFE,scan,Vintage Coffee And Beverages Ltd,ORDER_WIN,PROMISING
2026-10-09,SAREGAMA,scan,Saregama India Ltd,ACQUISITION,PROMISING
2026-10-09,VOGL,scan,Vedanta Oil and Gas Ltd,ORDER_WIN,PROMISING
2026-10-09,JAMNAAUTO,scan,Jamna Auto Industries Ltd,ACQUISITION,PROMISING
2026-10-09,HITECH,scan,Hi-Tech Pipes Ltd,CAPITAL_RAISE,PROMISING
2026-10-09,GREAVESCOT,scan,Greaves Cotton Ltd,ACQUISITION,PROMISING
2026-10-09,20MICRONS,scan,20 Microns Ltd,ACQUISITION,PROMISING
2026-10-09,TVSSRICHAK,scan,TVS Srichakra Ltd,ACQUISITION,PROMISING
2026-10-09,WABAG,scan,VA Tech Wabag Ltd,ORDER_WIN,PROMISING
2026-10-09,SGMART,scan,SG Mart Ltd,ACQUISITION,PROMISING
2026-10-09,TIIL,scan,Technocraft Industries (India) Ltd,ACQUISITION,PROMISING
2026-10-09,SOBHA,scan,Sobha Ltd,CAPITAL_RAISE,PROMISING
2026-10-09,WAAREERTL,scan,Waaree Renewable Technologies Ltd,ORDER_WIN,PROMISING
2026-10-09,PRECWIRE,scan,Precision Wires India Ltd,CAPITAL_RAISE,PROMISING
2026-10-09,FLAIR,scan,Flair Writing Industries Ltd,ORDER_WIN,PROMISING
2026-10-09,SHANTIGOLD,scan,Shanti Gold International Ltd,CAPITAL_RAISE,PROMISING
2026-10-09,CRIZAC,scan,Crizac Ltd,ACQUISITION,PROMISING
2026-10-09,CYIENT,scan,Cyient Ltd,ACQUISITION,PROMISING
2026-10-09,PNCINFRA,scan,PNC Infratech Ltd,ORDER_WIN,PROMISING
2026-10-09,HARDWYN,scan,Hardwyn India Ltd,ORDER_WIN,PROMISING
2026-10-09,MOREPENLAB,scan,Morepen Laboratories Ltd,ACQUISITION,PROMISING
2026-10-09,LXCHEM,scan,Laxmi Organic Industries Ltd,CAPITAL_RAISE,PROMISING
2026-10-09,AURUM,scan,Aurum PropTech Ltd,CAPITAL_RAISE,PROMISING
2026-10-09,ADFFOODS,scan,Adf Foods Ltd,ACQUISITION,PROMISING
2026-10-09,SIYSIL,scan,Siyaram Silk Mills Ltd,RESTRUCTURING,PROMISING
2026-10-09,KIRLPNU,scan,Kirloskar Pneumatic Company Ltd,ACQUISITION,PROMISING
2026-10-09,JLHL,scan,Jupiter Life Line Hospitals Ltd,ACQUISITION,PROMISING
2026-10-09,ENTERO,scan,Entero Healthcare Solutions Ltd,ACQUISITION,PROMISING
2026-10-09,JKLAKSHMI,scan,JK Lakshmi Cement Ltd,ACQUISITION,PROMISING
2026-10-09,ADVENZYMES,scan,Advanced Enzyme Technologies Ltd,ACQUISITION,PROMISING
2026-10-09,EXCELSOFT,scan,Excelsoft Technologies Ltd,ACQUISITION,PROMISING
2026-10-09,GENESYS,scan,Genesys International Corporation Ltd,CAPITAL_RAISE,PROMISING
2026-10-09,CCAVENUE,scan,AvenuesAI Ltd,CAPITAL_RAISE,PROMISING
2026-10-09,IXIGO,scan,Le Travenues Technology Ltd,ORDER_WIN,PROMISING
2026-10-09,JKIL,scan,J. Kumar Infraprojects Ltd,ORDER_WIN,PROMISING
2026-10-09,HCG,scan,HealthCare Global Enterprises Ltd,CAPITAL_RAISE,PROMISING
2026-10-09,TINNARUBR,scan,Tinna Rubber and Infrastructure Ltd,ACQUISITION,PROMISING
2026-10-09,BIKAJI,scan,Bikaji Foods International Ltd,ACQUISITION,PROMISING
2026-10-09,JKTYRE,scan,JK Tyre & Industries Ltd,ACQUISITION,PROMISING
2026-10-09,HGINFRA,scan,H.G. Infra Engineering Ltd,ORDER_WIN,PROMISING
2026-10-09,KOLTEPATIL,scan,Kolte-Patil Developers Ltd,CAPITAL_RAISE,PROMISING
2026-10-09,AVANTEL,scan,Avantel Ltd,ORDER_WIN,PROMISING
2026-10-09,CEINSYS,scan,Ceinsys Tech Ltd,ORDER_WIN,PROMISING
2026-10-09,STERTOOLS,scan,Sterling Tools Ltd,ACQUISITION+CAPITAL_RAISE,PROMISING
2026-10-09,RANEHOLDIN,scan,Rane Holdings Ltd,CAPITAL_RAISE,PROMISING
2026-10-09,WELENT,scan,Welspun Enterprises Ltd,ORDER_WIN,PROMISING
2026-10-09,IVALUE,scan,Ivalue Infosolutions Ltd,ACQUISITION,PROMISING
2026-10-09,SANGHVIMOV,scan,Sanghvi Movers Ltd,ACQUISITION,PROMISING
2026-10-09,JASH,scan,Jash Engineering Ltd,ORDER_WIN,PROMISING
2026-10-10,SILVERTUC,scan,Silver Touch Technologies Ltd,ORDER_WIN,PROMISING
2026-10-10,MAHSEAMLES,scan,Maharashtra Seamless Ltd,ACQUISITION+RESTRUCTURING,PROMISING
2026-10-10,WELENT,scan,Welspun Enterprises Ltd,ORDER_WIN,PROMISING
2026-10-10,DBL,scan,Dilip Buildcon Ltd,ORDER_WIN,PROMISING
2026-10-10,ADVENZYMES,scan,Advanced Enzyme Technologies Ltd,ACQUISITION,PROMISING
2026-10-10,IVALUE,scan,Ivalue Infosolutions Ltd,ACQUISITION,PROMISING
2026-10-10,MOL,scan,Meghmani Organics Ltd,ACQUISITION+RESTRUCTURING,PROMISING
2026-10-10,EXCELSOFT,scan,Excelsoft Technologies Ltd,ACQUISITION,PROMISING
2026-10-10,ASHOKA,scan,Ashoka Buildcon Ltd,ORDER_WIN,PROMISING
2026-10-10,HCG,scan,HealthCare Global Enterprises Ltd,CAPITAL_RAISE,PROMISING
2026-10-10,JKTYRE,scan,JK Tyre & Industries Ltd,ACQUISITION,PROMISING
2026-10-10,ZEEL,scan,Zee Entertainment Enterprises Ltd,CAPITAL_RAISE,PROMISING
2026-10-10,TRANSRAILL,scan,Transrail Lighting Ltd,ORDER_WIN,PROMISING
2026-10-10,SANGHVIMOV,scan,Sanghvi Movers Ltd,ACQUISITION,PROMISING
2026-10-10,SOLEX,scan,Solex Energy Ltd,ORDER_WIN,PROMISING
2026-10-10,MARSONS,scan,Marsons Ltd,ACQUISITION,PROMISING
2026-10-10,JKIL,scan,J. Kumar Infraprojects Ltd,ORDER_WIN,PROMISING
2026-10-10,IXIGO,scan,Le Travenues Technology Ltd,ORDER_WIN,PROMISING
2026-10-10,BIKAJI,scan,Bikaji Foods International Ltd,ACQUISITION,PROMISING
2026-10-10,HGINFRA,scan,H.G. Infra Engineering Ltd,ORDER_WIN,PROMISING
2026-10-10,PRECWIRE,scan,Precision Wires India Ltd,CAPITAL_RAISE,PROMISING
2026-10-10,TINNARUBR,scan,Tinna Rubber and Infrastructure Ltd,ACQUISITION,PROMISING
2026-10-10,FLAIR,scan,Flair Writing Industries Ltd,ORDER_WIN,PROMISING
2026-10-10,RATEGAIN,scan,RateGain Travel Technologies Ltd,DEBT_REDUCTION,PROMISING
2026-10-10,NIITMTS,scan,NIIT Learning Systems Ltd,RESTRUCTURING,PROMISING
2026-10-10,ARSSBL,scan,Anand Rathi Share And Stock Brokers Ltd,ORDER_WIN,PROMISING
2026-10-10,TVSSRICHAK,scan,TVS Srichakra Ltd,ACQUISITION,PROMISING
2026-10-10,ANURAS,scan,Anupam Rasayan India Ltd,ACQUISITION,PROMISING
2026-10-10,WABAG,scan,VA Tech Wabag Ltd,ORDER_WIN,PROMISING
2026-10-10,SGMART,scan,SG Mart Ltd,ACQUISITION,PROMISING
2026-10-10,TIIL,scan,Technocraft Industries (India) Ltd,ACQUISITION,PROMISING
2026-10-10,MOREPENLAB,scan,Morepen Laboratories Ltd,ACQUISITION,PROMISING
2026-10-10,JAYKAY,scan,Jaykay Enterprises Ltd,CAPITAL_RAISE,PROMISING
2026-10-10,VINCOFE,scan,Vintage Coffee And Beverages Ltd,ORDER_WIN,PROMISING
2026-10-10,SOBHA,scan,Sobha Ltd,CAPITAL_RAISE,PROMISING
2026-10-10,RML,scan,Rane (Madras) Ltd,ACQUISITION,PROMISING
2026-10-10,CRIZAC,scan,Crizac Ltd,ACQUISITION,PROMISING
2026-10-10,GENESYS,scan,Genesys International Corporation Ltd,CAPITAL_RAISE,PROMISING
2026-10-10,CCAVENUE,scan,AvenuesAI Ltd,CAPITAL_RAISE,PROMISING
2026-10-10,SHANTIGOLD,scan,Shanti Gold International Ltd,CAPITAL_RAISE,PROMISING
2026-10-10,SIS,scan,SIS Ltd,ACQUISITION,PROMISING
2026-10-10,DIAMONDYD,scan,Prataap Snacks Ltd,ACQUISITION,PROMISING
2026-10-10,STERTOOLS,scan,Sterling Tools Ltd,ACQUISITION+CAPITAL_RAISE,PROMISING
2026-10-10,JKLAKSHMI,scan,JK Lakshmi Cement Ltd,ACQUISITION,PROMISING
2026-10-10,CEINSYS,scan,Ceinsys Tech Ltd,ORDER_WIN,PROMISING
2026-10-10,LEMONTREE,scan,Lemon Tree Hotels Ltd,ORDER_WIN,PROMISING
2026-10-10,JAMNAAUTO,scan,Jamna Auto Industries Ltd,ACQUISITION,PROMISING
2026-10-10,AKUMS,scan,Akums Drugs and Pharmaceuticals Ltd,ACQUISITION,PROMISING
2026-10-10,DATAMATICS,scan,Datamatics Global Services Ltd,ACQUISITION,PROMISING
2026-10-10,ENTERO,scan,Entero Healthcare Solutions Ltd,ACQUISITION,PROMISING
2026-10-10,JLHL,scan,Jupiter Life Line Hospitals Ltd,ACQUISITION,PROMISING
2026-10-10,VESUVIUS,scan,Vesuvius India Ltd,RESTRUCTURING,PROMISING
2026-10-10,SWELECTES,scan,Swelect Energy Systems Ltd,ACQUISITION,PROMISING
2026-10-10,DODLA,scan,Dodla Dairy Ltd,ACQUISITION,PROMISING
2026-10-10,TEXRAIL,scan,Texmaco Rail & Engineering Ltd,ACQUISITION,PROMISING
2026-10-10,ZUARI,scan,Zuari Agro Chemicals Ltd,ORDER_WIN,PROMISING
2026-10-10,KOLTEPATIL,scan,Kolte-Patil Developers Ltd,CAPITAL_RAISE,PROMISING
2026-10-10,SAMHI,scan,Samhi Hotels Ltd,ACQUISITION,PROMISING
2026-10-10,PARKHOSPS,scan,Park Medi World Ltd,ACQUISITION,PROMISING
2026-10-10,SUDARSCHEM,scan,Sudarshan Chemical Industries Ltd,ACQUISITION,PROMISING
2026-10-10,BBOX,scan,Black Box Ltd,ORDER_WIN,PROMISING
2026-10-10,SAREGAMA,scan,Saregama India Ltd,ACQUISITION,PROMISING
2026-10-10,VOGL,scan,Vedanta Oil and Gas Ltd,ORDER_WIN,PROMISING
2026-10-10,NIVABUPA,scan,Niva Bupa Health Insurance Company Ltd,ORDER_WIN,PROMISING
2026-10-10,AURUM,scan,Aurum PropTech Ltd,CAPITAL_RAISE,PROMISING
2026-10-10,UGROCAP,scan,Ugro Capital Ltd,RESTRUCTURING,PROMISING
2026-10-10,HEG,scan,HEG Ltd,RESTRUCTURING,PROMISING
2026-10-10,ATLANTAELE,scan,Atlanta Electricals Ltd,ORDER_WIN,PROMISING
2026-10-10,EFCIL,scan,EFC (I) Ltd,ACQUISITION,PROMISING
2026-10-10,KRSNAA,scan,Krsnaa Diagnostics Ltd,CAPITAL_RAISE,PROMISING
2026-10-10,GOLDIAM,scan,Goldiam International Ltd,ORDER_WIN,PROMISING
2026-10-10,HLEGLAS,scan,HLE Glascoat Ltd,ACQUISITION,PROMISING
2026-10-10,TRIDENT,scan,Trident Ltd,ACQUISITION,PROMISING
2026-10-10,PROTEAN,scan,Protean eGov Technologies Ltd,ORDER_WIN,PROMISING
2026-10-10,GREAVESCOT,scan,Greaves Cotton Ltd,ACQUISITION,PROMISING
2026-10-10,HITECH,scan,Hi-Tech Pipes Ltd,CAPITAL_RAISE,PROMISING
2026-10-10,SETL,scan,Standard Engineering Technology Ltd,ACQUISITION,PROMISING
2026-10-10,CEATLTD,scan,Ceat Ltd,ORDER_WIN,PROMISING
2026-10-10,NITINSPIN,scan,Nitin Spinners Ltd,ACQUISITION,PROMISING
2026-10-10,KIRIINDUS,scan,Kiri Industries Ltd,ACQUISITION,PROMISING
2026-10-10,SENORES,scan,Senores Pharmaceuticals Ltd,CAPITAL_RAISE,PROMISING
2026-10-10,SOMANYCERA,scan,Somany Ceramics Ltd,RESTRUCTURING,PROMISING
2026-10-10,ICRA,scan,ICRA Ltd,ACQUISITION,PROMISING
2026-10-10,SIYSIL,scan,Siyaram Silk Mills Ltd,RESTRUCTURING,PROMISING
2026-10-10,KIRLPNU,scan,Kirloskar Pneumatic Company Ltd,ACQUISITION,PROMISING
2026-10-10,20MICRONS,scan,20 Microns Ltd,ACQUISITION,PROMISING
2026-10-10,JUBLINGREA,scan,Jubilant Ingrevia Ltd,ACQUISITION,PROMISING
2026-10-10,HARIOMPIPE,scan,Hariom Pipe Industries Ltd,CAPITAL_RAISE,PROMISING
2026-10-10,SIRCA,scan,Sirca Paints India Ltd,CAPITAL_RAISE,PROMISING
2026-10-10,DSSL,scan,Dynacons Systems & Solutions Ltd,ORDER_WIN,PROMISING
2026-10-10,ADFFOODS,scan,Adf Foods Ltd,ACQUISITION,PROMISING
2026-10-10,GUFICBIO,scan,Gufic Biosciences Ltd,ACQUISITION,PROMISING
2026-10-10,RAINBOW,scan,Rainbow Children's Medicare Ltd,ACQUISITION,PROMISING
2026-10-10,RPGLIFE,scan,RPG Life Sciences Ltd,ACQUISITION,PROMISING
2026-10-10,LXCHEM,scan,Laxmi Organic Industries Ltd,CAPITAL_RAISE,PROMISING
2026-10-10,RANEHOLDIN,scan,Rane Holdings Ltd,CAPITAL_RAISE,PROMISING
2026-10-10,WAAREERTL,scan,Waaree Renewable Technologies Ltd,ORDER_WIN,PROMISING
2026-10-10,ARIS,scan,ArisInfra Solutions Ltd,ACQUISITION+RESTRUCTURING,PROMISING
2026-10-10,JASH,scan,Jash Engineering Ltd,ORDER_WIN,PROMISING
2026-10-10,TRIVENI,scan,Triveni Engineering & Industries Ltd,ACQUISITION+RESTRUCTURING,PROMISING
2026-10-10,NELCO,scan,Nelco Ltd,ACQUISITION,PROMISING
2026-10-10,PICCADIL,scan,Piccadily Agro Industries Ltd,RESTRUCTURING,PROMISING
2026-10-10,AVANTEL,scan,Avantel Ltd,ORDER_WIN,PROMISING
2026-10-10,HERITGFOOD,scan,Heritage Foods Ltd,ACQUISITION,PROMISING
2026-10-10,TANLA,scan,Tanla Platforms Ltd,ACQUISITION,PROMISING
2026-10-10,SHK,scan,S H Kelkar and Company Ltd,RESTRUCTURING,PROMISING
2026-10-10,ASIANTILES,scan,Asian Granito India Ltd,ACQUISITION,PROMISING
2026-10-10,KIRLOSBROS,scan,Kirloskar Brothers Ltd,ORDER_WIN,PROMISING
2026-10-10,SAMBHV,scan,Sambhv Steel Tubes Ltd,CAPITAL_RAISE,PROMISING
